audit_id,supplier_id,audit_date,standard,clause,finding_type,severity,description,corrective_action_required,corrective_action_description,due_date,closure_date,status
AUD-00001,SPLR-095,8/17/2022,ISO 9001:2015,9.2,Non-conformance,Minor,Supplier evaluation process missing risk assessment steps.,Yes,Conduct training sessions and maintain attendance logs.,9/30/2022,9/28/2022,Closed
AUD-00002,SPLR-065,4/24/2025,IATF 16949,4.2,Non-conformance,Minor,Documented procedure not followed during batch production.,Yes,Update calibration records and schedule preventive calibration.,6/6/2025,6/10/2025,Open
AUD-00003,SPLR-098,1/21/2025,IATF 16949,6.2,Non-conformance,Major,Customer complaint process not well-defined in procedure.,Yes,Document action items and track their closure status.,3/9/2025,2/27/2025,Closed
AUD-00004,SPLR-049,11/28/2023,IATF 16949,5.2,Non-conformance,Major,Inadequate training records for new operators.,Yes,Develop and follow a strict maintenance timetable.,1/3/2024,12/29/2023,Closed
AUD-00005,SPLR-011,12/6/2023,IATF 16949,4.2,Observation,Major,Customer complaint process not well-defined in procedure.,Yes,Expand audit scope and ensure full coverage.,1/12/2024,1/26/2024,Closed
AUD-00006,SPLR-099,3/28/2025,ISO 9001:2015,9.2,Observation,Minor,Lack of evidence for calibration records of measuring equipment.,Yes,Revise and train staff on procedure adherence.,6/8/2025,6/12/2025,Open
AUD-00007,SPLR-021,4/22/2023,ISO 9001:2015,7.1,Observation,Major,Supplier evaluation process missing risk assessment steps.,Yes,Define and communicate complaint handling procedure.,7/1/2023,7/14/2023,Closed
AUD-00008,SPLR-069,3/6/2023,IATF 16949,10.3,Non-conformance,Minor,Lack of evidence for calibration records of measuring equipment.,Yes,Document action items and track their closure status.,5/15/2023,5/15/2023,Closed
AUD-00009,SPLR-099,8/4/2024,IATF 16949,6.3,Non-conformance,Minor,Internal audit scope does not cover all processes.,Yes,Conduct training sessions and maintain attendance logs.,10/16/2024,10/26/2024,Closed
AUD-00010,SPLR-092,3/7/2022,IATF 16949,8.1,Observation,Minor,Supplier evaluation process missing risk assessment steps.,Yes,Update calibration records and schedule preventive calibration.,4/19/2022,5/15/2022,Closed
AUD-00011,SPLR-032,10/19/2024,IATF 16949,10.3,Observation,Major,Customer complaint process not well-defined in procedure.,Yes,Implement formal non-conformance containment measures.,12/4/2024,12/2/2024,Closed
AUD-00012,SPLR-012,4/10/2025,IATF 16949,7.3,Non-conformance,Minor,Inadequate training records for new operators.,Yes,Implement formal non-conformance containment measures.,6/11/2025,7/2/2025,Open
AUD-00013,SPLR-049,11/10/2022,ISO 9001:2015,10.1,Observation,Major,Traceability records incomplete for critical components.,Yes,Document action items and track their closure status.,12/14/2022,12/28/2022,Closed
AUD-00014,SPLR-099,2/7/2025,ISO 9001:2015,9.1,Observation,Minor,Lack of evidence for calibration records of measuring equipment.,Yes,Expand audit scope and ensure full coverage.,4/26/2025,5/3/2025,Closed
AUD-00015,SPLR-065,8/25/2023,IATF 16949,5.3,Non-conformance,Minor,Customer complaint process not well-defined in procedure.,Yes,Revise and train staff on procedure adherence.,11/9/2023,11/15/2023,Closed
AUD-00016,SPLR-001,9/4/2023,ISO 9001:2015,5.1,Observation,Major,Preventive maintenance schedule not adhered to.,Yes,Implement formal non-conformance containment measures.,11/7/2023,11/30/2023,Closed
AUD-00017,SPLR-073,2/9/2022,ISO 9001:2015,6.2,Non-conformance,Minor,Supplier evaluation process missing risk assessment steps.,Yes,Conduct training sessions and maintain attendance logs.,3/14/2022,3/19/2022,Closed
AUD-00018,SPLR-071,9/22/2024,ISO 9001:2015,10.1,Non-conformance,Major,Internal audit scope does not cover all processes.,Yes,Implement formal non-conformance containment measures.,10/30/2024,11/19/2024,Closed
AUD-00019,SPLR-052,12/16/2024,IATF 16949,6.1,Observation,Major,Internal audit scope does not cover all processes.,Yes,Conduct training sessions and maintain attendance logs.,3/1/2025,3/10/2025,Closed
AUD-00020,SPLR-003,11/25/2024,IATF 16949,5.1,Non-conformance,Minor,Inadequate training records for new operators.,Yes,Conduct training sessions and maintain attendance logs.,12/29/2024,1/9/2025,Closed
AUD-00021,SPLR-043,1/15/2022,ISO 9001:2015,9.2,Non-conformance,Minor,Documented procedure not followed during batch production.,Yes,Conduct training sessions and maintain attendance logs.,2/18/2022,2/10/2022,Closed
AUD-00022,SPLR-074,7/25/2023,IATF 16949,6.1,Observation,Minor,Internal audit scope does not cover all processes.,Yes,Implement formal non-conformance containment measures.,10/9/2023,11/4/2023,Closed
AUD-00023,SPLR-046,8/26/2024,IATF 16949,6.1,Observation,Major,Lack of evidence for calibration records of measuring equipment.,Yes,Update calibration records and schedule preventive calibration.,11/6/2024,11/23/2024,Closed
AUD-00024,SPLR-014,8/14/2024,ISO 9001:2015,9.1,Non-conformance,Minor,Lack of evidence for calibration records of measuring equipment.,Yes,Revise and train staff on procedure adherence.,10/8/2024,10/19/2024,Closed
AUD-00025,SPLR-032,1/25/2023,IATF 16949,5.2,Non-conformance,Major,Traceability records incomplete for critical components.,Yes,Implement formal non-conformance containment measures.,3/13/2023,4/1/2023,Closed
AUD-00026,SPLR-022,2/1/2025,ISO 9001:2015,4.1,Observation,Major,Internal audit scope does not cover all processes.,Yes,Revise and train staff on procedure adherence.,3/8/2025,3/13/2025,Closed
AUD-00027,SPLR-001,9/12/2024,ISO 9001:2015,10.2,Observation,Major,Traceability records incomplete for critical components.,Yes,Revise and train staff on procedure adherence.,10/22/2024,11/5/2024,Closed
AUD-00028,SPLR-038,7/20/2024,IATF 16949,8.2,Non-conformance,Minor,Internal audit scope does not cover all processes.,Yes,Define and communicate complaint handling procedure.,8/28/2024,8/30/2024,Closed
AUD-00029,SPLR-062,4/1/2025,ISO 9001:2015,9.2,Non-conformance,Minor,Preventive maintenance schedule not adhered to.,Yes,Revise and train staff on procedure adherence.,5/4/2025,5/31/2025,Open
AUD-00030,SPLR-087,11/6/2024,ISO 9001:2015,10.2,Non-conformance,Major,Control of non-conforming product is not effectively implemented.,Yes,Update calibration records and schedule preventive calibration.,1/13/2025,1/7/2025,Closed
AUD-00031,SPLR-054,9/3/2022,ISO 9001:2015,8.2,Observation,Major,Management review records lack evidence of action tracking.,Yes,Revise and train staff on procedure adherence.,11/11/2022,11/6/2022,Closed
AUD-00032,SPLR-059,2/23/2023,IATF 16949,6.2,Observation,Minor,Supplier evaluation process missing risk assessment steps.,Yes,Enhance traceability documentation for all lot numbers.,4/2/2023,4/11/2023,Closed
AUD-00033,SPLR-028,1/20/2022,IATF 16949,10.2,Observation,Minor,Management review records lack evidence of action tracking.,Yes,Update calibration records and schedule preventive calibration.,2/23/2022,3/19/2022,Closed
AUD-00034,SPLR-070,12/16/2023,ISO 9001:2015,5.2,Observation,Minor,Preventive maintenance schedule not adhered to.,Yes,Integrate risk assessment into supplier evaluation template.,1/25/2024,2/12/2024,Closed
AUD-00035,SPLR-096,2/9/2025,IATF 16949,5.1,Non-conformance,Major,Control of non-conforming product is not effectively implemented.,Yes,Integrate risk assessment into supplier evaluation template.,3/18/2025,3/14/2025,Closed
AUD-00036,SPLR-034,8/1/2023,ISO 9001:2015,9.2,Observation,Major,Preventive maintenance schedule not adhered to.,Yes,Conduct training sessions and maintain attendance logs.,10/13/2023,11/12/2023,Closed
AUD-00037,SPLR-043,4/15/2022,ISO 9001:2015,9.1,Non-conformance,Major,Traceability records incomplete for critical components.,Yes,Integrate risk assessment into supplier evaluation template.,5/17/2022,5/7/2022,Closed
AUD-00038,SPLR-010,11/27/2022,IATF 16949,9.3,Non-conformance,Minor,Traceability records incomplete for critical components.,Yes,Expand audit scope and ensure full coverage.,12/27/2022,12/24/2022,Closed
AUD-00039,SPLR-006,1/27/2024,ISO 9001:2015,7.1,Observation,Minor,Control of non-conforming product is not effectively implemented.,Yes,Revise and train staff on procedure adherence.,3/16/2024,3/29/2024,Closed
AUD-00040,SPLR-031,5/27/2023,ISO 9001:2015,6.2,Non-conformance,Minor,Internal audit scope does not cover all processes.,Yes,Enhance traceability documentation for all lot numbers.,8/4/2023,8/3/2023,Closed
AUD-00041,SPLR-035,4/24/2024,ISO 9001:2015,5.1,Non-conformance,Minor,Preventive maintenance schedule not adhered to.,Yes,Enhance traceability documentation for all lot numbers.,7/14/2024,7/19/2024,Closed
AUD-00042,SPLR-045,2/23/2024,ISO 9001:2015,10.2,Observation,Minor,Customer complaint process not well-defined in procedure.,Yes,Conduct training sessions and maintain attendance logs.,4/5/2024,4/24/2024,Closed
AUD-00043,SPLR-009,4/2/2023,ISO 9001:2015,9.1,Observation,Major,Inadequate training records for new operators.,Yes,Enhance traceability documentation for all lot numbers.,5/23/2023,5/30/2023,Closed
AUD-00044,SPLR-023,11/9/2024,IATF 16949,9.3,Observation,Minor,Preventive maintenance schedule not adhered to.,Yes,Revise and train staff on procedure adherence.,12/16/2024,12/22/2024,Closed
AUD-00045,SPLR-015,8/11/2022,IATF 16949,7.3,Observation,Minor,Preventive maintenance schedule not adhered to.,Yes,Enhance traceability documentation for all lot numbers.,10/18/2022,11/9/2022,Closed
AUD-00046,SPLR-088,6/6/2023,ISO 9001:2015,9.2,Non-conformance,Major,Traceability records incomplete for critical components.,Yes,Revise and train staff on procedure adherence.,8/8/2023,9/1/2023,Closed
AUD-00047,SPLR-093,6/2/2024,ISO 9001:2015,9.1,Observation,Major,Preventive maintenance schedule not adhered to.,Yes,Document action items and track their closure status.,7/22/2024,7/19/2024,Closed
AUD-00048,SPLR-054,4/16/2024,IATF 16949,8.1,Observation,Minor,Supplier evaluation process missing risk assessment steps.,Yes,Expand audit scope and ensure full coverage.,5/24/2024,5/26/2024,Closed
AUD-00049,SPLR-027,3/11/2025,IATF 16949,8.1,Observation,Major,Internal audit scope does not cover all processes.,Yes,Revise and train staff on procedure adherence.,4/29/2025,5/7/2025,Closed
AUD-00050,SPLR-085,8/10/2024,IATF 16949,8.3,Non-conformance,Major,Inadequate training records for new operators.,Yes,Expand audit scope and ensure full coverage.,10/9/2024,10/9/2024,Closed
AUD-00051,SPLR-019,11/21/2024,IATF 16949,4.3,Non-conformance,Minor,Inadequate training records for new operators.,Yes,Integrate risk assessment into supplier evaluation template.,1/4/2025,1/6/2025,Closed
AUD-00052,SPLR-074,5/17/2023,IATF 16949,10.2,Non-conformance,Major,Lack of evidence for calibration records of measuring equipment.,Yes,Define and communicate complaint handling procedure.,7/12/2023,8/11/2023,Closed
AUD-00053,SPLR-100,10/9/2024,IATF 16949,6.2,Observation,Minor,Control of non-conforming product is not effectively implemented.,Yes,Revise and train staff on procedure adherence.,1/4/2025,12/31/2024,Closed
AUD-00054,SPLR-059,12/27/2022,IATF 16949,4.2,Non-conformance,Major,Internal audit scope does not cover all processes.,Yes,Conduct training sessions and maintain attendance logs.,3/25/2023,3/22/2023,Closed
AUD-00055,SPLR-058,12/23/2024,IATF 16949,8.3,Non-conformance,Major,Management review records lack evidence of action tracking.,Yes,Expand audit scope and ensure full coverage.,2/18/2025,3/15/2025,Closed
AUD-00056,SPLR-031,7/10/2024,IATF 16949,6.2,Observation,Major,Supplier evaluation process missing risk assessment steps.,Yes,Expand audit scope and ensure full coverage.,9/9/2024,10/9/2024,Closed
AUD-00057,SPLR-011,6/8/2022,IATF 16949,6.2,Non-conformance,Minor,Supplier evaluation process missing risk assessment steps.,Yes,Develop and follow a strict maintenance timetable.,7/28/2022,8/21/2022,Closed
AUD-00058,SPLR-043,4/19/2023,IATF 16949,5.2,Observation,Major,Inadequate training records for new operators.,Yes,Update calibration records and schedule preventive calibration.,6/14/2023,6/30/2023,Closed
AUD-00059,SPLR-090,5/8/2022,ISO 9001:2015,10.2,Non-conformance,Major,Traceability records incomplete for critical components.,Yes,Enhance traceability documentation for all lot numbers.,8/3/2022,8/30/2022,Closed
AUD-00060,SPLR-069,9/3/2024,ISO 9001:2015,6.2,Non-conformance,Major,Supplier evaluation process missing risk assessment steps.,Yes,Enhance traceability documentation for all lot numbers.,11/26/2024,12/12/2024,Closed
AUD-00061,SPLR-086,3/26/2023,IATF 16949,8.2,Observation,Minor,Customer complaint process not well-defined in procedure.,Yes,Revise and train staff on procedure adherence.,5/19/2023,5/30/2023,Closed
AUD-00062,SPLR-076,8/15/2024,ISO 9001:2015,8.2,Non-conformance,Minor,Internal audit scope does not cover all processes.,Yes,Revise and train staff on procedure adherence.,11/11/2024,11/26/2024,Closed
AUD-00063,SPLR-049,5/27/2024,ISO 9001:2015,10.2,Observation,Minor,Customer complaint process not well-defined in procedure.,Yes,Implement formal non-conformance containment measures.,6/29/2024,7/5/2024,Closed
AUD-00064,SPLR-033,7/20/2024,IATF 16949,7.2,Non-conformance,Major,Traceability records incomplete for critical components.,Yes,Integrate risk assessment into supplier evaluation template.,10/6/2024,10/22/2024,Closed
AUD-00065,SPLR-097,2/9/2022,ISO 9001:2015,6.2,Non-conformance,Minor,Inadequate training records for new operators.,Yes,Update calibration records and schedule preventive calibration.,4/29/2022,4/21/2022,Closed
AUD-00066,SPLR-086,2/13/2023,ISO 9001:2015,8.2,Non-conformance,Minor,Control of non-conforming product is not effectively implemented.,Yes,Conduct training sessions and maintain attendance logs.,3/23/2023,4/12/2023,Closed
AUD-00067,SPLR-100,8/10/2024,IATF 16949,7.3,Non-conformance,Major,Control of non-conforming product is not effectively implemented.,Yes,Document action items and track their closure status.,10/17/2024,10/14/2024,Closed
AUD-00068,SPLR-010,8/10/2022,ISO 9001:2015,6.1,Non-conformance,Minor,Management review records lack evidence of action tracking.,Yes,Enhance traceability documentation for all lot numbers.,10/4/2022,10/6/2022,Closed
AUD-00069,SPLR-055,9/10/2023,ISO 9001:2015,10.1,Observation,Minor,Management review records lack evidence of action tracking.,Yes,Revise and train staff on procedure adherence.,11/1/2023,11/25/2023,Closed
AUD-00070,SPLR-047,11/2/2024,IATF 16949,4.1,Observation,Minor,Traceability records incomplete for critical components.,Yes,Define and communicate complaint handling procedure.,12/8/2024,12/25/2024,Closed
AUD-00071,SPLR-100,6/10/2024,ISO 9001:2015,9.2,Observation,Major,Internal audit scope does not cover all processes.,Yes,Integrate risk assessment into supplier evaluation template.,8/18/2024,9/11/2024,Closed
AUD-00072,SPLR-032,6/11/2024,IATF 16949,7.2,Observation,Major,Inadequate training records for new operators.,Yes,Update calibration records and schedule preventive calibration.,7/28/2024,8/15/2024,Closed
AUD-00073,SPLR-046,11/20/2023,ISO 9001:2015,7.2,Observation,Major,Preventive maintenance schedule not adhered to.,Yes,Implement formal non-conformance containment measures.,1/20/2024,1/23/2024,Closed
AUD-00074,SPLR-011,7/27/2023,IATF 16949,9.3,Non-conformance,Major,Documented procedure not followed during batch production.,Yes,Expand audit scope and ensure full coverage.,10/25/2023,10/27/2023,Closed
AUD-00075,SPLR-012,9/27/2024,ISO 9001:2015,9.2,Observation,Minor,Customer complaint process not well-defined in procedure.,Yes,Define and communicate complaint handling procedure.,11/24/2024,11/15/2024,Closed
AUD-00076,SPLR-068,4/8/2024,ISO 9001:2015,6.1,Observation,Major,Management review records lack evidence of action tracking.,Yes,Develop and follow a strict maintenance timetable.,6/7/2024,7/2/2024,Closed
AUD-00077,SPLR-030,2/1/2025,IATF 16949,7.3,Non-conformance,Minor,Customer complaint process not well-defined in procedure.,Yes,Integrate risk assessment into supplier evaluation template.,3/22/2025,3/28/2025,Closed
AUD-00078,SPLR-095,10/9/2023,ISO 9001:2015,9.2,Observation,Major,Internal audit scope does not cover all processes.,Yes,Implement formal non-conformance containment measures.,11/20/2023,11/23/2023,Closed
AUD-00079,SPLR-023,4/22/2025,IATF 16949,5.1,Observation,Minor,Inadequate training records for new operators.,Yes,Integrate risk assessment into supplier evaluation template.,6/5/2025,6/18/2025,Open
AUD-00080,SPLR-090,12/29/2024,ISO 9001:2015,6.1,Non-conformance,Major,Documented procedure not followed during batch production.,Yes,Revise and train staff on procedure adherence.,3/4/2025,3/12/2025,Closed
AUD-00081,SPLR-044,7/30/2022,ISO 9001:2015,8.2,Non-conformance,Minor,Supplier evaluation process missing risk assessment steps.,Yes,Define and communicate complaint handling procedure.,9/28/2022,10/16/2022,Closed
AUD-00082,SPLR-074,6/2/2023,IATF 16949,5.1,Non-conformance,Minor,Lack of evidence for calibration records of measuring equipment.,Yes,Enhance traceability documentation for all lot numbers.,8/2/2023,7/27/2023,Closed
AUD-00083,SPLR-078,11/2/2022,IATF 16949,4.3,Non-conformance,Major,Inadequate training records for new operators.,Yes,Update calibration records and schedule preventive calibration.,1/6/2023,1/22/2023,Closed
AUD-00084,SPLR-080,7/11/2024,IATF 16949,7.1,Non-conformance,Minor,Management review records lack evidence of action tracking.,Yes,Enhance traceability documentation for all lot numbers.,8/29/2024,9/24/2024,Closed
AUD-00085,SPLR-071,3/2/2023,ISO 9001:2015,6.1,Non-conformance,Minor,Lack of evidence for calibration records of measuring equipment.,Yes,Implement formal non-conformance containment measures.,4/16/2023,4/17/2023,Closed
AUD-00086,SPLR-030,1/6/2022,IATF 16949,8.3,Observation,Major,Management review records lack evidence of action tracking.,Yes,Define and communicate complaint handling procedure.,2/23/2022,2/15/2022,Closed
AUD-00087,SPLR-076,7/18/2024,ISO 9001:2015,9.1,Non-conformance,Major,Inadequate training records for new operators.,Yes,Integrate risk assessment into supplier evaluation template.,10/6/2024,11/5/2024,Closed
AUD-00088,SPLR-010,8/24/2022,ISO 9001:2015,9.1,Non-conformance,Minor,Control of non-conforming product is not effectively implemented.,Yes,Integrate risk assessment into supplier evaluation template.,11/14/2022,11/13/2022,Closed
AUD-00089,SPLR-090,9/22/2023,IATF 16949,8.3,Observation,Major,Lack of evidence for calibration records of measuring equipment.,Yes,Define and communicate complaint handling procedure.,12/5/2023,12/14/2023,Closed
AUD-00090,SPLR-095,10/21/2024,IATF 16949,8.3,Observation,Major,Lack of evidence for calibration records of measuring equipment.,Yes,Document action items and track their closure status.,11/22/2024,12/9/2024,Closed
AUD-00091,SPLR-098,2/22/2022,ISO 9001:2015,5.2,Observation,Minor,Management review records lack evidence of action tracking.,Yes,Document action items and track their closure status.,5/23/2022,5/14/2022,Closed
AUD-00092,SPLR-056,12/25/2022,IATF 16949,9.2,Observation,Minor,Customer complaint process not well-defined in procedure.,Yes,Integrate risk assessment into supplier evaluation template.,2/4/2023,3/3/2023,Closed
AUD-00093,SPLR-021,8/20/2024,IATF 16949,8.2,Observation,Major,Preventive maintenance schedule not adhered to.,Yes,Develop and follow a strict maintenance timetable.,10/31/2024,10/27/2024,Closed
AUD-00094,SPLR-041,10/11/2024,IATF 16949,8.1,Observation,Major,Internal audit scope does not cover all processes.,Yes,Revise and train staff on procedure adherence.,12/9/2024,12/4/2024,Closed
AUD-00095,SPLR-007,8/26/2022,IATF 16949,9.2,Non-conformance,Major,Documented procedure not followed during batch production.,Yes,Expand audit scope and ensure full coverage.,10/24/2022,11/9/2022,Closed
AUD-00096,SPLR-037,10/17/2024,IATF 16949,4.2,Observation,Major,Inadequate training records for new operators.,Yes,Integrate risk assessment into supplier evaluation template.,12/21/2024,12/19/2024,Closed
AUD-00097,SPLR-040,9/6/2022,ISO 9001:2015,9.1,Non-conformance,Major,Management review records lack evidence of action tracking.,Yes,Conduct training sessions and maintain attendance logs.,11/20/2022,11/20/2022,Closed
AUD-00098,SPLR-083,7/10/2022,ISO 9001:2015,10.2,Non-conformance,Major,Lack of evidence for calibration records of measuring equipment.,Yes,Define and communicate complaint handling procedure.,10/8/2022,10/5/2022,Closed
AUD-00099,SPLR-071,8/21/2023,IATF 16949,8.2,Non-conformance,Major,Customer complaint process not well-defined in procedure.,Yes,Define and communicate complaint handling procedure.,10/5/2023,10/24/2023,Closed
AUD-00100,SPLR-044,1/26/2023,ISO 9001:2015,10.2,Observation,Minor,Lack of evidence for calibration records of measuring equipment.,Yes,Integrate risk assessment into supplier evaluation template.,4/15/2023,5/1/2023,Closed
AUD-00101,SPLR-058,8/3/2023,IATF 16949,10.1,Observation,Major,Management review records lack evidence of action tracking.,Yes,Define and communicate complaint handling procedure.,10/27/2023,10/26/2023,Closed
AUD-00102,SPLR-074,11/12/2023,IATF 16949,8.3,Observation,Minor,Preventive maintenance schedule not adhered to.,Yes,Conduct training sessions and maintain attendance logs.,1/25/2024,1/30/2024,Closed
AUD-00103,SPLR-064,4/21/2024,ISO 9001:2015,6.2,Non-conformance,Minor,Customer complaint process not well-defined in procedure.,Yes,Enhance traceability documentation for all lot numbers.,6/14/2024,6/13/2024,Closed
AUD-00104,SPLR-002,10/25/2024,IATF 16949,5.1,Non-conformance,Major,Customer complaint process not well-defined in procedure.,Yes,Update calibration records and schedule preventive calibration.,12/27/2024,1/15/2025,Closed
AUD-00105,SPLR-084,11/13/2022,ISO 9001:2015,7.2,Non-conformance,Major,Supplier evaluation process missing risk assessment steps.,Yes,Develop and follow a strict maintenance timetable.,1/21/2023,2/5/2023,Closed
AUD-00106,SPLR-009,12/28/2024,IATF 16949,7.2,Non-conformance,Major,Customer complaint process not well-defined in procedure.,Yes,Expand audit scope and ensure full coverage.,1/29/2025,2/27/2025,Closed
AUD-00107,SPLR-089,4/11/2023,ISO 9001:2015,7.1,Observation,Minor,Lack of evidence for calibration records of measuring equipment.,Yes,Update calibration records and schedule preventive calibration.,6/8/2023,6/8/2023,Closed
AUD-00108,SPLR-019,4/5/2022,IATF 16949,4.2,Non-conformance,Major,Supplier evaluation process missing risk assessment steps.,Yes,Develop and follow a strict maintenance timetable.,5/28/2022,6/14/2022,Closed
AUD-00109,SPLR-080,3/5/2025,ISO 9001:2015,5.1,Non-conformance,Major,Control of non-conforming product is not effectively implemented.,Yes,Update calibration records and schedule preventive calibration.,5/13/2025,5/27/2025,Open
AUD-00110,SPLR-086,4/9/2025,ISO 9001:2015,5.2,Non-conformance,Major,Customer complaint process not well-defined in procedure.,Yes,Integrate risk assessment into supplier evaluation template.,6/7/2025,6/13/2025,Open
AUD-00111,SPLR-082,8/13/2023,ISO 9001:2015,4.2,Observation,Major,Customer complaint process not well-defined in procedure.,Yes,Develop and follow a strict maintenance timetable.,10/19/2023,10/28/2023,Closed
AUD-00112,SPLR-049,7/24/2024,IATF 16949,6.1,Observation,Major,Traceability records incomplete for critical components.,Yes,Define and communicate complaint handling procedure.,8/29/2024,9/3/2024,Closed
AUD-00113,SPLR-088,8/28/2023,ISO 9001:2015,10.2,Non-conformance,Major,Traceability records incomplete for critical components.,Yes,Integrate risk assessment into supplier evaluation template.,9/27/2023,10/23/2023,Closed
AUD-00114,SPLR-080,8/10/2023,ISO 9001:2015,8.2,Observation,Minor,Preventive maintenance schedule not adhered to.,Yes,Conduct training sessions and maintain attendance logs.,10/19/2023,10/21/2023,Closed
AUD-00115,SPLR-094,7/18/2022,ISO 9001:2015,6.1,Non-conformance,Minor,Customer complaint process not well-defined in procedure.,Yes,Revise and train staff on procedure adherence.,9/23/2022,10/6/2022,Closed
AUD-00116,SPLR-047,8/28/2023,IATF 16949,8.2,Observation,Minor,Control of non-conforming product is not effectively implemented.,Yes,Conduct training sessions and maintain attendance logs.,10/5/2023,10/29/2023,Closed
AUD-00117,SPLR-019,6/11/2023,IATF 16949,7.1,Non-conformance,Major,Preventive maintenance schedule not adhered to.,Yes,Update calibration records and schedule preventive calibration.,8/9/2023,8/3/2023,Closed
AUD-00118,SPLR-016,2/15/2025,IATF 16949,4.3,Observation,Major,Traceability records incomplete for critical components.,Yes,Revise and train staff on procedure adherence.,4/2/2025,4/26/2025,Closed
AUD-00119,SPLR-061,6/21/2023,IATF 16949,10.3,Non-conformance,Major,Preventive maintenance schedule not adhered to.,Yes,Update calibration records and schedule preventive calibration.,9/2/2023,9/6/2023,Closed
AUD-00120,SPLR-015,3/30/2023,ISO 9001:2015,9.1,Non-conformance,Minor,Customer complaint process not well-defined in procedure.,Yes,Integrate risk assessment into supplier evaluation template.,6/9/2023,6/25/2023,Closed
AUD-00121,SPLR-018,3/18/2022,IATF 16949,9.1,Observation,Major,Lack of evidence for calibration records of measuring equipment.,Yes,Update calibration records and schedule preventive calibration.,5/2/2022,5/26/2022,Closed
AUD-00122,SPLR-063,1/30/2024,IATF 16949,10.1,Observation,Major,Control of non-conforming product is not effectively implemented.,Yes,Enhance traceability documentation for all lot numbers.,4/10/2024,4/6/2024,Closed
AUD-00123,SPLR-047,3/9/2022,IATF 16949,6.1,Non-conformance,Major,Customer complaint process not well-defined in procedure.,Yes,Define and communicate complaint handling procedure.,6/7/2022,6/12/2022,Closed
AUD-00124,SPLR-059,1/20/2025,IATF 16949,4.2,Non-conformance,Minor,Traceability records incomplete for critical components.,Yes,Integrate risk assessment into supplier evaluation template.,3/3/2025,2/28/2025,Closed
AUD-00125,SPLR-027,2/13/2022,ISO 9001:2015,10.1,Non-conformance,Minor,Preventive maintenance schedule not adhered to.,Yes,Conduct training sessions and maintain attendance logs.,3/23/2022,4/18/2022,Closed
AUD-00126,SPLR-077,4/15/2025,ISO 9001:2015,10.2,Non-conformance,Major,Inadequate training records for new operators.,Yes,Develop and follow a strict maintenance timetable.,7/3/2025,7/2/2025,Open
AUD-00127,SPLR-017,10/24/2022,ISO 9001:2015,8.1,Non-conformance,Major,Supplier evaluation process missing risk assessment steps.,Yes,Implement formal non-conformance containment measures.,11/30/2022,11/21/2022,Closed
AUD-00128,SPLR-095,5/3/2023,IATF 16949,4.1,Observation,Minor,Control of non-conforming product is not effectively implemented.,Yes,Integrate risk assessment into supplier evaluation template.,6/5/2023,6/3/2023,Closed
AUD-00129,SPLR-058,5/11/2022,IATF 16949,8.3,Non-conformance,Minor,Preventive maintenance schedule not adhered to.,Yes,Expand audit scope and ensure full coverage.,7/17/2022,7/13/2022,Closed
AUD-00130,SPLR-055,12/3/2024,IATF 16949,8.3,Non-conformance,Major,Documented procedure not followed during batch production.,Yes,Revise and train staff on procedure adherence.,2/1/2025,2/16/2025,Closed
AUD-00131,SPLR-017,6/27/2024,ISO 9001:2015,4.2,Observation,Major,Preventive maintenance schedule not adhered to.,Yes,Document action items and track their closure status.,8/5/2024,7/30/2024,Closed
AUD-00132,SPLR-090,2/20/2024,IATF 16949,8.3,Non-conformance,Minor,Internal audit scope does not cover all processes.,Yes,Document action items and track their closure status.,4/17/2024,4/13/2024,Closed
AUD-00133,SPLR-052,5/30/2024,IATF 16949,6.2,Observation,Minor,Traceability records incomplete for critical components.,Yes,Develop and follow a strict maintenance timetable.,8/20/2024,9/8/2024,Closed
AUD-00134,SPLR-009,10/3/2023,IATF 16949,7.2,Non-conformance,Minor,Supplier evaluation process missing risk assessment steps.,Yes,Develop and follow a strict maintenance timetable.,11/11/2023,12/1/2023,Closed
AUD-00135,SPLR-076,7/10/2022,IATF 16949,5.1,Observation,Minor,Preventive maintenance schedule not adhered to.,Yes,Implement formal non-conformance containment measures.,9/13/2022,9/6/2022,Closed
AUD-00136,SPLR-046,4/21/2024,IATF 16949,8.2,Non-conformance,Minor,Documented procedure not followed during batch production.,Yes,Integrate risk assessment into supplier evaluation template.,6/28/2024,7/7/2024,Closed
AUD-00137,SPLR-048,11/13/2022,IATF 16949,6.2,Non-conformance,Major,Lack of evidence for calibration records of measuring equipment.,Yes,Develop and follow a strict maintenance timetable.,2/5/2023,3/2/2023,Closed
AUD-00138,SPLR-079,3/21/2025,ISO 9001:2015,10.1,Non-conformance,Major,Traceability records incomplete for critical components.,Yes,Expand audit scope and ensure full coverage.,6/8/2025,7/7/2025,Open
AUD-00139,SPLR-024,3/1/2022,ISO 9001:2015,6.1,Non-conformance,Major,Supplier evaluation process missing risk assessment steps.,Yes,Develop and follow a strict maintenance timetable.,4/22/2022,4/12/2022,Closed
AUD-00140,SPLR-028,5/23/2022,ISO 9001:2015,9.2,Observation,Major,Documented procedure not followed during batch production.,Yes,Update calibration records and schedule preventive calibration.,8/8/2022,8/31/2022,Closed
AUD-00141,SPLR-100,7/18/2024,IATF 16949,5.3,Non-conformance,Minor,Preventive maintenance schedule not adhered to.,Yes,Integrate risk assessment into supplier evaluation template.,10/2/2024,10/12/2024,Closed
AUD-00142,SPLR-035,11/15/2022,ISO 9001:2015,10.1,Observation,Major,Management review records lack evidence of action tracking.,Yes,Revise and train staff on procedure adherence.,1/27/2023,1/22/2023,Closed
AUD-00143,SPLR-015,9/21/2024,IATF 16949,8.2,Observation,Major,Supplier evaluation process missing risk assessment steps.,Yes,Conduct training sessions and maintain attendance logs.,12/8/2024,12/30/2024,Closed
AUD-00144,SPLR-006,8/16/2022,IATF 16949,10.1,Non-conformance,Major,Customer complaint process not well-defined in procedure.,Yes,Expand audit scope and ensure full coverage.,10/27/2022,11/5/2022,Closed
AUD-00145,SPLR-098,4/23/2022,ISO 9001:2015,5.2,Observation,Major,Supplier evaluation process missing risk assessment steps.,Yes,Conduct training sessions and maintain attendance logs.,7/11/2022,7/9/2022,Closed
AUD-00146,SPLR-049,11/3/2023,ISO 9001:2015,4.1,Non-conformance,Major,Customer complaint process not well-defined in procedure.,Yes,Enhance traceability documentation for all lot numbers.,12/14/2023,12/12/2023,Closed
AUD-00147,SPLR-041,5/28/2022,IATF 16949,4.2,Observation,Major,Traceability records incomplete for critical components.,Yes,Revise and train staff on procedure adherence.,7/26/2022,7/20/2022,Closed
AUD-00148,SPLR-080,5/5/2024,IATF 16949,5.1,Observation,Major,Traceability records incomplete for critical components.,Yes,Revise and train staff on procedure adherence.,6/24/2024,6/24/2024,Closed
AUD-00149,SPLR-068,6/30/2022,IATF 16949,5.1,Non-conformance,Major,Inadequate training records for new operators.,Yes,Enhance traceability documentation for all lot numbers.,9/5/2022,9/20/2022,Closed
AUD-00150,SPLR-082,9/28/2023,IATF 16949,6.2,Non-conformance,Minor,Preventive maintenance schedule not adhered to.,Yes,Implement formal non-conformance containment measures.,11/1/2023,11/23/2023,Closed
AUD-00151,SPLR-033,12/17/2023,IATF 16949,10.3,Non-conformance,Minor,Control of non-conforming product is not effectively implemented.,Yes,Conduct training sessions and maintain attendance logs.,1/22/2024,1/21/2024,Closed
AUD-00152,SPLR-098,11/10/2022,ISO 9001:2015,5.1,Observation,Major,Customer complaint process not well-defined in procedure.,Yes,Define and communicate complaint handling procedure.,1/27/2023,2/22/2023,Closed
AUD-00153,SPLR-039,10/10/2023,ISO 9001:2015,7.2,Observation,Minor,Lack of evidence for calibration records of measuring equipment.,Yes,Define and communicate complaint handling procedure.,12/7/2023,1/6/2024,Closed
AUD-00154,SPLR-048,12/22/2023,ISO 9001:2015,6.1,Observation,Minor,Customer complaint process not well-defined in procedure.,Yes,Define and communicate complaint handling procedure.,1/23/2024,1/16/2024,Closed
AUD-00155,SPLR-058,7/4/2022,IATF 16949,8.3,Non-conformance,Major,Management review records lack evidence of action tracking.,Yes,Expand audit scope and ensure full coverage.,9/22/2022,9/14/2022,Closed
AUD-00156,SPLR-092,9/1/2024,ISO 9001:2015,4.1,Non-conformance,Minor,Customer complaint process not well-defined in procedure.,Yes,Update calibration records and schedule preventive calibration.,11/21/2024,12/2/2024,Closed
AUD-00157,SPLR-079,3/22/2022,ISO 9001:2015,9.2,Non-conformance,Major,Customer complaint process not well-defined in procedure.,Yes,Define and communicate complaint handling procedure.,5/24/2022,6/16/2022,Closed
AUD-00158,SPLR-007,2/3/2024,IATF 16949,8.1,Observation,Minor,Traceability records incomplete for critical components.,Yes,Develop and follow a strict maintenance timetable.,4/16/2024,5/14/2024,Closed
AUD-00159,SPLR-020,11/7/2023,ISO 9001:2015,8.1,Observation,Minor,Traceability records incomplete for critical components.,Yes,Integrate risk assessment into supplier evaluation template.,12/23/2023,1/20/2024,Closed
AUD-00160,SPLR-091,4/8/2025,ISO 9001:2015,6.2,Non-conformance,Major,Supplier evaluation process missing risk assessment steps.,Yes,Enhance traceability documentation for all lot numbers.,5/16/2025,6/13/2025,Open
AUD-00161,SPLR-012,2/18/2025,IATF 16949,10.3,Observation,Major,Preventive maintenance schedule not adhered to.,Yes,Implement formal non-conformance containment measures.,5/1/2025,5/24/2025,Open
AUD-00162,SPLR-025,2/7/2022,IATF 16949,7.1,Non-conformance,Minor,Control of non-conforming product is not effectively implemented.,Yes,Conduct training sessions and maintain attendance logs.,3/30/2022,4/20/2022,Closed
AUD-00163,SPLR-095,11/14/2022,ISO 9001:2015,6.1,Non-conformance,Major,Lack of evidence for calibration records of measuring equipment.,Yes,Expand audit scope and ensure full coverage.,2/1/2023,2/25/2023,Closed
AUD-00164,SPLR-022,9/26/2022,IATF 16949,5.2,Observation,Minor,Control of non-conforming product is not effectively implemented.,Yes,Implement formal non-conformance containment measures.,12/18/2022,1/16/2023,Closed
AUD-00165,SPLR-030,4/21/2024,IATF 16949,6.2,Non-conformance,Major,Customer complaint process not well-defined in procedure.,Yes,Document action items and track their closure status.,6/8/2024,6/26/2024,Closed
AUD-00166,SPLR-100,8/18/2024,ISO 9001:2015,6.2,Observation,Major,Management review records lack evidence of action tracking.,Yes,Define and communicate complaint handling procedure.,10/16/2024,10/24/2024,Closed
AUD-00167,SPLR-007,11/28/2022,ISO 9001:2015,10.1,Observation,Major,Management review records lack evidence of action tracking.,Yes,Implement formal non-conformance containment measures.,2/21/2023,2/27/2023,Closed
AUD-00168,SPLR-098,2/9/2025,ISO 9001:2015,9.2,Non-conformance,Major,Internal audit scope does not cover all processes.,Yes,Update calibration records and schedule preventive calibration.,3/29/2025,3/24/2025,Closed
AUD-00169,SPLR-058,7/9/2024,ISO 9001:2015,10.2,Observation,Minor,Traceability records incomplete for critical components.,Yes,Update calibration records and schedule preventive calibration.,10/7/2024,10/11/2024,Closed
AUD-00170,SPLR-011,4/29/2024,ISO 9001:2015,7.1,Observation,Minor,Internal audit scope does not cover all processes.,Yes,Develop and follow a strict maintenance timetable.,6/13/2024,6/27/2024,Closed
AUD-00171,SPLR-037,2/27/2022,IATF 16949,5.1,Observation,Minor,Preventive maintenance schedule not adhered to.,Yes,Implement formal non-conformance containment measures.,4/6/2022,3/29/2022,Closed
AUD-00172,SPLR-028,8/18/2024,IATF 16949,10.2,Non-conformance,Major,Documented procedure not followed during batch production.,Yes,Update calibration records and schedule preventive calibration.,9/18/2024,9/24/2024,Closed
AUD-00173,SPLR-054,8/16/2022,IATF 16949,6.2,Observation,Minor,Supplier evaluation process missing risk assessment steps.,Yes,Update calibration records and schedule preventive calibration.,9/18/2022,9/23/2022,Closed
AUD-00174,SPLR-074,8/16/2022,IATF 16949,10.2,Non-conformance,Minor,Internal audit scope does not cover all processes.,Yes,Revise and train staff on procedure adherence.,10/25/2022,11/16/2022,Closed
AUD-00175,SPLR-054,8/20/2023,IATF 16949,4.1,Non-conformance,Minor,Management review records lack evidence of action tracking.,Yes,Develop and follow a strict maintenance timetable.,10/4/2023,10/30/2023,Closed
AUD-00176,SPLR-071,12/8/2024,IATF 16949,4.3,Non-conformance,Major,Internal audit scope does not cover all processes.,Yes,Expand audit scope and ensure full coverage.,2/8/2025,3/2/2025,Closed
AUD-00177,SPLR-046,8/20/2024,ISO 9001:2015,9.1,Non-conformance,Major,Traceability records incomplete for critical components.,Yes,Develop and follow a strict maintenance timetable.,10/5/2024,9/26/2024,Closed
AUD-00178,SPLR-046,5/9/2023,ISO 9001:2015,10.1,Observation,Minor,Management review records lack evidence of action tracking.,Yes,Develop and follow a strict maintenance timetable.,6/16/2023,6/8/2023,Closed
AUD-00179,SPLR-005,8/9/2024,IATF 16949,10.3,Observation,Minor,Control of non-conforming product is not effectively implemented.,Yes,Implement formal non-conformance containment measures.,9/12/2024,10/1/2024,Closed
AUD-00180,SPLR-070,3/31/2022,ISO 9001:2015,4.1,Observation,Major,Preventive maintenance schedule not adhered to.,Yes,Integrate risk assessment into supplier evaluation template.,6/1/2022,6/16/2022,Closed
AUD-00181,SPLR-035,3/16/2022,ISO 9001:2015,6.1,Non-conformance,Major,Preventive maintenance schedule not adhered to.,Yes,Revise and train staff on procedure adherence.,6/9/2022,6/20/2022,Closed
AUD-00182,SPLR-089,6/13/2024,IATF 16949,8.3,Observation,Major,Traceability records incomplete for critical components.,Yes,Develop and follow a strict maintenance timetable.,7/24/2024,8/14/2024,Closed
AUD-00183,SPLR-024,11/29/2024,IATF 16949,4.3,Observation,Major,Traceability records incomplete for critical components.,Yes,Update calibration records and schedule preventive calibration.,1/25/2025,2/22/2025,Closed
AUD-00184,SPLR-092,7/30/2022,ISO 9001:2015,6.2,Observation,Minor,Supplier evaluation process missing risk assessment steps.,Yes,Integrate risk assessment into supplier evaluation template.,9/26/2022,10/24/2022,Closed
AUD-00185,SPLR-036,6/28/2024,IATF 16949,8.3,Non-conformance,Minor,Documented procedure not followed during batch production.,Yes,Develop and follow a strict maintenance timetable.,9/5/2024,9/22/2024,Closed
AUD-00186,SPLR-087,4/11/2024,IATF 16949,9.2,Observation,Minor,Control of non-conforming product is not effectively implemented.,Yes,Revise and train staff on procedure adherence.,5/20/2024,6/17/2024,Closed
AUD-00187,SPLR-005,9/16/2022,ISO 9001:2015,5.2,Non-conformance,Major,Preventive maintenance schedule not adhered to.,Yes,Develop and follow a strict maintenance timetable.,11/9/2022,12/5/2022,Closed
AUD-00188,SPLR-047,1/30/2024,IATF 16949,8.3,Observation,Major,Lack of evidence for calibration records of measuring equipment.,Yes,Document action items and track their closure status.,3/8/2024,3/31/2024,Closed
AUD-00189,SPLR-050,7/25/2023,ISO 9001:2015,4.2,Non-conformance,Major,Documented procedure not followed during batch production.,Yes,Implement formal non-conformance containment measures.,9/24/2023,10/17/2023,Closed
AUD-00190,SPLR-026,6/18/2023,IATF 16949,6.1,Non-conformance,Minor,Management review records lack evidence of action tracking.,Yes,Integrate risk assessment into supplier evaluation template.,8/31/2023,9/21/2023,Closed
AUD-00191,SPLR-086,6/1/2022,IATF 16949,5.3,Observation,Minor,Customer complaint process not well-defined in procedure.,Yes,Update calibration records and schedule preventive calibration.,8/21/2022,8/31/2022,Closed
AUD-00192,SPLR-066,1/31/2025,IATF 16949,7.1,Non-conformance,Minor,Control of non-conforming product is not effectively implemented.,Yes,Implement formal non-conformance containment measures.,4/21/2025,5/4/2025,Closed
AUD-00193,SPLR-074,2/16/2023,ISO 9001:2015,5.2,Observation,Major,Customer complaint process not well-defined in procedure.,Yes,Revise and train staff on procedure adherence.,4/10/2023,5/5/2023,Closed
AUD-00194,SPLR-092,2/3/2025,ISO 9001:2015,8.2,Observation,Major,Lack of evidence for calibration records of measuring equipment.,Yes,Update calibration records and schedule preventive calibration.,3/24/2025,4/8/2025,Closed
AUD-00195,SPLR-088,4/18/2024,ISO 9001:2015,5.1,Observation,Minor,Preventive maintenance schedule not adhered to.,Yes,Update calibration records and schedule preventive calibration.,6/15/2024,7/4/2024,Closed
AUD-00196,SPLR-016,2/3/2025,ISO 9001:2015,10.1,Non-conformance,Major,Control of non-conforming product is not effectively implemented.,Yes,Enhance traceability documentation for all lot numbers.,4/6/2025,3/30/2025,Closed
AUD-00197,SPLR-037,12/4/2022,ISO 9001:2015,6.2,Non-conformance,Major,Inadequate training records for new operators.,Yes,Develop and follow a strict maintenance timetable.,3/4/2023,3/27/2023,Closed
AUD-00198,SPLR-065,2/7/2023,IATF 16949,5.2,Non-conformance,Minor,Supplier evaluation process missing risk assessment steps.,Yes,Document action items and track their closure status.,4/12/2023,4/7/2023,Closed
AUD-00199,SPLR-083,12/17/2022,IATF 16949,10.1,Observation,Minor,Documented procedure not followed during batch production.,Yes,Revise and train staff on procedure adherence.,1/21/2023,1/13/2023,Closed
AUD-00200,SPLR-070,3/17/2025,IATF 16949,10.2,Observation,Major,Documented procedure not followed during batch production.,Yes,Define and communicate complaint handling procedure.,6/11/2025,7/11/2025,Open
AUD-00201,SPLR-089,9/16/2024,ISO 9001:2015,10.1,Non-conformance,Minor,Traceability records incomplete for critical components.,Yes,Integrate risk assessment into supplier evaluation template.,11/14/2024,11/8/2024,Closed
AUD-00202,SPLR-019,6/19/2024,IATF 16949,9.1,Observation,Major,Customer complaint process not well-defined in procedure.,Yes,Conduct training sessions and maintain attendance logs.,8/9/2024,9/6/2024,Closed
AUD-00203,SPLR-041,12/9/2023,IATF 16949,5.2,Non-conformance,Major,Preventive maintenance schedule not adhered to.,Yes,Expand audit scope and ensure full coverage.,2/12/2024,2/8/2024,Closed
AUD-00204,SPLR-038,9/8/2022,IATF 16949,8.3,Observation,Major,Inadequate training records for new operators.,Yes,Implement formal non-conformance containment measures.,10/14/2022,10/7/2022,Closed
AUD-00205,SPLR-025,5/24/2023,ISO 9001:2015,10.2,Non-conformance,Major,Preventive maintenance schedule not adhered to.,Yes,Document action items and track their closure status.,8/8/2023,8/18/2023,Closed
AUD-00206,SPLR-051,11/20/2024,IATF 16949,9.1,Observation,Minor,Supplier evaluation process missing risk assessment steps.,Yes,Define and communicate complaint handling procedure.,12/21/2024,12/16/2024,Closed
AUD-00207,SPLR-084,3/17/2023,IATF 16949,4.2,Observation,Major,Documented procedure not followed during batch production.,Yes,Integrate risk assessment into supplier evaluation template.,5/17/2023,6/14/2023,Closed
AUD-00208,SPLR-094,1/4/2025,ISO 9001:2015,10.2,Observation,Major,Lack of evidence for calibration records of measuring equipment.,Yes,Enhance traceability documentation for all lot numbers.,2/11/2025,2/17/2025,Closed
AUD-00209,SPLR-047,1/20/2024,ISO 9001:2015,7.1,Observation,Minor,Documented procedure not followed during batch production.,Yes,Document action items and track their closure status.,3/25/2024,3/27/2024,Closed
AUD-00210,SPLR-016,3/2/2024,IATF 16949,9.3,Non-conformance,Minor,Supplier evaluation process missing risk assessment steps.,Yes,Document action items and track their closure status.,5/14/2024,6/12/2024,Closed
AUD-00211,SPLR-026,3/17/2024,IATF 16949,7.2,Observation,Minor,Internal audit scope does not cover all processes.,Yes,Develop and follow a strict maintenance timetable.,6/3/2024,6/2/2024,Closed
AUD-00212,SPLR-020,4/3/2022,ISO 9001:2015,5.1,Non-conformance,Major,Preventive maintenance schedule not adhered to.,Yes,Define and communicate complaint handling procedure.,6/5/2022,6/24/2022,Closed
AUD-00213,SPLR-065,10/15/2023,ISO 9001:2015,7.1,Observation,Major,Management review records lack evidence of action tracking.,Yes,Integrate risk assessment into supplier evaluation template.,12/21/2023,1/1/2024,Closed
AUD-00214,SPLR-040,8/30/2024,ISO 9001:2015,6.2,Non-conformance,Major,Preventive maintenance schedule not adhered to.,Yes,Update calibration records and schedule preventive calibration.,10/25/2024,11/21/2024,Closed
AUD-00215,SPLR-068,6/28/2023,ISO 9001:2015,9.2,Observation,Minor,Documented procedure not followed during batch production.,Yes,Document action items and track their closure status.,8/27/2023,8/27/2023,Closed
AUD-00216,SPLR-041,5/12/2023,ISO 9001:2015,8.2,Observation,Minor,Lack of evidence for calibration records of measuring equipment.,Yes,Conduct training sessions and maintain attendance logs.,6/12/2023,6/30/2023,Closed
AUD-00217,SPLR-095,4/25/2024,ISO 9001:2015,7.1,Non-conformance,Minor,Internal audit scope does not cover all processes.,Yes,Document action items and track their closure status.,7/22/2024,8/11/2024,Closed
AUD-00218,SPLR-041,11/28/2024,ISO 9001:2015,8.1,Non-conformance,Major,Preventive maintenance schedule not adhered to.,Yes,Define and communicate complaint handling procedure.,1/30/2025,2/13/2025,Closed
AUD-00219,SPLR-025,12/27/2024,IATF 16949,9.3,Non-conformance,Major,Preventive maintenance schedule not adhered to.,Yes,Integrate risk assessment into supplier evaluation template.,3/6/2025,3/26/2025,Closed
AUD-00220,SPLR-089,2/16/2025,IATF 16949,6.2,Observation,Major,Supplier evaluation process missing risk assessment steps.,Yes,Integrate risk assessment into supplier evaluation template.,5/2/2025,5/5/2025,Closed
AUD-00221,SPLR-087,9/9/2024,IATF 16949,9.3,Observation,Major,Supplier evaluation process missing risk assessment steps.,Yes,Integrate risk assessment into supplier evaluation template.,10/16/2024,11/11/2024,Closed
AUD-00222,SPLR-045,12/8/2023,ISO 9001:2015,6.1,Observation,Major,Documented procedure not followed during batch production.,Yes,Integrate risk assessment into supplier evaluation template.,2/21/2024,2/16/2024,Closed
AUD-00223,SPLR-090,9/8/2024,ISO 9001:2015,5.2,Observation,Minor,Internal audit scope does not cover all processes.,Yes,Integrate risk assessment into supplier evaluation template.,12/6/2024,12/31/2024,Closed
AUD-00224,SPLR-030,8/12/2022,ISO 9001:2015,5.2,Non-conformance,Minor,Documented procedure not followed during batch production.,Yes,Expand audit scope and ensure full coverage.,9/25/2022,10/25/2022,Closed
AUD-00225,SPLR-021,4/26/2024,IATF 16949,9.1,Observation,Major,Lack of evidence for calibration records of measuring equipment.,Yes,Implement formal non-conformance containment measures.,5/26/2024,6/20/2024,Closed
AUD-00226,SPLR-099,9/4/2024,ISO 9001:2015,10.1,Non-conformance,Minor,Supplier evaluation process missing risk assessment steps.,Yes,Develop and follow a strict maintenance timetable.,10/22/2024,10/15/2024,Closed
AUD-00227,SPLR-051,12/31/2024,ISO 9001:2015,5.1,Observation,Minor,Traceability records incomplete for critical components.,Yes,Implement formal non-conformance containment measures.,3/30/2025,3/22/2025,Closed
AUD-00228,SPLR-043,8/16/2023,ISO 9001:2015,4.1,Observation,Major,Supplier evaluation process missing risk assessment steps.,Yes,Document action items and track their closure status.,10/23/2023,10/19/2023,Closed
AUD-00229,SPLR-015,1/17/2025,IATF 16949,5.2,Observation,Minor,Internal audit scope does not cover all processes.,Yes,Define and communicate complaint handling procedure.,3/5/2025,3/7/2025,Closed
AUD-00230,SPLR-073,7/28/2024,IATF 16949,5.3,Non-conformance,Minor,Documented procedure not followed during batch production.,Yes,Develop and follow a strict maintenance timetable.,10/16/2024,10/24/2024,Closed
AUD-00231,SPLR-024,4/10/2024,IATF 16949,9.2,Non-conformance,Major,Preventive maintenance schedule not adhered to.,Yes,Update calibration records and schedule preventive calibration.,6/4/2024,5/31/2024,Closed
AUD-00232,SPLR-097,10/25/2023,ISO 9001:2015,4.1,Observation,Major,Supplier evaluation process missing risk assessment steps.,Yes,Enhance traceability documentation for all lot numbers.,12/9/2023,12/27/2023,Closed
AUD-00233,SPLR-060,9/11/2023,ISO 9001:2015,6.1,Observation,Minor,Preventive maintenance schedule not adhered to.,Yes,Conduct training sessions and maintain attendance logs.,10/14/2023,10/11/2023,Closed
AUD-00234,SPLR-029,4/10/2024,IATF 16949,5.1,Non-conformance,Major,Supplier evaluation process missing risk assessment steps.,Yes,Develop and follow a strict maintenance timetable.,6/18/2024,6/22/2024,Closed
AUD-00235,SPLR-061,11/10/2022,IATF 16949,10.2,Non-conformance,Minor,Preventive maintenance schedule not adhered to.,Yes,Enhance traceability documentation for all lot numbers.,1/23/2023,2/17/2023,Closed
AUD-00236,SPLR-015,6/17/2022,IATF 16949,9.2,Non-conformance,Minor,Preventive maintenance schedule not adhered to.,Yes,Update calibration records and schedule preventive calibration.,9/13/2022,10/9/2022,Closed
AUD-00237,SPLR-088,3/18/2025,ISO 9001:2015,5.1,Non-conformance,Major,Preventive maintenance schedule not adhered to.,Yes,Expand audit scope and ensure full coverage.,5/15/2025,5/12/2025,Closed
AUD-00238,SPLR-059,7/6/2022,IATF 16949,4.2,Non-conformance,Major,Customer complaint process not well-defined in procedure.,Yes,Implement formal non-conformance containment measures.,9/6/2022,9/22/2022,Closed
AUD-00239,SPLR-075,9/24/2023,ISO 9001:2015,7.1,Non-conformance,Minor,Supplier evaluation process missing risk assessment steps.,Yes,Revise and train staff on procedure adherence.,12/10/2023,12/13/2023,Closed
AUD-00240,SPLR-061,5/17/2024,IATF 16949,4.3,Non-conformance,Major,Internal audit scope does not cover all processes.,Yes,Revise and train staff on procedure adherence.,8/14/2024,8/8/2024,Closed
AUD-00241,SPLR-058,4/17/2024,ISO 9001:2015,10.1,Observation,Major,Control of non-conforming product is not effectively implemented.,Yes,Enhance traceability documentation for all lot numbers.,6/9/2024,6/23/2024,Closed
AUD-00242,SPLR-051,6/14/2022,ISO 9001:2015,9.1,Non-conformance,Minor,Preventive maintenance schedule not adhered to.,Yes,Update calibration records and schedule preventive calibration.,7/25/2022,8/18/2022,Closed
AUD-00243,SPLR-049,1/8/2022,ISO 9001:2015,6.1,Non-conformance,Minor,Customer complaint process not well-defined in procedure.,Yes,Expand audit scope and ensure full coverage.,3/6/2022,3/30/2022,Closed
AUD-00244,SPLR-005,8/1/2024,IATF 16949,5.2,Observation,Minor,Supplier evaluation process missing risk assessment steps.,Yes,Conduct training sessions and maintain attendance logs.,10/29/2024,10/26/2024,Closed
AUD-00245,SPLR-077,5/8/2023,ISO 9001:2015,4.2,Non-conformance,Minor,Lack of evidence for calibration records of measuring equipment.,Yes,Document action items and track their closure status.,6/9/2023,6/27/2023,Closed
AUD-00246,SPLR-018,4/1/2022,IATF 16949,8.3,Observation,Minor,Inadequate training records for new operators.,Yes,Expand audit scope and ensure full coverage.,5/14/2022,5/7/2022,Closed
AUD-00247,SPLR-019,3/25/2025,IATF 16949,10.1,Non-conformance,Major,Management review records lack evidence of action tracking.,Yes,Develop and follow a strict maintenance timetable.,5/9/2025,5/18/2025,Closed
AUD-00248,SPLR-081,9/8/2023,IATF 16949,4.2,Observation,Major,Internal audit scope does not cover all processes.,Yes,Document action items and track their closure status.,12/3/2023,12/4/2023,Closed
AUD-00249,SPLR-053,4/7/2022,IATF 16949,10.3,Non-conformance,Major,Traceability records incomplete for critical components.,Yes,Expand audit scope and ensure full coverage.,5/27/2022,6/12/2022,Closed
AUD-00250,SPLR-039,2/10/2024,ISO 9001:2015,10.1,Non-conformance,Major,Internal audit scope does not cover all processes.,Yes,Define and communicate complaint handling procedure.,3/26/2024,3/30/2024,Closed
AUD-00251,SPLR-032,4/29/2022,IATF 16949,8.2,Observation,Minor,Internal audit scope does not cover all processes.,Yes,Expand audit scope and ensure full coverage.,6/6/2022,6/20/2022,Closed
AUD-00252,SPLR-007,11/8/2023,ISO 9001:2015,7.2,Observation,Major,Preventive maintenance schedule not adhered to.,Yes,Update calibration records and schedule preventive calibration.,1/11/2024,1/13/2024,Closed
AUD-00253,SPLR-027,3/22/2022,ISO 9001:2015,5.2,Observation,Major,Management review records lack evidence of action tracking.,Yes,Expand audit scope and ensure full coverage.,5/4/2022,5/24/2022,Closed
AUD-00254,SPLR-090,2/1/2022,ISO 9001:2015,5.2,Non-conformance,Major,Lack of evidence for calibration records of measuring equipment.,Yes,Define and communicate complaint handling procedure.,4/30/2022,5/5/2022,Closed
AUD-00255,SPLR-040,5/6/2023,IATF 16949,7.1,Observation,Major,Traceability records incomplete for critical components.,Yes,Define and communicate complaint handling procedure.,7/9/2023,7/21/2023,Closed
AUD-00256,SPLR-027,11/16/2024,IATF 16949,8.3,Observation,Major,Lack of evidence for calibration records of measuring equipment.,Yes,Define and communicate complaint handling procedure.,2/2/2025,2/12/2025,Closed
AUD-00257,SPLR-071,4/27/2024,ISO 9001:2015,8.2,Observation,Major,Inadequate training records for new operators.,Yes,Implement formal non-conformance containment measures.,5/28/2024,6/3/2024,Closed
AUD-00258,SPLR-064,11/9/2022,ISO 9001:2015,6.2,Observation,Major,Inadequate training records for new operators.,Yes,Enhance traceability documentation for all lot numbers.,1/14/2023,1/19/2023,Closed
AUD-00259,SPLR-093,9/27/2024,IATF 16949,8.3,Observation,Minor,Control of non-conforming product is not effectively implemented.,Yes,Develop and follow a strict maintenance timetable.,11/6/2024,11/4/2024,Closed
AUD-00260,SPLR-098,1/15/2025,ISO 9001:2015,8.1,Non-conformance,Major,Documented procedure not followed during batch production.,Yes,Update calibration records and schedule preventive calibration.,4/15/2025,4/8/2025,Closed
AUD-00261,SPLR-059,10/9/2022,ISO 9001:2015,4.2,Observation,Minor,Control of non-conforming product is not effectively implemented.,Yes,Revise and train staff on procedure adherence.,11/21/2022,12/13/2022,Closed
AUD-00262,SPLR-002,9/16/2024,IATF 16949,4.1,Non-conformance,Major,Documented procedure not followed during batch production.,Yes,Expand audit scope and ensure full coverage.,11/20/2024,12/6/2024,Closed
AUD-00263,SPLR-014,1/2/2025,IATF 16949,4.1,Non-conformance,Minor,Internal audit scope does not cover all processes.,Yes,Enhance traceability documentation for all lot numbers.,3/24/2025,3/25/2025,Closed
AUD-00264,SPLR-035,5/9/2023,ISO 9001:2015,8.2,Observation,Minor,Internal audit scope does not cover all processes.,Yes,Integrate risk assessment into supplier evaluation template.,7/30/2023,8/11/2023,Closed
AUD-00265,SPLR-039,2/4/2024,IATF 16949,8.3,Non-conformance,Minor,Management review records lack evidence of action tracking.,Yes,Conduct training sessions and maintain attendance logs.,4/18/2024,4/22/2024,Closed
AUD-00266,SPLR-082,7/11/2022,IATF 16949,8.1,Non-conformance,Minor,Traceability records incomplete for critical components.,Yes,Expand audit scope and ensure full coverage.,9/9/2022,9/2/2022,Closed
AUD-00267,SPLR-068,6/19/2022,IATF 16949,8.2,Non-conformance,Minor,Preventive maintenance schedule not adhered to.,Yes,Document action items and track their closure status.,9/11/2022,9/7/2022,Closed
AUD-00268,SPLR-070,3/9/2023,IATF 16949,6.3,Non-conformance,Minor,Documented procedure not followed during batch production.,Yes,Update calibration records and schedule preventive calibration.,5/21/2023,5/28/2023,Closed
AUD-00269,SPLR-010,10/7/2023,ISO 9001:2015,5.2,Observation,Minor,Management review records lack evidence of action tracking.,Yes,Implement formal non-conformance containment measures.,12/24/2023,1/8/2024,Closed
AUD-00270,SPLR-097,2/28/2025,ISO 9001:2015,8.2,Non-conformance,Minor,Traceability records incomplete for critical components.,Yes,Expand audit scope and ensure full coverage.,4/20/2025,5/4/2025,Closed
AUD-00271,SPLR-044,10/22/2024,IATF 16949,4.2,Observation,Major,Lack of evidence for calibration records of measuring equipment.,Yes,Enhance traceability documentation for all lot numbers.,12/5/2024,11/29/2024,Closed
AUD-00272,SPLR-049,3/2/2022,IATF 16949,8.3,Observation,Minor,Customer complaint process not well-defined in procedure.,Yes,Conduct training sessions and maintain attendance logs.,4/23/2022,5/18/2022,Closed
AUD-00273,SPLR-092,4/14/2025,IATF 16949,4.3,Non-conformance,Minor,Management review records lack evidence of action tracking.,Yes,Integrate risk assessment into supplier evaluation template.,7/4/2025,7/9/2025,Open
AUD-00274,SPLR-014,7/3/2023,ISO 9001:2015,7.1,Non-conformance,Minor,Control of non-conforming product is not effectively implemented.,Yes,Enhance traceability documentation for all lot numbers.,8/22/2023,9/4/2023,Closed
AUD-00275,SPLR-024,9/24/2023,IATF 16949,7.3,Observation,Major,Supplier evaluation process missing risk assessment steps.,Yes,Update calibration records and schedule preventive calibration.,11/1/2023,10/27/2023,Closed
AUD-00276,SPLR-012,2/14/2025,IATF 16949,5.1,Observation,Major,Documented procedure not followed during batch production.,Yes,Update calibration records and schedule preventive calibration.,4/7/2025,5/2/2025,Closed
AUD-00277,SPLR-032,1/26/2022,IATF 16949,8.2,Non-conformance,Major,Traceability records incomplete for critical components.,Yes,Update calibration records and schedule preventive calibration.,4/12/2022,5/7/2022,Closed
AUD-00278,SPLR-009,12/14/2022,ISO 9001:2015,6.1,Non-conformance,Major,Supplier evaluation process missing risk assessment steps.,Yes,Integrate risk assessment into supplier evaluation template.,2/13/2023,2/12/2023,Closed
AUD-00279,SPLR-032,7/20/2023,IATF 16949,7.1,Observation,Minor,Customer complaint process not well-defined in procedure.,Yes,Update calibration records and schedule preventive calibration.,9/11/2023,9/17/2023,Closed
AUD-00280,SPLR-043,7/26/2024,ISO 9001:2015,5.1,Observation,Major,Supplier evaluation process missing risk assessment steps.,Yes,Revise and train staff on procedure adherence.,10/24/2024,11/8/2024,Closed
AUD-00281,SPLR-078,6/20/2024,IATF 16949,8.2,Non-conformance,Major,Management review records lack evidence of action tracking.,Yes,Implement formal non-conformance containment measures.,8/8/2024,8/18/2024,Closed
AUD-00282,SPLR-063,10/6/2023,ISO 9001:2015,7.1,Non-conformance,Major,Preventive maintenance schedule not adhered to.,Yes,Integrate risk assessment into supplier evaluation template.,12/22/2023,1/21/2024,Closed
AUD-00283,SPLR-026,2/10/2024,IATF 16949,8.1,Non-conformance,Minor,Preventive maintenance schedule not adhered to.,Yes,Update calibration records and schedule preventive calibration.,5/9/2024,6/4/2024,Closed
AUD-00284,SPLR-087,8/3/2024,ISO 9001:2015,7.2,Observation,Minor,Supplier evaluation process missing risk assessment steps.,Yes,Update calibration records and schedule preventive calibration.,10/24/2024,11/9/2024,Closed
AUD-00285,SPLR-010,9/13/2023,ISO 9001:2015,6.1,Observation,Major,Control of non-conforming product is not effectively implemented.,Yes,Enhance traceability documentation for all lot numbers.,12/2/2023,12/16/2023,Closed
AUD-00286,SPLR-047,4/7/2025,IATF 16949,9.3,Non-conformance,Minor,Internal audit scope does not cover all processes.,Yes,Enhance traceability documentation for all lot numbers.,6/10/2025,6/2/2025,Open
AUD-00287,SPLR-097,5/24/2023,IATF 16949,5.3,Observation,Major,Management review records lack evidence of action tracking.,Yes,Revise and train staff on procedure adherence.,7/29/2023,8/13/2023,Closed
AUD-00288,SPLR-072,8/5/2022,ISO 9001:2015,4.2,Non-conformance,Major,Supplier evaluation process missing risk assessment steps.,Yes,Conduct training sessions and maintain attendance logs.,10/6/2022,10/29/2022,Closed
AUD-00289,SPLR-004,2/6/2024,IATF 16949,8.3,Observation,Minor,Management review records lack evidence of action tracking.,Yes,Expand audit scope and ensure full coverage.,3/16/2024,3/28/2024,Closed
AUD-00290,SPLR-044,8/29/2023,IATF 16949,4.3,Observation,Minor,Lack of evidence for calibration records of measuring equipment.,Yes,Implement formal non-conformance containment measures.,10/20/2023,10/29/2023,Closed
AUD-00291,SPLR-041,12/3/2024,IATF 16949,7.3,Non-conformance,Major,Customer complaint process not well-defined in procedure.,Yes,Update calibration records and schedule preventive calibration.,1/30/2025,2/17/2025,Closed
AUD-00292,SPLR-095,4/2/2022,ISO 9001:2015,4.1,Non-conformance,Minor,Preventive maintenance schedule not adhered to.,Yes,Update calibration records and schedule preventive calibration.,6/14/2022,6/14/2022,Closed
AUD-00293,SPLR-052,2/4/2025,ISO 9001:2015,6.2,Non-conformance,Minor,Internal audit scope does not cover all processes.,Yes,Enhance traceability documentation for all lot numbers.,4/4/2025,4/8/2025,Closed
AUD-00294,SPLR-055,6/4/2024,IATF 16949,4.1,Observation,Minor,Management review records lack evidence of action tracking.,Yes,Conduct training sessions and maintain attendance logs.,8/1/2024,8/28/2024,Closed
AUD-00295,SPLR-024,3/16/2023,ISO 9001:2015,6.1,Observation,Major,Lack of evidence for calibration records of measuring equipment.,Yes,Document action items and track their closure status.,4/21/2023,5/15/2023,Closed
AUD-00296,SPLR-041,2/8/2023,IATF 16949,5.1,Observation,Major,Supplier evaluation process missing risk assessment steps.,Yes,Define and communicate complaint handling procedure.,4/12/2023,5/12/2023,Closed
AUD-00297,SPLR-087,4/17/2025,ISO 9001:2015,6.2,Observation,Minor,Preventive maintenance schedule not adhered to.,Yes,Define and communicate complaint handling procedure.,6/25/2025,6/26/2025,Open
AUD-00298,SPLR-048,10/2/2022,IATF 16949,5.1,Non-conformance,Major,Inadequate training records for new operators.,Yes,Integrate risk assessment into supplier evaluation template.,11/8/2022,11/9/2022,Closed
AUD-00299,SPLR-082,5/6/2024,ISO 9001:2015,8.2,Non-conformance,Minor,Traceability records incomplete for critical components.,Yes,Enhance traceability documentation for all lot numbers.,6/16/2024,7/7/2024,Closed
AUD-00300,SPLR-080,9/29/2024,IATF 16949,5.2,Non-conformance,Major,Control of non-conforming product is not effectively implemented.,Yes,Develop and follow a strict maintenance timetable.,12/21/2024,1/8/2025,Closed
AUD-00301,SPLR-084,1/20/2022,IATF 16949,5.2,Observation,Major,Inadequate training records for new operators.,Yes,Enhance traceability documentation for all lot numbers.,3/26/2022,4/17/2022,Closed
AUD-00302,SPLR-004,10/4/2024,IATF 16949,8.3,Non-conformance,Major,Customer complaint process not well-defined in procedure.,Yes,Implement formal non-conformance containment measures.,11/8/2024,12/4/2024,Closed
AUD-00303,SPLR-073,3/8/2022,IATF 16949,6.2,Observation,Minor,Internal audit scope does not cover all processes.,Yes,Integrate risk assessment into supplier evaluation template.,4/17/2022,5/6/2022,Closed
AUD-00304,SPLR-098,3/18/2025,ISO 9001:2015,6.1,Observation,Minor,Internal audit scope does not cover all processes.,Yes,Develop and follow a strict maintenance timetable.,5/21/2025,5/13/2025,Closed
AUD-00305,SPLR-058,5/20/2024,ISO 9001:2015,9.2,Observation,Major,Inadequate training records for new operators.,Yes,Integrate risk assessment into supplier evaluation template.,8/13/2024,8/5/2024,Closed
AUD-00306,SPLR-089,6/28/2022,IATF 16949,5.1,Observation,Major,Inadequate training records for new operators.,Yes,Conduct training sessions and maintain attendance logs.,9/17/2022,10/14/2022,Closed
AUD-00307,SPLR-073,12/6/2022,ISO 9001:2015,10.1,Observation,Major,Inadequate training records for new operators.,Yes,Conduct training sessions and maintain attendance logs.,2/25/2023,2/18/2023,Closed
AUD-00308,SPLR-066,1/8/2025,ISO 9001:2015,6.2,Non-conformance,Minor,Supplier evaluation process missing risk assessment steps.,Yes,Integrate risk assessment into supplier evaluation template.,3/15/2025,3/22/2025,Closed
AUD-00309,SPLR-092,4/22/2024,ISO 9001:2015,6.1,Observation,Minor,Control of non-conforming product is not effectively implemented.,Yes,Implement formal non-conformance containment measures.,6/6/2024,6/5/2024,Closed
AUD-00310,SPLR-049,3/15/2024,IATF 16949,5.2,Observation,Minor,Management review records lack evidence of action tracking.,Yes,Integrate risk assessment into supplier evaluation template.,5/24/2024,6/9/2024,Closed
AUD-00311,SPLR-042,7/10/2022,IATF 16949,9.2,Non-conformance,Minor,Supplier evaluation process missing risk assessment steps.,Yes,Develop and follow a strict maintenance timetable.,9/7/2022,9/28/2022,Closed
AUD-00312,SPLR-028,7/27/2024,IATF 16949,4.3,Observation,Major,Internal audit scope does not cover all processes.,Yes,Enhance traceability documentation for all lot numbers.,9/8/2024,9/25/2024,Closed
AUD-00313,SPLR-063,10/24/2023,IATF 16949,7.2,Observation,Minor,Internal audit scope does not cover all processes.,Yes,Document action items and track their closure status.,12/1/2023,12/27/2023,Closed
AUD-00314,SPLR-057,4/5/2022,ISO 9001:2015,9.1,Observation,Minor,Customer complaint process not well-defined in procedure.,Yes,Revise and train staff on procedure adherence.,5/12/2022,5/12/2022,Closed
AUD-00315,SPLR-012,5/26/2024,ISO 9001:2015,9.2,Observation,Major,Control of non-conforming product is not effectively implemented.,Yes,Integrate risk assessment into supplier evaluation template.,7/5/2024,7/12/2024,Closed
AUD-00316,SPLR-040,6/18/2022,IATF 16949,10.3,Non-conformance,Major,Control of non-conforming product is not effectively implemented.,Yes,Revise and train staff on procedure adherence.,8/12/2022,9/11/2022,Closed
AUD-00317,SPLR-076,7/6/2022,ISO 9001:2015,4.1,Non-conformance,Major,Inadequate training records for new operators.,Yes,Define and communicate complaint handling procedure.,8/9/2022,8/7/2022,Closed
AUD-00318,SPLR-089,1/20/2022,ISO 9001:2015,9.2,Non-conformance,Major,Preventive maintenance schedule not adhered to.,Yes,Update calibration records and schedule preventive calibration.,4/15/2022,5/2/2022,Closed
AUD-00319,SPLR-048,5/26/2022,ISO 9001:2015,7.1,Observation,Minor,Lack of evidence for calibration records of measuring equipment.,Yes,Update calibration records and schedule preventive calibration.,7/1/2022,7/11/2022,Closed
AUD-00320,SPLR-002,2/23/2024,ISO 9001:2015,9.1,Non-conformance,Major,Control of non-conforming product is not effectively implemented.,Yes,Update calibration records and schedule preventive calibration.,4/26/2024,5/22/2024,Closed
AUD-00321,SPLR-028,12/21/2023,ISO 9001:2015,9.1,Non-conformance,Minor,Control of non-conforming product is not effectively implemented.,Yes,Enhance traceability documentation for all lot numbers.,2/28/2024,3/17/2024,Closed
AUD-00322,SPLR-018,10/14/2022,ISO 9001:2015,8.2,Non-conformance,Major,Traceability records incomplete for critical components.,Yes,Develop and follow a strict maintenance timetable.,12/10/2022,12/20/2022,Closed
AUD-00323,SPLR-037,6/22/2022,ISO 9001:2015,8.1,Non-conformance,Major,Management review records lack evidence of action tracking.,Yes,Document action items and track their closure status.,9/6/2022,10/4/2022,Closed
AUD-00324,SPLR-031,2/25/2023,ISO 9001:2015,9.2,Observation,Major,Traceability records incomplete for critical components.,Yes,Integrate risk assessment into supplier evaluation template.,5/7/2023,4/30/2023,Closed
AUD-00325,SPLR-047,8/19/2022,ISO 9001:2015,7.2,Observation,Minor,Management review records lack evidence of action tracking.,Yes,Update calibration records and schedule preventive calibration.,10/21/2022,10/11/2022,Closed
AUD-00326,SPLR-099,3/3/2024,IATF 16949,7.3,Non-conformance,Minor,Internal audit scope does not cover all processes.,Yes,Implement formal non-conformance containment measures.,5/20/2024,6/9/2024,Closed
AUD-00327,SPLR-051,4/17/2025,ISO 9001:2015,4.1,Observation,Major,Supplier evaluation process missing risk assessment steps.,Yes,Conduct training sessions and maintain attendance logs.,5/19/2025,5/12/2025,Closed
AUD-00328,SPLR-036,5/17/2024,IATF 16949,4.3,Non-conformance,Major,Internal audit scope does not cover all processes.,Yes,Expand audit scope and ensure full coverage.,7/25/2024,7/24/2024,Closed
AUD-00329,SPLR-076,6/11/2022,ISO 9001:2015,10.1,Non-conformance,Major,Control of non-conforming product is not effectively implemented.,Yes,Expand audit scope and ensure full coverage.,7/31/2022,8/15/2022,Closed
AUD-00330,SPLR-015,6/14/2024,ISO 9001:2015,4.1,Observation,Minor,Inadequate training records for new operators.,Yes,Update calibration records and schedule preventive calibration.,9/11/2024,9/28/2024,Closed
AUD-00331,SPLR-021,9/26/2023,ISO 9001:2015,4.2,Observation,Major,Documented procedure not followed during batch production.,Yes,Implement formal non-conformance containment measures.,12/9/2023,11/29/2023,Closed
AUD-00332,SPLR-094,12/7/2024,IATF 16949,5.3,Non-conformance,Minor,Preventive maintenance schedule not adhered to.,Yes,Implement formal non-conformance containment measures.,2/22/2025,3/1/2025,Closed
AUD-00333,SPLR-081,11/18/2023,IATF 16949,6.3,Non-conformance,Major,Internal audit scope does not cover all processes.,Yes,Update calibration records and schedule preventive calibration.,1/3/2024,1/29/2024,Closed
AUD-00334,SPLR-021,7/21/2024,IATF 16949,4.2,Observation,Minor,Customer complaint process not well-defined in procedure.,Yes,Document action items and track their closure status.,8/30/2024,9/12/2024,Closed
AUD-00335,SPLR-032,3/21/2025,ISO 9001:2015,5.2,Non-conformance,Major,Internal audit scope does not cover all processes.,Yes,Revise and train staff on procedure adherence.,4/22/2025,4/12/2025,Closed
AUD-00336,SPLR-029,1/16/2024,IATF 16949,5.2,Observation,Minor,Control of non-conforming product is not effectively implemented.,Yes,Revise and train staff on procedure adherence.,3/21/2024,4/6/2024,Closed
AUD-00337,SPLR-065,5/2/2024,IATF 16949,6.3,Non-conformance,Minor,Lack of evidence for calibration records of measuring equipment.,Yes,Document action items and track their closure status.,6/24/2024,6/21/2024,Closed
AUD-00338,SPLR-100,4/3/2023,ISO 9001:2015,7.1,Observation,Major,Lack of evidence for calibration records of measuring equipment.,Yes,Define and communicate complaint handling procedure.,6/27/2023,7/5/2023,Closed
AUD-00339,SPLR-039,6/26/2022,IATF 16949,4.1,Non-conformance,Major,Preventive maintenance schedule not adhered to.,Yes,Conduct training sessions and maintain attendance logs.,8/13/2022,9/8/2022,Closed
AUD-00340,SPLR-053,1/25/2024,IATF 16949,6.1,Non-conformance,Minor,Internal audit scope does not cover all processes.,Yes,Conduct training sessions and maintain attendance logs.,3/4/2024,2/23/2024,Closed
AUD-00341,SPLR-095,1/14/2025,IATF 16949,10.3,Observation,Minor,Documented procedure not followed during batch production.,Yes,Develop and follow a strict maintenance timetable.,2/13/2025,2/27/2025,Closed
AUD-00342,SPLR-012,2/25/2023,ISO 9001:2015,7.1,Non-conformance,Minor,Customer complaint process not well-defined in procedure.,Yes,Revise and train staff on procedure adherence.,4/5/2023,4/12/2023,Closed
AUD-00343,SPLR-065,11/30/2024,IATF 16949,7.3,Non-conformance,Major,Customer complaint process not well-defined in procedure.,Yes,Update calibration records and schedule preventive calibration.,2/5/2025,2/1/2025,Closed
AUD-00344,SPLR-041,6/3/2022,ISO 9001:2015,7.1,Observation,Major,Control of non-conforming product is not effectively implemented.,Yes,Conduct training sessions and maintain attendance logs.,7/21/2022,7/27/2022,Closed
AUD-00345,SPLR-018,10/14/2023,IATF 16949,6.3,Non-conformance,Minor,Inadequate training records for new operators.,Yes,Update calibration records and schedule preventive calibration.,1/12/2024,1/14/2024,Closed
AUD-00346,SPLR-069,8/5/2022,ISO 9001:2015,7.2,Observation,Minor,Customer complaint process not well-defined in procedure.,Yes,Develop and follow a strict maintenance timetable.,9/30/2022,9/27/2022,Closed
AUD-00347,SPLR-088,7/14/2024,IATF 16949,8.3,Observation,Minor,Supplier evaluation process missing risk assessment steps.,Yes,Update calibration records and schedule preventive calibration.,8/18/2024,8/18/2024,Closed
AUD-00348,SPLR-066,3/17/2023,IATF 16949,5.2,Non-conformance,Major,Lack of evidence for calibration records of measuring equipment.,Yes,Conduct training sessions and maintain attendance logs.,5/8/2023,5/23/2023,Closed
AUD-00349,SPLR-032,6/17/2023,ISO 9001:2015,4.1,Non-conformance,Major,Traceability records incomplete for critical components.,Yes,Define and communicate complaint handling procedure.,8/21/2023,9/15/2023,Closed
AUD-00350,SPLR-017,7/28/2022,ISO 9001:2015,4.2,Non-conformance,Major,Documented procedure not followed during batch production.,Yes,Revise and train staff on procedure adherence.,10/19/2022,10/23/2022,Closed
AUD-00351,SPLR-003,2/2/2024,ISO 9001:2015,8.2,Non-conformance,Minor,Management review records lack evidence of action tracking.,Yes,Integrate risk assessment into supplier evaluation template.,4/30/2024,4/24/2024,Closed
AUD-00352,SPLR-007,6/27/2024,ISO 9001:2015,4.2,Non-conformance,Major,Preventive maintenance schedule not adhered to.,Yes,Update calibration records and schedule preventive calibration.,7/29/2024,8/17/2024,Closed
AUD-00353,SPLR-028,3/19/2024,IATF 16949,4.1,Non-conformance,Major,Traceability records incomplete for critical components.,Yes,Enhance traceability documentation for all lot numbers.,4/29/2024,5/11/2024,Closed
AUD-00354,SPLR-032,7/28/2023,IATF 16949,5.2,Observation,Major,Documented procedure not followed during batch production.,Yes,Document action items and track their closure status.,10/5/2023,11/3/2023,Closed
AUD-00355,SPLR-054,4/23/2024,IATF 16949,4.2,Non-conformance,Minor,Lack of evidence for calibration records of measuring equipment.,Yes,Integrate risk assessment into supplier evaluation template.,6/16/2024,6/14/2024,Closed
AUD-00356,SPLR-045,1/18/2025,ISO 9001:2015,7.1,Observation,Major,Preventive maintenance schedule not adhered to.,Yes,Define and communicate complaint handling procedure.,3/23/2025,4/13/2025,Closed
AUD-00357,SPLR-100,7/8/2023,ISO 9001:2015,4.1,Observation,Minor,Preventive maintenance schedule not adhered to.,Yes,Document action items and track their closure status.,8/21/2023,8/12/2023,Closed
AUD-00358,SPLR-085,8/24/2024,IATF 16949,10.1,Non-conformance,Major,Inadequate training records for new operators.,Yes,Implement formal non-conformance containment measures.,9/29/2024,10/4/2024,Closed
AUD-00359,SPLR-046,12/28/2024,ISO 9001:2015,10.1,Non-conformance,Minor,Inadequate training records for new operators.,Yes,Document action items and track their closure status.,3/22/2025,4/5/2025,Closed
AUD-00360,SPLR-073,4/30/2023,IATF 16949,7.3,Non-conformance,Minor,Management review records lack evidence of action tracking.,Yes,Revise and train staff on procedure adherence.,7/14/2023,7/26/2023,Closed
AUD-00361,SPLR-030,10/5/2024,IATF 16949,5.3,Non-conformance,Minor,Customer complaint process not well-defined in procedure.,Yes,Revise and train staff on procedure adherence.,11/9/2024,11/2/2024,Closed
AUD-00362,SPLR-044,12/14/2024,IATF 16949,4.1,Non-conformance,Major,Preventive maintenance schedule not adhered to.,Yes,Document action items and track their closure status.,1/25/2025,1/23/2025,Closed
AUD-00363,SPLR-068,5/2/2022,ISO 9001:2015,5.1,Observation,Minor,Management review records lack evidence of action tracking.,Yes,Implement formal non-conformance containment measures.,7/20/2022,7/17/2022,Closed
AUD-00364,SPLR-018,2/5/2024,IATF 16949,10.1,Non-conformance,Major,Lack of evidence for calibration records of measuring equipment.,Yes,Develop and follow a strict maintenance timetable.,3/25/2024,4/4/2024,Closed
AUD-00365,SPLR-029,9/24/2024,IATF 16949,5.3,Non-conformance,Major,Internal audit scope does not cover all processes.,Yes,Document action items and track their closure status.,12/13/2024,12/25/2024,Closed
AUD-00366,SPLR-051,9/21/2023,IATF 16949,5.2,Non-conformance,Minor,Control of non-conforming product is not effectively implemented.,Yes,Revise and train staff on procedure adherence.,12/20/2023,1/15/2024,Closed
AUD-00367,SPLR-019,10/14/2023,ISO 9001:2015,9.1,Observation,Minor,Management review records lack evidence of action tracking.,Yes,Update calibration records and schedule preventive calibration.,1/11/2024,2/1/2024,Closed
AUD-00368,SPLR-094,5/3/2023,IATF 16949,7.2,Observation,Major,Control of non-conforming product is not effectively implemented.,Yes,Update calibration records and schedule preventive calibration.,7/24/2023,8/23/2023,Closed
AUD-00369,SPLR-014,1/24/2022,IATF 16949,6.1,Non-conformance,Minor,Inadequate training records for new operators.,Yes,Update calibration records and schedule preventive calibration.,3/17/2022,3/23/2022,Closed
AUD-00370,SPLR-045,3/1/2024,IATF 16949,8.2,Observation,Minor,Control of non-conforming product is not effectively implemented.,Yes,Enhance traceability documentation for all lot numbers.,5/1/2024,5/15/2024,Closed
AUD-00371,SPLR-038,9/8/2024,ISO 9001:2015,5.1,Non-conformance,Major,Customer complaint process not well-defined in procedure.,Yes,Update calibration records and schedule preventive calibration.,11/28/2024,11/20/2024,Closed
AUD-00372,SPLR-021,6/19/2023,ISO 9001:2015,4.2,Non-conformance,Minor,Preventive maintenance schedule not adhered to.,Yes,Implement formal non-conformance containment measures.,9/13/2023,9/27/2023,Closed
AUD-00373,SPLR-021,11/24/2023,IATF 16949,4.1,Non-conformance,Minor,Traceability records incomplete for critical components.,Yes,Implement formal non-conformance containment measures.,1/31/2024,2/17/2024,Closed
AUD-00374,SPLR-034,11/10/2023,ISO 9001:2015,5.2,Observation,Major,Traceability records incomplete for critical components.,Yes,Expand audit scope and ensure full coverage.,1/25/2024,2/18/2024,Closed
AUD-00375,SPLR-020,5/2/2023,ISO 9001:2015,4.1,Non-conformance,Major,Traceability records incomplete for critical components.,Yes,Document action items and track their closure status.,7/6/2023,7/27/2023,Closed
AUD-00376,SPLR-013,1/8/2022,IATF 16949,4.3,Non-conformance,Minor,Supplier evaluation process missing risk assessment steps.,Yes,Document action items and track their closure status.,3/9/2022,3/11/2022,Closed
AUD-00377,SPLR-061,12/16/2022,IATF 16949,4.3,Observation,Major,Customer complaint process not well-defined in procedure.,Yes,Update calibration records and schedule preventive calibration.,2/3/2023,2/18/2023,Closed
AUD-00378,SPLR-058,7/6/2022,IATF 16949,5.3,Non-conformance,Major,Preventive maintenance schedule not adhered to.,Yes,Enhance traceability documentation for all lot numbers.,8/28/2022,8/29/2022,Closed
AUD-00379,SPLR-020,6/19/2024,IATF 16949,6.3,Non-conformance,Minor,Inadequate training records for new operators.,Yes,Integrate risk assessment into supplier evaluation template.,8/24/2024,8/17/2024,Closed
AUD-00380,SPLR-067,12/6/2023,IATF 16949,10.1,Observation,Major,Inadequate training records for new operators.,Yes,Expand audit scope and ensure full coverage.,1/8/2024,1/22/2024,Closed
AUD-00381,SPLR-065,3/18/2025,ISO 9001:2015,7.2,Non-conformance,Minor,Supplier evaluation process missing risk assessment steps.,Yes,Update calibration records and schedule preventive calibration.,5/12/2025,5/4/2025,Closed
AUD-00382,SPLR-055,7/8/2024,ISO 9001:2015,5.1,Non-conformance,Major,Inadequate training records for new operators.,Yes,Conduct training sessions and maintain attendance logs.,8/15/2024,8/7/2024,Closed
AUD-00383,SPLR-012,2/18/2023,ISO 9001:2015,10.2,Observation,Major,Management review records lack evidence of action tracking.,Yes,Integrate risk assessment into supplier evaluation template.,4/9/2023,4/3/2023,Closed
AUD-00384,SPLR-090,2/4/2025,IATF 16949,6.3,Observation,Minor,Internal audit scope does not cover all processes.,Yes,Define and communicate complaint handling procedure.,5/3/2025,4/23/2025,Closed
AUD-00385,SPLR-014,4/28/2024,ISO 9001:2015,5.1,Non-conformance,Major,Management review records lack evidence of action tracking.,Yes,Document action items and track their closure status.,7/4/2024,6/30/2024,Closed
AUD-00386,SPLR-074,1/1/2025,IATF 16949,8.2,Observation,Minor,Supplier evaluation process missing risk assessment steps.,Yes,Enhance traceability documentation for all lot numbers.,3/13/2025,4/3/2025,Closed
AUD-00387,SPLR-005,12/19/2022,IATF 16949,8.1,Observation,Major,Control of non-conforming product is not effectively implemented.,Yes,Document action items and track their closure status.,2/25/2023,3/12/2023,Closed
AUD-00388,SPLR-003,5/2/2023,ISO 9001:2015,9.2,Observation,Major,Customer complaint process not well-defined in procedure.,Yes,Integrate risk assessment into supplier evaluation template.,7/28/2023,8/10/2023,Closed
AUD-00389,SPLR-096,9/29/2023,IATF 16949,9.1,Observation,Major,Lack of evidence for calibration records of measuring equipment.,Yes,Conduct training sessions and maintain attendance logs.,11/6/2023,11/15/2023,Closed
AUD-00390,SPLR-053,7/6/2023,IATF 16949,10.2,Observation,Major,Lack of evidence for calibration records of measuring equipment.,Yes,Conduct training sessions and maintain attendance logs.,9/2/2023,9/5/2023,Closed
AUD-00391,SPLR-100,4/26/2022,ISO 9001:2015,4.2,Non-conformance,Minor,Supplier evaluation process missing risk assessment steps.,Yes,Expand audit scope and ensure full coverage.,6/20/2022,6/18/2022,Closed
AUD-00392,SPLR-007,1/30/2023,ISO 9001:2015,10.2,Observation,Minor,Documented procedure not followed during batch production.,Yes,Conduct training sessions and maintain attendance logs.,3/3/2023,3/22/2023,Closed
AUD-00393,SPLR-088,7/16/2023,IATF 16949,8.3,Non-conformance,Minor,Internal audit scope does not cover all processes.,Yes,Enhance traceability documentation for all lot numbers.,9/24/2023,9/21/2023,Closed
AUD-00394,SPLR-076,2/2/2024,IATF 16949,10.2,Observation,Major,Customer complaint process not well-defined in procedure.,Yes,Implement formal non-conformance containment measures.,4/27/2024,5/17/2024,Closed
AUD-00395,SPLR-021,12/1/2022,IATF 16949,4.3,Non-conformance,Minor,Supplier evaluation process missing risk assessment steps.,Yes,Revise and train staff on procedure adherence.,1/24/2023,1/17/2023,Closed
AUD-00396,SPLR-061,4/7/2023,ISO 9001:2015,6.1,Non-conformance,Minor,Traceability records incomplete for critical components.,Yes,Expand audit scope and ensure full coverage.,5/8/2023,4/28/2023,Closed
AUD-00397,SPLR-055,1/18/2022,ISO 9001:2015,6.1,Observation,Major,Management review records lack evidence of action tracking.,Yes,Integrate risk assessment into supplier evaluation template.,4/3/2022,4/10/2022,Closed
AUD-00398,SPLR-080,7/29/2024,IATF 16949,6.1,Observation,Minor,Customer complaint process not well-defined in procedure.,Yes,Integrate risk assessment into supplier evaluation template.,10/10/2024,11/2/2024,Closed
AUD-00399,SPLR-088,1/16/2022,IATF 16949,9.3,Non-conformance,Major,Management review records lack evidence of action tracking.,Yes,Document action items and track their closure status.,3/5/2022,3/14/2022,Closed
AUD-00400,SPLR-025,5/11/2022,IATF 16949,6.3,Non-conformance,Minor,Preventive maintenance schedule not adhered to.,Yes,Integrate risk assessment into supplier evaluation template.,6/26/2022,7/5/2022,Closed
AUD-00401,SPLR-038,4/27/2022,IATF 16949,7.2,Observation,Major,Control of non-conforming product is not effectively implemented.,Yes,Revise and train staff on procedure adherence.,7/7/2022,7/28/2022,Closed
AUD-00402,SPLR-044,4/8/2024,IATF 16949,4.2,Non-conformance,Major,Management review records lack evidence of action tracking.,Yes,Document action items and track their closure status.,6/29/2024,7/1/2024,Closed
AUD-00403,SPLR-061,1/5/2024,IATF 16949,5.3,Non-conformance,Major,Internal audit scope does not cover all processes.,Yes,Implement formal non-conformance containment measures.,2/22/2024,2/18/2024,Closed
AUD-00404,SPLR-029,2/18/2025,ISO 9001:2015,9.1,Observation,Major,Preventive maintenance schedule not adhered to.,Yes,Update calibration records and schedule preventive calibration.,4/3/2025,4/15/2025,Closed
AUD-00405,SPLR-061,11/10/2023,IATF 16949,6.3,Non-conformance,Minor,Management review records lack evidence of action tracking.,Yes,Integrate risk assessment into supplier evaluation template.,1/8/2024,1/5/2024,Closed
AUD-00406,SPLR-053,8/25/2024,ISO 9001:2015,8.1,Non-conformance,Minor,Lack of evidence for calibration records of measuring equipment.,Yes,Enhance traceability documentation for all lot numbers.,10/27/2024,11/5/2024,Closed
AUD-00407,SPLR-019,10/9/2022,ISO 9001:2015,6.2,Observation,Minor,Traceability records incomplete for critical components.,Yes,Document action items and track their closure status.,1/4/2023,1/23/2023,Closed
AUD-00408,SPLR-001,6/15/2022,IATF 16949,7.2,Observation,Major,Control of non-conforming product is not effectively implemented.,Yes,Develop and follow a strict maintenance timetable.,8/24/2022,8/17/2022,Closed
AUD-00409,SPLR-017,3/5/2023,ISO 9001:2015,8.2,Observation,Major,Control of non-conforming product is not effectively implemented.,Yes,Define and communicate complaint handling procedure.,5/24/2023,5/19/2023,Closed
AUD-00410,SPLR-026,4/6/2024,IATF 16949,9.1,Observation,Minor,Traceability records incomplete for critical components.,Yes,Revise and train staff on procedure adherence.,5/8/2024,6/1/2024,Closed
AUD-00411,SPLR-040,10/22/2023,ISO 9001:2015,4.1,Non-conformance,Minor,Documented procedure not followed during batch production.,Yes,Conduct training sessions and maintain attendance logs.,12/5/2023,12/17/2023,Closed
AUD-00412,SPLR-059,2/25/2024,IATF 16949,5.3,Observation,Major,Lack of evidence for calibration records of measuring equipment.,Yes,Revise and train staff on procedure adherence.,4/14/2024,4/22/2024,Closed
AUD-00413,SPLR-003,10/2/2022,IATF 16949,9.1,Non-conformance,Minor,Preventive maintenance schedule not adhered to.,Yes,Conduct training sessions and maintain attendance logs.,11/11/2022,11/26/2022,Closed
AUD-00414,SPLR-016,9/26/2022,ISO 9001:2015,9.2,Observation,Minor,Documented procedure not followed during batch production.,Yes,Document action items and track their closure status.,11/27/2022,11/27/2022,Closed
AUD-00415,SPLR-085,2/8/2024,IATF 16949,9.3,Non-conformance,Minor,Management review records lack evidence of action tracking.,Yes,Revise and train staff on procedure adherence.,4/16/2024,4/9/2024,Closed
AUD-00416,SPLR-033,4/9/2022,ISO 9001:2015,7.1,Observation,Minor,Customer complaint process not well-defined in procedure.,Yes,Enhance traceability documentation for all lot numbers.,5/16/2022,6/10/2022,Closed
AUD-00417,SPLR-035,2/25/2023,ISO 9001:2015,6.1,Non-conformance,Major,Traceability records incomplete for critical components.,Yes,Update calibration records and schedule preventive calibration.,5/8/2023,5/31/2023,Closed
AUD-00418,SPLR-078,8/3/2022,ISO 9001:2015,6.1,Non-conformance,Major,Lack of evidence for calibration records of measuring equipment.,Yes,Update calibration records and schedule preventive calibration.,10/3/2022,10/5/2022,Closed
AUD-00419,SPLR-071,12/7/2024,ISO 9001:2015,6.2,Observation,Minor,Traceability records incomplete for critical components.,Yes,Integrate risk assessment into supplier evaluation template.,1/16/2025,1/8/2025,Closed
AUD-00420,SPLR-015,9/11/2024,IATF 16949,6.2,Observation,Minor,Documented procedure not followed during batch production.,Yes,Revise and train staff on procedure adherence.,11/22/2024,11/17/2024,Closed
AUD-00421,SPLR-059,7/4/2022,ISO 9001:2015,9.2,Observation,Major,Lack of evidence for calibration records of measuring equipment.,Yes,Integrate risk assessment into supplier evaluation template.,9/13/2022,9/17/2022,Closed
AUD-00422,SPLR-047,8/8/2024,ISO 9001:2015,4.2,Observation,Major,Control of non-conforming product is not effectively implemented.,Yes,Revise and train staff on procedure adherence.,10/31/2024,11/8/2024,Closed
AUD-00423,SPLR-085,8/26/2022,ISO 9001:2015,10.2,Non-conformance,Major,Documented procedure not followed during batch production.,Yes,Revise and train staff on procedure adherence.,11/18/2022,11/16/2022,Closed
AUD-00424,SPLR-024,1/3/2024,IATF 16949,10.2,Non-conformance,Major,Supplier evaluation process missing risk assessment steps.,Yes,Update calibration records and schedule preventive calibration.,2/25/2024,3/7/2024,Closed
AUD-00425,SPLR-084,3/30/2024,IATF 16949,6.3,Non-conformance,Minor,Traceability records incomplete for critical components.,Yes,Define and communicate complaint handling procedure.,6/19/2024,7/5/2024,Closed
AUD-00426,SPLR-062,9/29/2022,ISO 9001:2015,10.2,Observation,Minor,Control of non-conforming product is not effectively implemented.,Yes,Update calibration records and schedule preventive calibration.,11/24/2022,12/21/2022,Closed
AUD-00427,SPLR-015,2/17/2024,IATF 16949,10.2,Observation,Major,Documented procedure not followed during batch production.,Yes,Implement formal non-conformance containment measures.,4/17/2024,5/8/2024,Closed
AUD-00428,SPLR-099,4/5/2022,ISO 9001:2015,6.1,Non-conformance,Major,Preventive maintenance schedule not adhered to.,Yes,Revise and train staff on procedure adherence.,6/19/2022,7/12/2022,Closed
AUD-00429,SPLR-020,11/29/2024,ISO 9001:2015,7.1,Non-conformance,Minor,Inadequate training records for new operators.,Yes,Define and communicate complaint handling procedure.,1/20/2025,2/3/2025,Closed
AUD-00430,SPLR-042,11/18/2022,IATF 16949,9.1,Non-conformance,Major,Control of non-conforming product is not effectively implemented.,Yes,Update calibration records and schedule preventive calibration.,2/4/2023,2/25/2023,Closed
AUD-00431,SPLR-052,7/24/2023,ISO 9001:2015,8.1,Non-conformance,Minor,Inadequate training records for new operators.,Yes,Expand audit scope and ensure full coverage.,10/3/2023,10/17/2023,Closed
AUD-00432,SPLR-058,7/29/2024,IATF 16949,10.1,Observation,Minor,Customer complaint process not well-defined in procedure.,Yes,Update calibration records and schedule preventive calibration.,10/21/2024,11/11/2024,Closed
AUD-00433,SPLR-071,10/15/2024,ISO 9001:2015,4.2,Non-conformance,Minor,Traceability records incomplete for critical components.,Yes,Enhance traceability documentation for all lot numbers.,11/16/2024,12/11/2024,Closed
AUD-00434,SPLR-029,9/16/2023,ISO 9001:2015,9.1,Observation,Major,Customer complaint process not well-defined in procedure.,Yes,Develop and follow a strict maintenance timetable.,11/8/2023,11/1/2023,Closed
AUD-00435,SPLR-001,2/21/2025,IATF 16949,7.3,Observation,Major,Customer complaint process not well-defined in procedure.,Yes,Update calibration records and schedule preventive calibration.,3/29/2025,4/2/2025,Closed
AUD-00436,SPLR-092,8/21/2023,IATF 16949,5.1,Observation,Minor,Documented procedure not followed during batch production.,Yes,Implement formal non-conformance containment measures.,10/21/2023,10/19/2023,Closed
AUD-00437,SPLR-025,6/5/2023,ISO 9001:2015,5.2,Observation,Minor,Lack of evidence for calibration records of measuring equipment.,Yes,Enhance traceability documentation for all lot numbers.,7/18/2023,8/6/2023,Closed
AUD-00438,SPLR-059,4/28/2024,ISO 9001:2015,9.1,Non-conformance,Major,Management review records lack evidence of action tracking.,Yes,Update calibration records and schedule preventive calibration.,7/16/2024,8/3/2024,Closed
AUD-00439,SPLR-100,1/9/2022,ISO 9001:2015,8.1,Non-conformance,Minor,Traceability records incomplete for critical components.,Yes,Document action items and track their closure status.,3/10/2022,4/1/2022,Closed
AUD-00440,SPLR-065,9/20/2022,ISO 9001:2015,7.1,Observation,Major,Management review records lack evidence of action tracking.,Yes,Document action items and track their closure status.,12/15/2022,12/25/2022,Closed
AUD-00441,SPLR-018,5/24/2023,IATF 16949,8.1,Observation,Major,Preventive maintenance schedule not adhered to.,Yes,Integrate risk assessment into supplier evaluation template.,7/21/2023,7/19/2023,Closed
AUD-00442,SPLR-092,1/26/2025,IATF 16949,9.3,Observation,Major,Inadequate training records for new operators.,Yes,Conduct training sessions and maintain attendance logs.,3/10/2025,4/8/2025,Closed
AUD-00443,SPLR-098,9/29/2022,ISO 9001:2015,8.1,Observation,Major,Internal audit scope does not cover all processes.,Yes,Develop and follow a strict maintenance timetable.,12/13/2022,12/10/2022,Closed
AUD-00444,SPLR-067,4/8/2025,IATF 16949,9.3,Non-conformance,Minor,Supplier evaluation process missing risk assessment steps.,Yes,Enhance traceability documentation for all lot numbers.,6/28/2025,6/18/2025,Open
AUD-00445,SPLR-037,2/20/2024,ISO 9001:2015,4.1,Observation,Minor,Documented procedure not followed during batch production.,Yes,Conduct training sessions and maintain attendance logs.,4/7/2024,4/7/2024,Closed
AUD-00446,SPLR-014,5/8/2022,IATF 16949,6.1,Non-conformance,Major,Internal audit scope does not cover all processes.,Yes,Revise and train staff on procedure adherence.,6/29/2022,7/17/2022,Closed
AUD-00447,SPLR-071,5/2/2023,IATF 16949,4.2,Non-conformance,Minor,Traceability records incomplete for critical components.,Yes,Enhance traceability documentation for all lot numbers.,6/27/2023,7/7/2023,Closed
AUD-00448,SPLR-091,5/30/2023,ISO 9001:2015,8.2,Observation,Minor,Customer complaint process not well-defined in procedure.,Yes,Conduct training sessions and maintain attendance logs.,8/26/2023,9/25/2023,Closed
AUD-00449,SPLR-095,2/1/2023,IATF 16949,8.3,Non-conformance,Major,Control of non-conforming product is not effectively implemented.,Yes,Update calibration records and schedule preventive calibration.,3/14/2023,3/15/2023,Closed
AUD-00450,SPLR-075,3/25/2022,IATF 16949,6.3,Observation,Minor,Internal audit scope does not cover all processes.,Yes,Integrate risk assessment into supplier evaluation template.,5/2/2022,5/2/2022,Closed
AUD-00451,SPLR-077,11/8/2023,IATF 16949,5.2,Non-conformance,Major,Documented procedure not followed during batch production.,Yes,Implement formal non-conformance containment measures.,2/5/2024,2/15/2024,Closed
AUD-00452,SPLR-067,10/1/2024,IATF 16949,4.3,Non-conformance,Minor,Preventive maintenance schedule not adhered to.,Yes,Expand audit scope and ensure full coverage.,11/14/2024,11/15/2024,Closed
AUD-00453,SPLR-085,5/1/2024,IATF 16949,4.3,Observation,Major,Preventive maintenance schedule not adhered to.,Yes,Conduct training sessions and maintain attendance logs.,7/26/2024,7/29/2024,Closed
AUD-00454,SPLR-097,1/9/2024,IATF 16949,6.1,Non-conformance,Minor,Management review records lack evidence of action tracking.,Yes,Expand audit scope and ensure full coverage.,3/9/2024,4/3/2024,Closed
AUD-00455,SPLR-088,12/10/2023,IATF 16949,6.2,Observation,Major,Management review records lack evidence of action tracking.,Yes,Document action items and track their closure status.,1/24/2024,1/16/2024,Closed
AUD-00456,SPLR-099,8/21/2022,IATF 16949,6.3,Observation,Major,Internal audit scope does not cover all processes.,Yes,Integrate risk assessment into supplier evaluation template.,9/21/2022,10/14/2022,Closed
AUD-00457,SPLR-013,9/23/2024,ISO 9001:2015,6.1,Non-conformance,Minor,Inadequate training records for new operators.,Yes,Develop and follow a strict maintenance timetable.,11/24/2024,11/19/2024,Closed
AUD-00458,SPLR-027,5/15/2022,ISO 9001:2015,9.1,Observation,Minor,Inadequate training records for new operators.,Yes,Enhance traceability documentation for all lot numbers.,8/6/2022,8/2/2022,Closed
AUD-00459,SPLR-007,11/11/2022,ISO 9001:2015,7.2,Non-conformance,Major,Preventive maintenance schedule not adhered to.,Yes,Revise and train staff on procedure adherence.,12/16/2022,12/10/2022,Closed
AUD-00460,SPLR-058,2/16/2025,ISO 9001:2015,8.2,Observation,Major,Inadequate training records for new operators.,Yes,Integrate risk assessment into supplier evaluation template.,4/13/2025,4/27/2025,Closed
AUD-00461,SPLR-009,10/10/2023,ISO 9001:2015,7.1,Non-conformance,Minor,Lack of evidence for calibration records of measuring equipment.,Yes,Expand audit scope and ensure full coverage.,11/9/2023,12/8/2023,Closed
AUD-00462,SPLR-098,1/3/2024,ISO 9001:2015,6.1,Observation,Major,Supplier evaluation process missing risk assessment steps.,Yes,Document action items and track their closure status.,2/7/2024,2/15/2024,Closed
AUD-00463,SPLR-096,3/20/2024,ISO 9001:2015,7.2,Observation,Major,Control of non-conforming product is not effectively implemented.,Yes,Expand audit scope and ensure full coverage.,5/3/2024,5/1/2024,Closed
AUD-00464,SPLR-019,10/23/2022,IATF 16949,10.3,Non-conformance,Minor,Preventive maintenance schedule not adhered to.,Yes,Revise and train staff on procedure adherence.,12/27/2022,1/21/2023,Closed
AUD-00465,SPLR-096,1/11/2022,IATF 16949,9.3,Observation,Minor,Internal audit scope does not cover all processes.,Yes,Update calibration records and schedule preventive calibration.,3/1/2022,3/4/2022,Closed
AUD-00466,SPLR-025,4/25/2024,ISO 9001:2015,5.1,Non-conformance,Minor,Control of non-conforming product is not effectively implemented.,Yes,Conduct training sessions and maintain attendance logs.,7/3/2024,7/9/2024,Closed
AUD-00467,SPLR-010,3/7/2025,ISO 9001:2015,10.2,Observation,Minor,Internal audit scope does not cover all processes.,Yes,Define and communicate complaint handling procedure.,5/17/2025,6/11/2025,Open
AUD-00468,SPLR-046,5/29/2023,ISO 9001:2015,5.2,Non-conformance,Minor,Management review records lack evidence of action tracking.,Yes,Define and communicate complaint handling procedure.,8/27/2023,9/7/2023,Closed
AUD-00469,SPLR-058,7/24/2022,IATF 16949,10.2,Observation,Major,Lack of evidence for calibration records of measuring equipment.,Yes,Conduct training sessions and maintain attendance logs.,9/12/2022,10/3/2022,Closed
AUD-00470,SPLR-055,4/11/2025,ISO 9001:2015,8.2,Non-conformance,Minor,Management review records lack evidence of action tracking.,Yes,Develop and follow a strict maintenance timetable.,7/1/2025,7/11/2025,Open
AUD-00471,SPLR-018,10/4/2023,ISO 9001:2015,10.1,Observation,Major,Inadequate training records for new operators.,Yes,Enhance traceability documentation for all lot numbers.,11/20/2023,12/3/2023,Closed
AUD-00472,SPLR-023,8/5/2024,IATF 16949,7.3,Non-conformance,Major,Supplier evaluation process missing risk assessment steps.,Yes,Define and communicate complaint handling procedure.,10/9/2024,10/5/2024,Closed
AUD-00473,SPLR-065,10/14/2022,ISO 9001:2015,6.1,Non-conformance,Major,Lack of evidence for calibration records of measuring equipment.,Yes,Update calibration records and schedule preventive calibration.,1/9/2023,12/31/2022,Closed
AUD-00474,SPLR-061,4/23/2025,ISO 9001:2015,4.1,Non-conformance,Major,Internal audit scope does not cover all processes.,Yes,Integrate risk assessment into supplier evaluation template.,6/26/2025,7/20/2025,Open
AUD-00475,SPLR-065,3/14/2024,ISO 9001:2015,10.1,Non-conformance,Major,Management review records lack evidence of action tracking.,Yes,Integrate risk assessment into supplier evaluation template.,4/21/2024,5/10/2024,Closed
AUD-00476,SPLR-097,1/16/2024,ISO 9001:2015,9.1,Non-conformance,Major,Inadequate training records for new operators.,Yes,Document action items and track their closure status.,3/29/2024,3/29/2024,Closed
AUD-00477,SPLR-046,11/23/2022,ISO 9001:2015,8.2,Non-conformance,Minor,Management review records lack evidence of action tracking.,Yes,Implement formal non-conformance containment measures.,2/8/2023,2/28/2023,Closed
AUD-00478,SPLR-086,9/25/2024,ISO 9001:2015,4.2,Non-conformance,Major,Supplier evaluation process missing risk assessment steps.,Yes,Develop and follow a strict maintenance timetable.,11/8/2024,10/31/2024,Closed
AUD-00479,SPLR-014,3/5/2024,IATF 16949,8.3,Observation,Major,Documented procedure not followed during batch production.,Yes,Revise and train staff on procedure adherence.,5/15/2024,5/25/2024,Closed
AUD-00480,SPLR-067,3/31/2025,ISO 9001:2015,7.1,Observation,Major,Traceability records incomplete for critical components.,Yes,Develop and follow a strict maintenance timetable.,6/6/2025,5/31/2025,Open
AUD-00481,SPLR-078,4/2/2023,IATF 16949,7.3,Non-conformance,Minor,Preventive maintenance schedule not adhered to.,Yes,Define and communicate complaint handling procedure.,6/21/2023,7/11/2023,Closed
AUD-00482,SPLR-028,6/19/2024,ISO 9001:2015,5.2,Non-conformance,Minor,Lack of evidence for calibration records of measuring equipment.,Yes,Expand audit scope and ensure full coverage.,8/29/2024,9/5/2024,Closed
AUD-00483,SPLR-093,11/19/2022,IATF 16949,10.2,Non-conformance,Major,Lack of evidence for calibration records of measuring equipment.,Yes,Conduct training sessions and maintain attendance logs.,1/14/2023,1/25/2023,Closed
AUD-00484,SPLR-003,9/7/2024,IATF 16949,6.1,Non-conformance,Minor,Management review records lack evidence of action tracking.,Yes,Implement formal non-conformance containment measures.,11/17/2024,12/3/2024,Closed
AUD-00485,SPLR-019,9/19/2022,ISO 9001:2015,5.1,Non-conformance,Minor,Internal audit scope does not cover all processes.,Yes,Revise and train staff on procedure adherence.,12/15/2022,1/10/2023,Closed
AUD-00486,SPLR-003,6/13/2023,ISO 9001:2015,8.1,Observation,Minor,Traceability records incomplete for critical components.,Yes,Document action items and track their closure status.,8/18/2023,9/17/2023,Closed
AUD-00487,SPLR-053,3/20/2023,IATF 16949,10.2,Non-conformance,Minor,Customer complaint process not well-defined in procedure.,Yes,Define and communicate complaint handling procedure.,4/29/2023,5/3/2023,Closed
AUD-00488,SPLR-009,11/12/2024,IATF 16949,5.3,Non-conformance,Major,Preventive maintenance schedule not adhered to.,Yes,Define and communicate complaint handling procedure.,1/19/2025,2/15/2025,Closed
AUD-00489,SPLR-088,2/29/2024,ISO 9001:2015,4.2,Observation,Minor,Documented procedure not followed during batch production.,Yes,Conduct training sessions and maintain attendance logs.,5/2/2024,5/24/2024,Closed
AUD-00490,SPLR-065,7/17/2022,ISO 9001:2015,7.2,Non-conformance,Minor,Management review records lack evidence of action tracking.,Yes,Document action items and track their closure status.,8/18/2022,9/11/2022,Closed
AUD-00491,SPLR-067,9/14/2024,ISO 9001:2015,8.2,Observation,Major,Internal audit scope does not cover all processes.,Yes,Revise and train staff on procedure adherence.,12/10/2024,12/27/2024,Closed
AUD-00492,SPLR-095,3/30/2022,IATF 16949,6.2,Non-conformance,Major,Customer complaint process not well-defined in procedure.,Yes,Enhance traceability documentation for all lot numbers.,5/21/2022,6/17/2022,Closed
AUD-00493,SPLR-070,10/2/2022,IATF 16949,9.1,Observation,Major,Inadequate training records for new operators.,Yes,Update calibration records and schedule preventive calibration.,11/19/2022,12/17/2022,Closed
AUD-00494,SPLR-067,1/23/2023,ISO 9001:2015,9.2,Non-conformance,Major,Documented procedure not followed during batch production.,Yes,Document action items and track their closure status.,3/27/2023,3/24/2023,Closed
AUD-00495,SPLR-084,2/25/2023,IATF 16949,8.2,Observation,Major,Preventive maintenance schedule not adhered to.,Yes,Update calibration records and schedule preventive calibration.,4/5/2023,4/22/2023,Closed
AUD-00496,SPLR-097,1/2/2025,IATF 16949,10.1,Non-conformance,Major,Preventive maintenance schedule not adhered to.,Yes,Document action items and track their closure status.,2/18/2025,3/5/2025,Closed
AUD-00497,SPLR-033,2/4/2025,IATF 16949,5.3,Observation,Major,Preventive maintenance schedule not adhered to.,Yes,Expand audit scope and ensure full coverage.,4/10/2025,4/30/2025,Closed
AUD-00498,SPLR-013,3/26/2024,ISO 9001:2015,10.2,Non-conformance,Major,Lack of evidence for calibration records of measuring equipment.,Yes,Conduct training sessions and maintain attendance logs.,5/23/2024,5/23/2024,Closed
AUD-00499,SPLR-019,11/25/2023,ISO 9001:2015,5.1,Observation,Major,Traceability records incomplete for critical components.,Yes,Revise and train staff on procedure adherence.,2/14/2024,2/9/2024,Closed
AUD-00500,SPLR-005,6/30/2022,ISO 9001:2015,6.1,Observation,Major,Inadequate training records for new operators.,Yes,Develop and follow a strict maintenance timetable.,8/4/2022,9/1/2022,Closed
AUD-00501,SPLR-057,12/3/2024,IATF 16949,10.2,Non-conformance,Minor,Documented procedure not followed during batch production.,Yes,Implement formal non-conformance containment measures.,2/11/2025,3/4/2025,Closed
AUD-00502,SPLR-090,11/27/2024,IATF 16949,6.1,Non-conformance,Minor,Documented procedure not followed during batch production.,Yes,Document action items and track their closure status.,1/28/2025,2/20/2025,Closed
AUD-00503,SPLR-100,3/15/2022,IATF 16949,6.2,Observation,Major,Documented procedure not followed during batch production.,Yes,Implement formal non-conformance containment measures.,4/19/2022,4/26/2022,Closed
AUD-00504,SPLR-012,3/20/2024,IATF 16949,10.1,Observation,Major,Inadequate training records for new operators.,Yes,Expand audit scope and ensure full coverage.,4/19/2024,4/13/2024,Closed
AUD-00505,SPLR-074,12/13/2023,IATF 16949,6.2,Non-conformance,Major,Management review records lack evidence of action tracking.,Yes,Conduct training sessions and maintain attendance logs.,2/10/2024,2/25/2024,Closed
AUD-00506,SPLR-038,12/25/2022,IATF 16949,9.2,Observation,Minor,Lack of evidence for calibration records of measuring equipment.,Yes,Expand audit scope and ensure full coverage.,1/28/2023,2/19/2023,Closed
AUD-00507,SPLR-049,11/17/2024,IATF 16949,9.3,Observation,Minor,Management review records lack evidence of action tracking.,Yes,Integrate risk assessment into supplier evaluation template.,1/30/2025,2/17/2025,Closed
AUD-00508,SPLR-034,11/27/2023,IATF 16949,8.3,Non-conformance,Major,Management review records lack evidence of action tracking.,Yes,Revise and train staff on procedure adherence.,1/26/2024,1/23/2024,Closed
AUD-00509,SPLR-069,3/28/2023,ISO 9001:2015,10.1,Non-conformance,Major,Preventive maintenance schedule not adhered to.,Yes,Enhance traceability documentation for all lot numbers.,5/19/2023,6/11/2023,Closed
AUD-00510,SPLR-023,5/24/2023,IATF 16949,4.3,Observation,Major,Traceability records incomplete for critical components.,Yes,Develop and follow a strict maintenance timetable.,6/27/2023,7/22/2023,Closed
AUD-00511,SPLR-064,12/26/2023,ISO 9001:2015,8.2,Non-conformance,Minor,Supplier evaluation process missing risk assessment steps.,Yes,Implement formal non-conformance containment measures.,3/25/2024,3/27/2024,Closed
AUD-00512,SPLR-080,5/11/2023,IATF 16949,6.1,Observation,Minor,Inadequate training records for new operators.,Yes,Conduct training sessions and maintain attendance logs.,8/2/2023,8/7/2023,Closed
AUD-00513,SPLR-006,8/7/2022,ISO 9001:2015,4.2,Observation,Major,Customer complaint process not well-defined in procedure.,Yes,Document action items and track their closure status.,9/6/2022,9/30/2022,Closed
AUD-00514,SPLR-036,10/8/2023,IATF 16949,10.1,Observation,Minor,Supplier evaluation process missing risk assessment steps.,Yes,Define and communicate complaint handling procedure.,11/18/2023,12/10/2023,Closed
AUD-00515,SPLR-005,3/27/2025,ISO 9001:2015,4.1,Observation,Major,Internal audit scope does not cover all processes.,Yes,Enhance traceability documentation for all lot numbers.,5/26/2025,6/19/2025,Open
AUD-00516,SPLR-002,12/24/2022,IATF 16949,5.1,Non-conformance,Major,Internal audit scope does not cover all processes.,Yes,Define and communicate complaint handling procedure.,2/12/2023,2/2/2023,Closed
AUD-00517,SPLR-024,4/4/2025,ISO 9001:2015,6.2,Observation,Minor,Preventive maintenance schedule not adhered to.,Yes,Document action items and track their closure status.,6/28/2025,7/4/2025,Open
AUD-00518,SPLR-055,7/6/2023,IATF 16949,10.2,Non-conformance,Major,Preventive maintenance schedule not adhered to.,Yes,Develop and follow a strict maintenance timetable.,8/16/2023,9/6/2023,Closed
AUD-00519,SPLR-017,2/2/2024,IATF 16949,8.1,Non-conformance,Minor,Supplier evaluation process missing risk assessment steps.,Yes,Define and communicate complaint handling procedure.,3/14/2024,4/9/2024,Closed
AUD-00520,SPLR-095,7/7/2023,ISO 9001:2015,8.1,Non-conformance,Major,Traceability records incomplete for critical components.,Yes,Enhance traceability documentation for all lot numbers.,8/18/2023,8/17/2023,Closed
AUD-00521,SPLR-067,1/20/2022,ISO 9001:2015,7.1,Observation,Major,Customer complaint process not well-defined in procedure.,Yes,Implement formal non-conformance containment measures.,4/17/2022,5/17/2022,Closed
AUD-00522,SPLR-089,9/7/2023,IATF 16949,9.3,Non-conformance,Minor,Management review records lack evidence of action tracking.,Yes,Revise and train staff on procedure adherence.,11/1/2023,10/28/2023,Closed
AUD-00523,SPLR-034,3/18/2023,IATF 16949,9.1,Observation,Major,Lack of evidence for calibration records of measuring equipment.,Yes,Define and communicate complaint handling procedure.,6/3/2023,6/14/2023,Closed
AUD-00524,SPLR-087,2/21/2025,IATF 16949,7.3,Non-conformance,Minor,Documented procedure not followed during batch production.,Yes,Enhance traceability documentation for all lot numbers.,3/30/2025,4/11/2025,Closed
AUD-00525,SPLR-011,8/6/2023,IATF 16949,7.2,Observation,Major,Internal audit scope does not cover all processes.,Yes,Define and communicate complaint handling procedure.,10/24/2023,11/11/2023,Closed
AUD-00526,SPLR-079,8/7/2024,ISO 9001:2015,10.2,Observation,Minor,Control of non-conforming product is not effectively implemented.,Yes,Develop and follow a strict maintenance timetable.,10/2/2024,11/1/2024,Closed
AUD-00527,SPLR-091,6/12/2022,ISO 9001:2015,6.2,Observation,Major,Inadequate training records for new operators.,Yes,Develop and follow a strict maintenance timetable.,8/1/2022,8/9/2022,Closed
AUD-00528,SPLR-022,7/10/2023,IATF 16949,7.3,Non-conformance,Minor,Management review records lack evidence of action tracking.,Yes,Expand audit scope and ensure full coverage.,9/6/2023,9/22/2023,Closed
AUD-00529,SPLR-051,9/14/2022,ISO 9001:2015,9.1,Non-conformance,Minor,Supplier evaluation process missing risk assessment steps.,Yes,Update calibration records and schedule preventive calibration.,10/27/2022,10/27/2022,Closed
AUD-00530,SPLR-068,5/11/2022,IATF 16949,9.3,Non-conformance,Minor,Documented procedure not followed during batch production.,Yes,Revise and train staff on procedure adherence.,7/29/2022,8/13/2022,Closed
AUD-00531,SPLR-095,6/22/2023,ISO 9001:2015,4.2,Observation,Major,Traceability records incomplete for critical components.,Yes,Integrate risk assessment into supplier evaluation template.,8/5/2023,8/10/2023,Closed
AUD-00532,SPLR-042,9/16/2022,ISO 9001:2015,8.1,Observation,Major,Control of non-conforming product is not effectively implemented.,Yes,Revise and train staff on procedure adherence.,10/18/2022,10/30/2022,Closed
AUD-00533,SPLR-023,1/12/2025,IATF 16949,9.3,Observation,Major,Customer complaint process not well-defined in procedure.,Yes,Implement formal non-conformance containment measures.,4/12/2025,5/6/2025,Closed
AUD-00534,SPLR-057,12/8/2024,IATF 16949,7.3,Observation,Major,Customer complaint process not well-defined in procedure.,Yes,Expand audit scope and ensure full coverage.,1/21/2025,1/16/2025,Closed
AUD-00535,SPLR-098,4/24/2024,IATF 16949,5.2,Non-conformance,Major,Supplier evaluation process missing risk assessment steps.,Yes,Revise and train staff on procedure adherence.,5/24/2024,6/16/2024,Closed
AUD-00536,SPLR-039,8/11/2023,IATF 16949,9.3,Non-conformance,Major,Documented procedure not followed during batch production.,Yes,Define and communicate complaint handling procedure.,11/9/2023,11/29/2023,Closed
AUD-00537,SPLR-053,8/23/2023,ISO 9001:2015,10.1,Observation,Major,Documented procedure not followed during batch production.,Yes,Expand audit scope and ensure full coverage.,10/15/2023,10/17/2023,Closed
AUD-00538,SPLR-011,5/27/2023,ISO 9001:2015,9.2,Observation,Minor,Traceability records incomplete for critical components.,Yes,Enhance traceability documentation for all lot numbers.,7/10/2023,7/16/2023,Closed
AUD-00539,SPLR-009,11/24/2024,IATF 16949,7.1,Non-conformance,Minor,Internal audit scope does not cover all processes.,Yes,Integrate risk assessment into supplier evaluation template.,1/19/2025,1/21/2025,Closed
AUD-00540,SPLR-090,8/17/2023,ISO 9001:2015,9.1,Observation,Minor,Customer complaint process not well-defined in procedure.,Yes,Document action items and track their closure status.,10/14/2023,10/21/2023,Closed
AUD-00541,SPLR-014,10/19/2023,ISO 9001:2015,5.1,Observation,Major,Documented procedure not followed during batch production.,Yes,Expand audit scope and ensure full coverage.,11/19/2023,11/20/2023,Closed
AUD-00542,SPLR-064,9/14/2022,IATF 16949,4.1,Non-conformance,Major,Inadequate training records for new operators.,Yes,Update calibration records and schedule preventive calibration.,10/23/2022,10/13/2022,Closed
AUD-00543,SPLR-043,5/10/2024,IATF 16949,9.1,Non-conformance,Minor,Preventive maintenance schedule not adhered to.,Yes,Define and communicate complaint handling procedure.,7/23/2024,7/15/2024,Closed
AUD-00544,SPLR-025,4/25/2022,IATF 16949,8.1,Observation,Major,Lack of evidence for calibration records of measuring equipment.,Yes,Expand audit scope and ensure full coverage.,6/24/2022,6/25/2022,Closed
AUD-00545,SPLR-032,1/26/2022,ISO 9001:2015,10.1,Non-conformance,Minor,Inadequate training records for new operators.,Yes,Enhance traceability documentation for all lot numbers.,4/15/2022,5/3/2022,Closed
AUD-00546,SPLR-042,8/1/2024,ISO 9001:2015,8.1,Non-conformance,Minor,Inadequate training records for new operators.,Yes,Define and communicate complaint handling procedure.,9/24/2024,10/3/2024,Closed
AUD-00547,SPLR-007,1/30/2025,ISO 9001:2015,6.1,Non-conformance,Minor,Customer complaint process not well-defined in procedure.,Yes,Integrate risk assessment into supplier evaluation template.,3/13/2025,3/26/2025,Closed
AUD-00548,SPLR-075,4/29/2023,IATF 16949,7.2,Non-conformance,Major,Documented procedure not followed during batch production.,Yes,Implement formal non-conformance containment measures.,7/18/2023,7/25/2023,Closed
AUD-00549,SPLR-020,5/13/2023,ISO 9001:2015,4.1,Observation,Minor,Management review records lack evidence of action tracking.,Yes,Define and communicate complaint handling procedure.,7/26/2023,8/23/2023,Closed
AUD-00550,SPLR-008,5/25/2023,ISO 9001:2015,7.2,Non-conformance,Major,Lack of evidence for calibration records of measuring equipment.,Yes,Document action items and track their closure status.,7/15/2023,8/14/2023,Closed
AUD-00551,SPLR-083,11/12/2022,ISO 9001:2015,5.1,Observation,Major,Customer complaint process not well-defined in procedure.,Yes,Conduct training sessions and maintain attendance logs.,1/1/2023,1/26/2023,Closed
AUD-00552,SPLR-033,1/31/2023,ISO 9001:2015,9.2,Non-conformance,Major,Traceability records incomplete for critical components.,Yes,Develop and follow a strict maintenance timetable.,4/17/2023,4/15/2023,Closed
AUD-00553,SPLR-070,6/15/2024,IATF 16949,9.3,Observation,Major,Customer complaint process not well-defined in procedure.,Yes,Conduct training sessions and maintain attendance logs.,8/20/2024,8/21/2024,Closed
AUD-00554,SPLR-020,8/17/2024,IATF 16949,10.2,Observation,Major,Internal audit scope does not cover all processes.,Yes,Implement formal non-conformance containment measures.,9/20/2024,10/13/2024,Closed
AUD-00555,SPLR-003,6/24/2023,IATF 16949,8.3,Observation,Minor,Documented procedure not followed during batch production.,Yes,Expand audit scope and ensure full coverage.,8/17/2023,8/18/2023,Closed
AUD-00556,SPLR-088,10/19/2023,ISO 9001:2015,9.1,Observation,Minor,Internal audit scope does not cover all processes.,Yes,Enhance traceability documentation for all lot numbers.,11/30/2023,12/23/2023,Closed
AUD-00557,SPLR-085,8/3/2023,IATF 16949,8.2,Non-conformance,Minor,Preventive maintenance schedule not adhered to.,Yes,Update calibration records and schedule preventive calibration.,9/8/2023,10/1/2023,Closed
AUD-00558,SPLR-025,9/23/2022,ISO 9001:2015,10.2,Non-conformance,Minor,Documented procedure not followed during batch production.,Yes,Conduct training sessions and maintain attendance logs.,10/29/2022,11/19/2022,Closed
AUD-00559,SPLR-033,3/15/2025,IATF 16949,9.1,Non-conformance,Major,Internal audit scope does not cover all processes.,Yes,Document action items and track their closure status.,5/28/2025,6/24/2025,Open
AUD-00560,SPLR-060,3/29/2023,ISO 9001:2015,4.1,Non-conformance,Major,Inadequate training records for new operators.,Yes,Define and communicate complaint handling procedure.,6/26/2023,6/21/2023,Closed
AUD-00561,SPLR-006,2/16/2025,IATF 16949,7.3,Non-conformance,Major,Documented procedure not followed during batch production.,Yes,Document action items and track their closure status.,4/4/2025,4/27/2025,Closed
AUD-00562,SPLR-069,6/9/2022,ISO 9001:2015,8.1,Observation,Minor,Lack of evidence for calibration records of measuring equipment.,Yes,Update calibration records and schedule preventive calibration.,8/24/2022,8/28/2022,Closed
AUD-00563,SPLR-054,1/31/2023,ISO 9001:2015,8.2,Non-conformance,Major,Control of non-conforming product is not effectively implemented.,Yes,Expand audit scope and ensure full coverage.,4/18/2023,5/13/2023,Closed
AUD-00564,SPLR-065,7/28/2024,IATF 16949,5.1,Observation,Minor,Control of non-conforming product is not effectively implemented.,Yes,Implement formal non-conformance containment measures.,10/1/2024,10/16/2024,Closed
AUD-00565,SPLR-053,12/29/2024,IATF 16949,7.3,Observation,Major,Preventive maintenance schedule not adhered to.,Yes,Expand audit scope and ensure full coverage.,2/17/2025,3/2/2025,Closed
AUD-00566,SPLR-058,5/8/2023,ISO 9001:2015,7.1,Observation,Minor,Internal audit scope does not cover all processes.,Yes,Integrate risk assessment into supplier evaluation template.,6/30/2023,7/18/2023,Closed
AUD-00567,SPLR-001,3/12/2022,IATF 16949,10.2,Observation,Minor,Documented procedure not followed during batch production.,Yes,Expand audit scope and ensure full coverage.,4/19/2022,4/28/2022,Closed
AUD-00568,SPLR-074,3/16/2023,IATF 16949,4.1,Non-conformance,Minor,Supplier evaluation process missing risk assessment steps.,Yes,Expand audit scope and ensure full coverage.,5/17/2023,6/11/2023,Closed
AUD-00569,SPLR-075,3/19/2022,IATF 16949,7.3,Non-conformance,Minor,Control of non-conforming product is not effectively implemented.,Yes,Implement formal non-conformance containment measures.,5/4/2022,5/17/2022,Closed
AUD-00570,SPLR-094,6/9/2023,IATF 16949,4.3,Non-conformance,Major,Management review records lack evidence of action tracking.,Yes,Enhance traceability documentation for all lot numbers.,8/14/2023,8/17/2023,Closed
AUD-00571,SPLR-005,9/15/2024,ISO 9001:2015,7.2,Observation,Minor,Management review records lack evidence of action tracking.,Yes,Update calibration records and schedule preventive calibration.,11/22/2024,12/1/2024,Closed
AUD-00572,SPLR-099,4/25/2022,IATF 16949,7.3,Non-conformance,Minor,Traceability records incomplete for critical components.,Yes,Enhance traceability documentation for all lot numbers.,7/23/2022,7/20/2022,Closed
AUD-00573,SPLR-073,2/23/2024,ISO 9001:2015,6.1,Non-conformance,Major,Internal audit scope does not cover all processes.,Yes,Revise and train staff on procedure adherence.,4/13/2024,5/7/2024,Closed
AUD-00574,SPLR-074,10/25/2024,ISO 9001:2015,5.1,Non-conformance,Minor,Documented procedure not followed during batch production.,Yes,Enhance traceability documentation for all lot numbers.,12/22/2024,1/19/2025,Closed
AUD-00575,SPLR-061,6/3/2024,IATF 16949,8.1,Non-conformance,Major,Control of non-conforming product is not effectively implemented.,Yes,Implement formal non-conformance containment measures.,7/24/2024,7/19/2024,Closed
AUD-00576,SPLR-098,6/22/2023,ISO 9001:2015,7.1,Non-conformance,Major,Internal audit scope does not cover all processes.,Yes,Enhance traceability documentation for all lot numbers.,9/9/2023,9/7/2023,Closed
AUD-00577,SPLR-079,2/19/2025,ISO 9001:2015,7.2,Non-conformance,Minor,Traceability records incomplete for critical components.,Yes,Document action items and track their closure status.,4/2/2025,4/27/2025,Closed
AUD-00578,SPLR-086,5/27/2022,IATF 16949,8.2,Observation,Major,Preventive maintenance schedule not adhered to.,Yes,Document action items and track their closure status.,7/1/2022,6/28/2022,Closed
AUD-00579,SPLR-099,1/19/2024,IATF 16949,6.1,Observation,Minor,Preventive maintenance schedule not adhered to.,Yes,Develop and follow a strict maintenance timetable.,3/27/2024,3/18/2024,Closed
AUD-00580,SPLR-026,12/18/2023,IATF 16949,10.2,Observation,Minor,Control of non-conforming product is not effectively implemented.,Yes,Define and communicate complaint handling procedure.,1/19/2024,1/23/2024,Closed
AUD-00581,SPLR-019,6/25/2022,ISO 9001:2015,9.2,Observation,Minor,Documented procedure not followed during batch production.,Yes,Conduct training sessions and maintain attendance logs.,9/23/2022,10/22/2022,Closed
AUD-00582,SPLR-027,12/5/2023,ISO 9001:2015,6.1,Non-conformance,Minor,Customer complaint process not well-defined in procedure.,Yes,Define and communicate complaint handling procedure.,1/5/2024,1/16/2024,Closed
AUD-00583,SPLR-089,1/24/2025,IATF 16949,9.3,Non-conformance,Major,Customer complaint process not well-defined in procedure.,Yes,Document action items and track their closure status.,4/10/2025,4/9/2025,Closed
AUD-00584,SPLR-090,4/8/2025,ISO 9001:2015,6.1,Observation,Minor,Control of non-conforming product is not effectively implemented.,Yes,Revise and train staff on procedure adherence.,5/26/2025,5/28/2025,Open
AUD-00585,SPLR-014,8/10/2024,ISO 9001:2015,4.2,Non-conformance,Major,Traceability records incomplete for critical components.,Yes,Integrate risk assessment into supplier evaluation template.,10/21/2024,11/3/2024,Closed
AUD-00586,SPLR-063,3/2/2024,ISO 9001:2015,7.1,Non-conformance,Minor,Internal audit scope does not cover all processes.,Yes,Update calibration records and schedule preventive calibration.,5/28/2024,6/7/2024,Closed
AUD-00587,SPLR-040,2/12/2023,IATF 16949,9.3,Observation,Major,Documented procedure not followed during batch production.,Yes,Revise and train staff on procedure adherence.,3/29/2023,4/21/2023,Closed
AUD-00588,SPLR-039,3/16/2024,ISO 9001:2015,4.1,Non-conformance,Major,Preventive maintenance schedule not adhered to.,Yes,Develop and follow a strict maintenance timetable.,5/7/2024,6/6/2024,Closed
AUD-00589,SPLR-029,5/7/2022,IATF 16949,8.1,Non-conformance,Major,Documented procedure not followed during batch production.,Yes,Expand audit scope and ensure full coverage.,8/5/2022,8/12/2022,Closed
AUD-00590,SPLR-081,3/15/2024,ISO 9001:2015,4.2,Non-conformance,Major,Traceability records incomplete for critical components.,Yes,Expand audit scope and ensure full coverage.,5/27/2024,6/25/2024,Closed
AUD-00591,SPLR-070,5/8/2023,ISO 9001:2015,7.1,Non-conformance,Minor,Supplier evaluation process missing risk assessment steps.,Yes,Document action items and track their closure status.,6/28/2023,7/16/2023,Closed
AUD-00592,SPLR-018,10/11/2022,ISO 9001:2015,10.2,Observation,Minor,Control of non-conforming product is not effectively implemented.,Yes,Integrate risk assessment into supplier evaluation template.,12/24/2022,1/16/2023,Closed
AUD-00593,SPLR-024,3/2/2025,ISO 9001:2015,6.2,Observation,Minor,Lack of evidence for calibration records of measuring equipment.,Yes,Expand audit scope and ensure full coverage.,5/5/2025,5/2/2025,Closed
AUD-00594,SPLR-095,3/2/2022,IATF 16949,8.2,Observation,Minor,Traceability records incomplete for critical components.,Yes,Integrate risk assessment into supplier evaluation template.,4/29/2022,5/29/2022,Closed
AUD-00595,SPLR-079,1/20/2023,ISO 9001:2015,5.1,Observation,Minor,Control of non-conforming product is not effectively implemented.,Yes,Revise and train staff on procedure adherence.,4/8/2023,5/7/2023,Closed
AUD-00596,SPLR-018,4/21/2023,ISO 9001:2015,9.1,Observation,Major,Documented procedure not followed during batch production.,Yes,Develop and follow a strict maintenance timetable.,5/26/2023,6/15/2023,Closed
AUD-00597,SPLR-029,1/12/2023,IATF 16949,9.1,Non-conformance,Major,Customer complaint process not well-defined in procedure.,Yes,Implement formal non-conformance containment measures.,2/21/2023,2/23/2023,Closed
AUD-00598,SPLR-009,1/31/2022,IATF 16949,8.2,Non-conformance,Major,Inadequate training records for new operators.,Yes,Conduct training sessions and maintain attendance logs.,4/19/2022,4/22/2022,Closed
AUD-00599,SPLR-078,9/30/2024,IATF 16949,8.3,Observation,Major,Inadequate training records for new operators.,Yes,Enhance traceability documentation for all lot numbers.,11/24/2024,11/16/2024,Closed
AUD-00600,SPLR-032,3/18/2024,ISO 9001:2015,8.1,Observation,Minor,Lack of evidence for calibration records of measuring equipment.,Yes,Define and communicate complaint handling procedure.,5/16/2024,5/8/2024,Closed
AUD-00601,SPLR-051,2/16/2025,IATF 16949,9.2,Observation,Major,Documented procedure not followed during batch production.,Yes,Conduct training sessions and maintain attendance logs.,4/5/2025,4/23/2025,Closed
AUD-00602,SPLR-089,8/2/2024,ISO 9001:2015,7.1,Non-conformance,Major,Supplier evaluation process missing risk assessment steps.,Yes,Document action items and track their closure status.,10/29/2024,10/22/2024,Closed
AUD-00603,SPLR-090,7/14/2024,ISO 9001:2015,9.2,Non-conformance,Major,Internal audit scope does not cover all processes.,Yes,Update calibration records and schedule preventive calibration.,8/24/2024,9/20/2024,Closed
AUD-00604,SPLR-092,4/26/2024,IATF 16949,8.3,Non-conformance,Major,Documented procedure not followed during batch production.,Yes,Implement formal non-conformance containment measures.,6/24/2024,7/21/2024,Closed
AUD-00605,SPLR-091,7/4/2022,IATF 16949,7.2,Observation,Major,Control of non-conforming product is not effectively implemented.,Yes,Update calibration records and schedule preventive calibration.,8/8/2022,8/5/2022,Closed
AUD-00606,SPLR-049,6/24/2022,IATF 16949,9.2,Non-conformance,Minor,Management review records lack evidence of action tracking.,Yes,Implement formal non-conformance containment measures.,8/17/2022,9/11/2022,Closed
AUD-00607,SPLR-054,11/18/2023,ISO 9001:2015,5.1,Observation,Major,Control of non-conforming product is not effectively implemented.,Yes,Implement formal non-conformance containment measures.,2/5/2024,1/29/2024,Closed
AUD-00608,SPLR-026,7/2/2024,IATF 16949,10.3,Non-conformance,Major,Control of non-conforming product is not effectively implemented.,Yes,Update calibration records and schedule preventive calibration.,9/27/2024,9/25/2024,Closed
AUD-00609,SPLR-078,1/26/2022,IATF 16949,9.1,Observation,Minor,Customer complaint process not well-defined in procedure.,Yes,Expand audit scope and ensure full coverage.,4/17/2022,4/7/2022,Closed
AUD-00610,SPLR-077,3/21/2023,IATF 16949,8.3,Non-conformance,Minor,Traceability records incomplete for critical components.,Yes,Define and communicate complaint handling procedure.,4/25/2023,5/23/2023,Closed
AUD-00611,SPLR-019,1/25/2025,IATF 16949,10.2,Non-conformance,Major,Internal audit scope does not cover all processes.,Yes,Conduct training sessions and maintain attendance logs.,2/27/2025,2/28/2025,Closed
AUD-00612,SPLR-039,3/17/2022,ISO 9001:2015,10.2,Observation,Minor,Documented procedure not followed during batch production.,Yes,Document action items and track their closure status.,6/8/2022,7/6/2022,Closed
AUD-00613,SPLR-079,4/11/2022,ISO 9001:2015,7.1,Non-conformance,Major,Control of non-conforming product is not effectively implemented.,Yes,Implement formal non-conformance containment measures.,6/23/2022,7/1/2022,Closed
AUD-00614,SPLR-049,3/31/2025,IATF 16949,4.2,Non-conformance,Major,Lack of evidence for calibration records of measuring equipment.,Yes,Integrate risk assessment into supplier evaluation template.,5/20/2025,6/2/2025,Open
AUD-00615,SPLR-043,2/1/2025,ISO 9001:2015,6.1,Observation,Minor,Customer complaint process not well-defined in procedure.,Yes,Implement formal non-conformance containment measures.,3/10/2025,3/17/2025,Closed
AUD-00616,SPLR-093,3/5/2023,ISO 9001:2015,4.2,Observation,Major,Management review records lack evidence of action tracking.,Yes,Expand audit scope and ensure full coverage.,4/9/2023,4/29/2023,Closed
AUD-00617,SPLR-079,10/11/2023,IATF 16949,9.2,Observation,Major,Management review records lack evidence of action tracking.,Yes,Document action items and track their closure status.,12/2/2023,11/30/2023,Closed
AUD-00618,SPLR-016,10/5/2024,ISO 9001:2015,8.2,Non-conformance,Major,Inadequate training records for new operators.,Yes,Integrate risk assessment into supplier evaluation template.,11/16/2024,11/6/2024,Closed
AUD-00619,SPLR-043,8/30/2022,ISO 9001:2015,10.1,Observation,Minor,Management review records lack evidence of action tracking.,Yes,Enhance traceability documentation for all lot numbers.,10/25/2022,10/17/2022,Closed
AUD-00620,SPLR-040,1/24/2022,ISO 9001:2015,9.2,Observation,Major,Supplier evaluation process missing risk assessment steps.,Yes,Integrate risk assessment into supplier evaluation template.,4/14/2022,4/8/2022,Closed
AUD-00621,SPLR-079,1/13/2022,ISO 9001:2015,9.1,Non-conformance,Minor,Preventive maintenance schedule not adhered to.,Yes,Develop and follow a strict maintenance timetable.,3/9/2022,4/4/2022,Closed
AUD-00622,SPLR-083,2/2/2023,IATF 16949,7.2,Non-conformance,Major,Customer complaint process not well-defined in procedure.,Yes,Define and communicate complaint handling procedure.,4/24/2023,4/16/2023,Closed
AUD-00623,SPLR-096,11/15/2022,IATF 16949,9.3,Non-conformance,Major,Preventive maintenance schedule not adhered to.,Yes,Define and communicate complaint handling procedure.,2/3/2023,2/19/2023,Closed
AUD-00624,SPLR-088,3/3/2025,IATF 16949,9.3,Observation,Major,Internal audit scope does not cover all processes.,Yes,Revise and train staff on procedure adherence.,4/15/2025,5/11/2025,Closed
AUD-00625,SPLR-069,5/16/2022,ISO 9001:2015,6.1,Non-conformance,Major,Documented procedure not followed during batch production.,Yes,Develop and follow a strict maintenance timetable.,7/9/2022,8/8/2022,Closed
AUD-00626,SPLR-035,1/19/2023,ISO 9001:2015,10.2,Observation,Minor,Supplier evaluation process missing risk assessment steps.,Yes,Develop and follow a strict maintenance timetable.,4/4/2023,3/27/2023,Closed
AUD-00627,SPLR-039,10/14/2024,ISO 9001:2015,6.2,Non-conformance,Minor,Customer complaint process not well-defined in procedure.,Yes,Integrate risk assessment into supplier evaluation template.,11/26/2024,12/19/2024,Closed
AUD-00628,SPLR-004,2/6/2024,ISO 9001:2015,10.1,Observation,Minor,Inadequate training records for new operators.,Yes,Update calibration records and schedule preventive calibration.,4/4/2024,4/26/2024,Closed
AUD-00629,SPLR-019,1/25/2023,IATF 16949,9.1,Non-conformance,Minor,Internal audit scope does not cover all processes.,Yes,Integrate risk assessment into supplier evaluation template.,4/14/2023,4/24/2023,Closed
AUD-00630,SPLR-040,2/25/2023,ISO 9001:2015,7.2,Non-conformance,Minor,Traceability records incomplete for critical components.,Yes,Expand audit scope and ensure full coverage.,4/3/2023,3/24/2023,Closed
AUD-00631,SPLR-003,11/14/2023,IATF 16949,4.2,Observation,Minor,Lack of evidence for calibration records of measuring equipment.,Yes,Expand audit scope and ensure full coverage.,2/1/2024,2/10/2024,Closed
AUD-00632,SPLR-099,10/20/2023,ISO 9001:2015,5.2,Observation,Minor,Supplier evaluation process missing risk assessment steps.,Yes,Integrate risk assessment into supplier evaluation template.,12/23/2023,1/2/2024,Closed
AUD-00633,SPLR-072,7/13/2023,ISO 9001:2015,5.1,Non-conformance,Minor,Supplier evaluation process missing risk assessment steps.,Yes,Update calibration records and schedule preventive calibration.,8/12/2023,9/10/2023,Closed
AUD-00634,SPLR-074,1/16/2025,IATF 16949,9.3,Non-conformance,Minor,Preventive maintenance schedule not adhered to.,Yes,Integrate risk assessment into supplier evaluation template.,2/24/2025,3/4/2025,Closed
AUD-00635,SPLR-017,5/26/2022,IATF 16949,10.2,Non-conformance,Major,Preventive maintenance schedule not adhered to.,Yes,Expand audit scope and ensure full coverage.,7/23/2022,7/16/2022,Closed
AUD-00636,SPLR-023,4/14/2022,ISO 9001:2015,7.1,Observation,Major,Documented procedure not followed during batch production.,Yes,Update calibration records and schedule preventive calibration.,6/10/2022,6/25/2022,Closed
AUD-00637,SPLR-073,10/2/2023,IATF 16949,6.1,Non-conformance,Minor,Internal audit scope does not cover all processes.,Yes,Update calibration records and schedule preventive calibration.,12/30/2023,1/18/2024,Closed
AUD-00638,SPLR-029,8/17/2024,ISO 9001:2015,7.2,Non-conformance,Major,Supplier evaluation process missing risk assessment steps.,Yes,Define and communicate complaint handling procedure.,10/16/2024,10/20/2024,Closed
AUD-00639,SPLR-004,1/15/2024,IATF 16949,5.3,Non-conformance,Major,Preventive maintenance schedule not adhered to.,Yes,Develop and follow a strict maintenance timetable.,3/14/2024,4/4/2024,Closed
AUD-00640,SPLR-078,8/20/2022,IATF 16949,9.1,Non-conformance,Minor,Customer complaint process not well-defined in procedure.,Yes,Implement formal non-conformance containment measures.,10/7/2022,10/19/2022,Closed
AUD-00641,SPLR-069,4/10/2024,ISO 9001:2015,6.2,Observation,Major,Internal audit scope does not cover all processes.,Yes,Update calibration records and schedule preventive calibration.,6/29/2024,7/8/2024,Closed
AUD-00642,SPLR-062,4/24/2025,IATF 16949,6.2,Observation,Minor,Management review records lack evidence of action tracking.,Yes,Conduct training sessions and maintain attendance logs.,6/28/2025,6/28/2025,Open
AUD-00643,SPLR-073,11/29/2023,ISO 9001:2015,10.2,Observation,Minor,Management review records lack evidence of action tracking.,Yes,Enhance traceability documentation for all lot numbers.,2/17/2024,3/5/2024,Closed
AUD-00644,SPLR-077,12/21/2022,ISO 9001:2015,9.2,Observation,Major,Management review records lack evidence of action tracking.,Yes,Define and communicate complaint handling procedure.,1/27/2023,2/23/2023,Closed
AUD-00645,SPLR-009,2/10/2025,ISO 9001:2015,10.2,Non-conformance,Major,Customer complaint process not well-defined in procedure.,Yes,Implement formal non-conformance containment measures.,3/31/2025,4/15/2025,Closed
AUD-00646,SPLR-075,11/2/2023,IATF 16949,10.3,Non-conformance,Minor,Documented procedure not followed during batch production.,Yes,Update calibration records and schedule preventive calibration.,12/15/2023,12/13/2023,Closed
AUD-00647,SPLR-058,11/2/2022,IATF 16949,9.3,Non-conformance,Minor,Supplier evaluation process missing risk assessment steps.,Yes,Enhance traceability documentation for all lot numbers.,1/10/2023,2/5/2023,Closed
AUD-00648,SPLR-012,10/11/2023,IATF 16949,10.1,Non-conformance,Major,Supplier evaluation process missing risk assessment steps.,Yes,Enhance traceability documentation for all lot numbers.,12/25/2023,1/6/2024,Closed
AUD-00649,SPLR-091,9/19/2022,IATF 16949,4.2,Observation,Minor,Preventive maintenance schedule not adhered to.,Yes,Expand audit scope and ensure full coverage.,10/22/2022,10/12/2022,Closed
AUD-00650,SPLR-041,8/1/2023,ISO 9001:2015,5.2,Observation,Major,Traceability records incomplete for critical components.,Yes,Document action items and track their closure status.,9/25/2023,10/25/2023,Closed
AUD-00651,SPLR-025,2/21/2024,IATF 16949,9.3,Observation,Major,Inadequate training records for new operators.,Yes,Implement formal non-conformance containment measures.,4/21/2024,4/19/2024,Closed
AUD-00652,SPLR-083,5/4/2024,ISO 9001:2015,6.1,Non-conformance,Minor,Control of non-conforming product is not effectively implemented.,Yes,Implement formal non-conformance containment measures.,6/3/2024,5/28/2024,Closed
AUD-00653,SPLR-059,9/23/2024,IATF 16949,5.2,Observation,Minor,Lack of evidence for calibration records of measuring equipment.,Yes,Implement formal non-conformance containment measures.,12/3/2024,12/19/2024,Closed
AUD-00654,SPLR-024,7/19/2024,IATF 16949,9.3,Observation,Minor,Customer complaint process not well-defined in procedure.,Yes,Enhance traceability documentation for all lot numbers.,9/9/2024,9/13/2024,Closed
AUD-00655,SPLR-074,3/29/2025,IATF 16949,6.2,Observation,Minor,Internal audit scope does not cover all processes.,Yes,Integrate risk assessment into supplier evaluation template.,5/24/2025,6/17/2025,Open
AUD-00656,SPLR-019,3/19/2022,IATF 16949,7.3,Observation,Major,Lack of evidence for calibration records of measuring equipment.,Yes,Document action items and track their closure status.,5/18/2022,5/13/2022,Closed
AUD-00657,SPLR-081,11/24/2024,ISO 9001:2015,8.1,Non-conformance,Major,Management review records lack evidence of action tracking.,Yes,Update calibration records and schedule preventive calibration.,1/8/2025,1/28/2025,Closed
AUD-00658,SPLR-061,4/19/2022,IATF 16949,9.3,Observation,Major,Documented procedure not followed during batch production.,Yes,Define and communicate complaint handling procedure.,6/17/2022,7/9/2022,Closed
AUD-00659,SPLR-096,12/24/2023,IATF 16949,7.1,Observation,Major,Control of non-conforming product is not effectively implemented.,Yes,Revise and train staff on procedure adherence.,3/7/2024,4/4/2024,Closed
AUD-00660,SPLR-095,5/6/2022,IATF 16949,10.1,Non-conformance,Major,Control of non-conforming product is not effectively implemented.,Yes,Document action items and track their closure status.,6/8/2022,6/16/2022,Closed
AUD-00661,SPLR-033,9/19/2024,ISO 9001:2015,5.1,Non-conformance,Major,Internal audit scope does not cover all processes.,Yes,Update calibration records and schedule preventive calibration.,12/12/2024,12/19/2024,Closed
AUD-00662,SPLR-095,7/18/2023,IATF 16949,4.1,Non-conformance,Major,Lack of evidence for calibration records of measuring equipment.,Yes,Document action items and track their closure status.,8/28/2023,9/24/2023,Closed
AUD-00663,SPLR-005,1/28/2024,ISO 9001:2015,6.1,Observation,Minor,Inadequate training records for new operators.,Yes,Define and communicate complaint handling procedure.,3/9/2024,4/1/2024,Closed
AUD-00664,SPLR-031,10/25/2022,ISO 9001:2015,10.2,Observation,Minor,Customer complaint process not well-defined in procedure.,Yes,Enhance traceability documentation for all lot numbers.,1/12/2023,1/26/2023,Closed
AUD-00665,SPLR-060,3/8/2023,IATF 16949,4.2,Observation,Major,Supplier evaluation process missing risk assessment steps.,Yes,Update calibration records and schedule preventive calibration.,4/10/2023,4/10/2023,Closed
AUD-00666,SPLR-061,9/10/2023,IATF 16949,9.3,Observation,Minor,Inadequate training records for new operators.,Yes,Enhance traceability documentation for all lot numbers.,11/22/2023,12/6/2023,Closed
AUD-00667,SPLR-068,12/22/2024,IATF 16949,4.1,Non-conformance,Minor,Supplier evaluation process missing risk assessment steps.,Yes,Define and communicate complaint handling procedure.,2/14/2025,2/24/2025,Closed
AUD-00668,SPLR-035,12/24/2024,IATF 16949,8.2,Non-conformance,Major,Management review records lack evidence of action tracking.,Yes,Integrate risk assessment into supplier evaluation template.,2/13/2025,2/20/2025,Closed
AUD-00669,SPLR-067,4/11/2025,IATF 16949,8.3,Observation,Minor,Inadequate training records for new operators.,Yes,Document action items and track their closure status.,6/29/2025,7/1/2025,Open
AUD-00670,SPLR-013,10/4/2023,ISO 9001:2015,9.1,Non-conformance,Major,Documented procedure not followed during batch production.,Yes,Update calibration records and schedule preventive calibration.,11/3/2023,11/19/2023,Closed
AUD-00671,SPLR-004,12/21/2023,ISO 9001:2015,9.2,Non-conformance,Minor,Supplier evaluation process missing risk assessment steps.,Yes,Integrate risk assessment into supplier evaluation template.,2/1/2024,1/24/2024,Closed
AUD-00672,SPLR-017,5/1/2025,ISO 9001:2015,8.2,Observation,Minor,Lack of evidence for calibration records of measuring equipment.,Yes,Update calibration records and schedule preventive calibration.,6/5/2025,7/3/2025,Open
AUD-00673,SPLR-082,8/16/2022,ISO 9001:2015,6.1,Observation,Major,Supplier evaluation process missing risk assessment steps.,Yes,Define and communicate complaint handling procedure.,10/27/2022,10/21/2022,Closed
AUD-00674,SPLR-049,5/24/2024,IATF 16949,6.3,Observation,Major,Control of non-conforming product is not effectively implemented.,Yes,Update calibration records and schedule preventive calibration.,7/10/2024,7/3/2024,Closed
AUD-00675,SPLR-026,5/4/2022,IATF 16949,6.3,Observation,Minor,Control of non-conforming product is not effectively implemented.,Yes,Define and communicate complaint handling procedure.,6/7/2022,6/28/2022,Closed
AUD-00676,SPLR-083,10/4/2024,ISO 9001:2015,5.1,Non-conformance,Major,Internal audit scope does not cover all processes.,Yes,Enhance traceability documentation for all lot numbers.,11/16/2024,12/15/2024,Closed
AUD-00677,SPLR-100,6/15/2023,ISO 9001:2015,4.1,Observation,Minor,Lack of evidence for calibration records of measuring equipment.,Yes,Update calibration records and schedule preventive calibration.,8/20/2023,8/26/2023,Closed
AUD-00678,SPLR-035,10/16/2024,ISO 9001:2015,9.1,Non-conformance,Major,Documented procedure not followed during batch production.,Yes,Revise and train staff on procedure adherence.,12/27/2024,1/10/2025,Closed
AUD-00679,SPLR-094,3/12/2024,ISO 9001:2015,8.1,Non-conformance,Minor,Customer complaint process not well-defined in procedure.,Yes,Define and communicate complaint handling procedure.,5/8/2024,5/23/2024,Closed
AUD-00680,SPLR-043,1/7/2022,IATF 16949,9.1,Observation,Major,Lack of evidence for calibration records of measuring equipment.,Yes,Document action items and track their closure status.,3/12/2022,3/24/2022,Closed
AUD-00681,SPLR-098,4/24/2022,ISO 9001:2015,6.2,Observation,Minor,Internal audit scope does not cover all processes.,Yes,Develop and follow a strict maintenance timetable.,5/29/2022,6/17/2022,Closed
AUD-00682,SPLR-014,12/28/2022,ISO 9001:2015,7.1,Observation,Major,Inadequate training records for new operators.,Yes,Integrate risk assessment into supplier evaluation template.,3/12/2023,3/26/2023,Closed
AUD-00683,SPLR-093,6/23/2022,IATF 16949,6.1,Non-conformance,Major,Control of non-conforming product is not effectively implemented.,Yes,Revise and train staff on procedure adherence.,8/4/2022,7/26/2022,Closed
AUD-00684,SPLR-058,3/7/2024,ISO 9001:2015,10.1,Non-conformance,Minor,Internal audit scope does not cover all processes.,Yes,Integrate risk assessment into supplier evaluation template.,5/7/2024,5/31/2024,Closed
AUD-00685,SPLR-084,11/26/2023,ISO 9001:2015,6.2,Observation,Minor,Documented procedure not followed during batch production.,Yes,Enhance traceability documentation for all lot numbers.,1/2/2024,1/5/2024,Closed
AUD-00686,SPLR-061,4/1/2025,ISO 9001:2015,4.2,Non-conformance,Minor,Documented procedure not followed during batch production.,Yes,Implement formal non-conformance containment measures.,6/1/2025,5/23/2025,Open
AUD-00687,SPLR-059,9/25/2022,ISO 9001:2015,5.1,Non-conformance,Minor,Documented procedure not followed during batch production.,Yes,Integrate risk assessment into supplier evaluation template.,12/16/2022,12/12/2022,Closed
AUD-00688,SPLR-026,8/6/2022,ISO 9001:2015,7.2,Observation,Major,Management review records lack evidence of action tracking.,Yes,Document action items and track their closure status.,9/19/2022,9/13/2022,Closed
AUD-00689,SPLR-028,4/3/2024,IATF 16949,5.1,Non-conformance,Minor,Management review records lack evidence of action tracking.,Yes,Expand audit scope and ensure full coverage.,5/11/2024,5/21/2024,Closed
AUD-00690,SPLR-022,11/19/2023,ISO 9001:2015,4.2,Observation,Minor,Supplier evaluation process missing risk assessment steps.,Yes,Implement formal non-conformance containment measures.,2/5/2024,2/21/2024,Closed
AUD-00691,SPLR-079,6/17/2024,ISO 9001:2015,8.2,Observation,Minor,Documented procedure not followed during batch production.,Yes,Implement formal non-conformance containment measures.,7/23/2024,8/22/2024,Closed
AUD-00692,SPLR-091,2/2/2022,IATF 16949,4.3,Observation,Major,Documented procedure not followed during batch production.,Yes,Revise and train staff on procedure adherence.,3/15/2022,3/10/2022,Closed
AUD-00693,SPLR-053,9/1/2024,ISO 9001:2015,5.2,Non-conformance,Minor,Control of non-conforming product is not effectively implemented.,Yes,Integrate risk assessment into supplier evaluation template.,11/3/2024,11/21/2024,Closed
AUD-00694,SPLR-081,3/19/2022,ISO 9001:2015,9.2,Observation,Major,Customer complaint process not well-defined in procedure.,Yes,Document action items and track their closure status.,6/17/2022,6/12/2022,Closed
AUD-00695,SPLR-013,5/7/2024,ISO 9001:2015,8.1,Observation,Minor,Inadequate training records for new operators.,Yes,Conduct training sessions and maintain attendance logs.,6/13/2024,7/6/2024,Closed
AUD-00696,SPLR-088,8/8/2024,ISO 9001:2015,6.1,Observation,Major,Documented procedure not followed during batch production.,Yes,Conduct training sessions and maintain attendance logs.,9/14/2024,9/13/2024,Closed
AUD-00697,SPLR-037,12/28/2022,ISO 9001:2015,9.1,Non-conformance,Major,Documented procedure not followed during batch production.,Yes,Revise and train staff on procedure adherence.,3/9/2023,3/22/2023,Closed
AUD-00698,SPLR-069,5/30/2023,IATF 16949,10.2,Non-conformance,Minor,Customer complaint process not well-defined in procedure.,Yes,Revise and train staff on procedure adherence.,7/5/2023,6/28/2023,Closed
AUD-00699,SPLR-093,3/1/2022,IATF 16949,9.2,Observation,Major,Lack of evidence for calibration records of measuring equipment.,Yes,Update calibration records and schedule preventive calibration.,5/27/2022,6/1/2022,Closed
AUD-00700,SPLR-042,5/8/2024,ISO 9001:2015,9.2,Non-conformance,Minor,Preventive maintenance schedule not adhered to.,Yes,Conduct training sessions and maintain attendance logs.,7/26/2024,7/23/2024,Closed
AUD-00701,SPLR-075,5/1/2023,IATF 16949,6.1,Observation,Minor,Traceability records incomplete for critical components.,Yes,Conduct training sessions and maintain attendance logs.,6/4/2023,6/24/2023,Closed
AUD-00702,SPLR-048,6/11/2024,ISO 9001:2015,5.2,Non-conformance,Major,Management review records lack evidence of action tracking.,Yes,Define and communicate complaint handling procedure.,7/22/2024,8/5/2024,Closed
AUD-00703,SPLR-089,2/2/2023,IATF 16949,6.3,Non-conformance,Major,Inadequate training records for new operators.,Yes,Develop and follow a strict maintenance timetable.,3/12/2023,3/4/2023,Closed
AUD-00704,SPLR-098,10/7/2022,ISO 9001:2015,10.2,Observation,Minor,Customer complaint process not well-defined in procedure.,Yes,Define and communicate complaint handling procedure.,12/2/2022,12/2/2022,Closed
AUD-00705,SPLR-030,8/28/2023,ISO 9001:2015,10.1,Non-conformance,Major,Management review records lack evidence of action tracking.,Yes,Implement formal non-conformance containment measures.,11/2/2023,11/27/2023,Closed
AUD-00706,SPLR-036,12/4/2024,IATF 16949,6.1,Non-conformance,Major,Management review records lack evidence of action tracking.,Yes,Define and communicate complaint handling procedure.,2/25/2025,3/16/2025,Closed
AUD-00707,SPLR-020,5/21/2023,ISO 9001:2015,6.2,Non-conformance,Major,Traceability records incomplete for critical components.,Yes,Document action items and track their closure status.,7/4/2023,7/31/2023,Closed
AUD-00708,SPLR-051,4/1/2022,ISO 9001:2015,7.2,Observation,Minor,Internal audit scope does not cover all processes.,Yes,Revise and train staff on procedure adherence.,5/28/2022,6/20/2022,Closed
AUD-00709,SPLR-089,7/15/2024,IATF 16949,6.2,Observation,Minor,Lack of evidence for calibration records of measuring equipment.,Yes,Expand audit scope and ensure full coverage.,10/1/2024,9/21/2024,Closed
AUD-00710,SPLR-086,9/29/2022,IATF 16949,7.1,Observation,Minor,Inadequate training records for new operators.,Yes,Update calibration records and schedule preventive calibration.,10/30/2022,11/19/2022,Closed
AUD-00711,SPLR-024,7/29/2024,ISO 9001:2015,7.2,Observation,Major,Customer complaint process not well-defined in procedure.,Yes,Implement formal non-conformance containment measures.,10/22/2024,11/6/2024,Closed
AUD-00712,SPLR-055,1/3/2022,ISO 9001:2015,7.1,Observation,Minor,Preventive maintenance schedule not adhered to.,Yes,Expand audit scope and ensure full coverage.,2/4/2022,2/12/2022,Closed
AUD-00713,SPLR-015,6/15/2022,IATF 16949,4.2,Observation,Major,Internal audit scope does not cover all processes.,Yes,Develop and follow a strict maintenance timetable.,9/9/2022,9/2/2022,Closed
AUD-00714,SPLR-091,8/11/2024,ISO 9001:2015,6.2,Non-conformance,Minor,Preventive maintenance schedule not adhered to.,Yes,Implement formal non-conformance containment measures.,10/21/2024,11/15/2024,Closed
AUD-00715,SPLR-095,10/11/2022,IATF 16949,6.2,Non-conformance,Minor,Internal audit scope does not cover all processes.,Yes,Update calibration records and schedule preventive calibration.,12/21/2022,1/10/2023,Closed
AUD-00716,SPLR-009,10/19/2023,IATF 16949,6.3,Observation,Major,Internal audit scope does not cover all processes.,Yes,Enhance traceability documentation for all lot numbers.,12/5/2023,11/28/2023,Closed
AUD-00717,SPLR-087,7/15/2024,IATF 16949,9.2,Observation,Major,Internal audit scope does not cover all processes.,Yes,Update calibration records and schedule preventive calibration.,9/13/2024,10/7/2024,Closed
AUD-00718,SPLR-023,1/24/2024,ISO 9001:2015,5.2,Observation,Minor,Customer complaint process not well-defined in procedure.,Yes,Update calibration records and schedule preventive calibration.,2/28/2024,3/14/2024,Closed
AUD-00719,SPLR-027,8/12/2022,ISO 9001:2015,6.1,Non-conformance,Major,Lack of evidence for calibration records of measuring equipment.,Yes,Implement formal non-conformance containment measures.,10/12/2022,10/11/2022,Closed
AUD-00720,SPLR-038,5/3/2024,ISO 9001:2015,7.2,Non-conformance,Minor,Preventive maintenance schedule not adhered to.,Yes,Enhance traceability documentation for all lot numbers.,6/30/2024,6/21/2024,Closed
AUD-00721,SPLR-044,2/15/2022,ISO 9001:2015,10.2,Observation,Major,Internal audit scope does not cover all processes.,Yes,Develop and follow a strict maintenance timetable.,4/12/2022,5/9/2022,Closed
AUD-00722,SPLR-022,4/30/2025,IATF 16949,8.3,Observation,Minor,Supplier evaluation process missing risk assessment steps.,Yes,Document action items and track their closure status.,6/7/2025,6/16/2025,Open
AUD-00723,SPLR-059,9/18/2024,IATF 16949,7.1,Non-conformance,Minor,Documented procedure not followed during batch production.,Yes,Implement formal non-conformance containment measures.,11/9/2024,11/17/2024,Closed
AUD-00724,SPLR-015,1/1/2025,IATF 16949,5.3,Non-conformance,Major,Control of non-conforming product is not effectively implemented.,Yes,Implement formal non-conformance containment measures.,2/10/2025,2/15/2025,Closed
AUD-00725,SPLR-072,3/22/2025,ISO 9001:2015,7.2,Non-conformance,Major,Supplier evaluation process missing risk assessment steps.,Yes,Develop and follow a strict maintenance timetable.,5/2/2025,5/5/2025,Closed
AUD-00726,SPLR-039,12/6/2023,ISO 9001:2015,6.2,Non-conformance,Minor,Customer complaint process not well-defined in procedure.,Yes,Expand audit scope and ensure full coverage.,1/15/2024,2/8/2024,Closed
AUD-00727,SPLR-095,4/8/2024,IATF 16949,5.2,Observation,Major,Customer complaint process not well-defined in procedure.,Yes,Develop and follow a strict maintenance timetable.,5/17/2024,5/7/2024,Closed
AUD-00728,SPLR-044,8/28/2024,IATF 16949,10.1,Non-conformance,Major,Control of non-conforming product is not effectively implemented.,Yes,Document action items and track their closure status.,11/12/2024,11/30/2024,Closed
AUD-00729,SPLR-052,3/24/2022,ISO 9001:2015,9.1,Non-conformance,Major,Internal audit scope does not cover all processes.,Yes,Update calibration records and schedule preventive calibration.,5/12/2022,5/3/2022,Closed
AUD-00730,SPLR-075,1/2/2024,ISO 9001:2015,6.2,Non-conformance,Major,Documented procedure not followed during batch production.,Yes,Document action items and track their closure status.,3/13/2024,3/15/2024,Closed
AUD-00731,SPLR-066,2/5/2023,ISO 9001:2015,4.2,Observation,Minor,Internal audit scope does not cover all processes.,Yes,Define and communicate complaint handling procedure.,4/19/2023,4/14/2023,Closed
AUD-00732,SPLR-086,10/1/2024,IATF 16949,10.2,Observation,Major,Management review records lack evidence of action tracking.,Yes,Expand audit scope and ensure full coverage.,12/30/2024,12/23/2024,Closed
AUD-00733,SPLR-045,10/30/2022,IATF 16949,7.3,Observation,Major,Traceability records incomplete for critical components.,Yes,Develop and follow a strict maintenance timetable.,11/29/2022,12/7/2022,Closed
AUD-00734,SPLR-037,7/1/2024,ISO 9001:2015,5.2,Non-conformance,Major,Customer complaint process not well-defined in procedure.,Yes,Enhance traceability documentation for all lot numbers.,9/20/2024,10/8/2024,Closed
AUD-00735,SPLR-027,4/28/2024,ISO 9001:2015,10.2,Observation,Major,Management review records lack evidence of action tracking.,Yes,Document action items and track their closure status.,6/2/2024,6/1/2024,Closed
AUD-00736,SPLR-053,12/11/2024,IATF 16949,4.3,Observation,Major,Management review records lack evidence of action tracking.,Yes,Enhance traceability documentation for all lot numbers.,1/15/2025,1/5/2025,Closed
AUD-00737,SPLR-038,12/25/2022,IATF 16949,10.1,Observation,Minor,Control of non-conforming product is not effectively implemented.,Yes,Conduct training sessions and maintain attendance logs.,2/4/2023,2/18/2023,Closed
AUD-00738,SPLR-001,9/11/2023,IATF 16949,9.1,Non-conformance,Major,Internal audit scope does not cover all processes.,Yes,Define and communicate complaint handling procedure.,10/25/2023,10/16/2023,Closed
AUD-00739,SPLR-089,9/7/2023,IATF 16949,5.1,Non-conformance,Minor,Supplier evaluation process missing risk assessment steps.,Yes,Enhance traceability documentation for all lot numbers.,10/18/2023,11/8/2023,Closed
AUD-00740,SPLR-075,9/2/2022,IATF 16949,9.1,Observation,Major,Lack of evidence for calibration records of measuring equipment.,Yes,Document action items and track their closure status.,11/18/2022,12/1/2022,Closed
AUD-00741,SPLR-003,6/13/2023,IATF 16949,5.1,Observation,Minor,Preventive maintenance schedule not adhered to.,Yes,Expand audit scope and ensure full coverage.,8/28/2023,9/23/2023,Closed
AUD-00742,SPLR-046,4/6/2025,ISO 9001:2015,5.1,Non-conformance,Minor,Preventive maintenance schedule not adhered to.,Yes,Define and communicate complaint handling procedure.,7/1/2025,6/29/2025,Open
AUD-00743,SPLR-068,7/13/2023,IATF 16949,8.2,Non-conformance,Minor,Preventive maintenance schedule not adhered to.,Yes,Revise and train staff on procedure adherence.,8/30/2023,9/7/2023,Closed
AUD-00744,SPLR-088,1/11/2023,ISO 9001:2015,8.2,Observation,Major,Control of non-conforming product is not effectively implemented.,Yes,Expand audit scope and ensure full coverage.,3/2/2023,3/12/2023,Closed
AUD-00745,SPLR-002,1/13/2024,ISO 9001:2015,8.1,Non-conformance,Major,Management review records lack evidence of action tracking.,Yes,Develop and follow a strict maintenance timetable.,4/4/2024,4/3/2024,Closed
AUD-00746,SPLR-020,2/3/2024,IATF 16949,8.2,Non-conformance,Minor,Preventive maintenance schedule not adhered to.,Yes,Implement formal non-conformance containment measures.,3/10/2024,3/13/2024,Closed
AUD-00747,SPLR-003,2/18/2025,ISO 9001:2015,7.1,Observation,Major,Customer complaint process not well-defined in procedure.,Yes,Update calibration records and schedule preventive calibration.,3/27/2025,3/25/2025,Closed
AUD-00748,SPLR-023,10/1/2023,IATF 16949,5.2,Observation,Minor,Customer complaint process not well-defined in procedure.,Yes,Document action items and track their closure status.,12/3/2023,12/14/2023,Closed
AUD-00749,SPLR-027,8/31/2022,ISO 9001:2015,5.1,Non-conformance,Minor,Control of non-conforming product is not effectively implemented.,Yes,Conduct training sessions and maintain attendance logs.,10/19/2022,10/17/2022,Closed
AUD-00750,SPLR-006,5/20/2024,ISO 9001:2015,4.2,Non-conformance,Minor,Documented procedure not followed during batch production.,Yes,Define and communicate complaint handling procedure.,8/6/2024,8/23/2024,Closed
AUD-00751,SPLR-039,3/9/2022,ISO 9001:2015,7.2,Non-conformance,Minor,Lack of evidence for calibration records of measuring equipment.,Yes,Integrate risk assessment into supplier evaluation template.,4/10/2022,4/4/2022,Closed
AUD-00752,SPLR-004,9/11/2022,ISO 9001:2015,8.2,Non-conformance,Minor,Inadequate training records for new operators.,Yes,Implement formal non-conformance containment measures.,11/22/2022,12/4/2022,Closed
AUD-00753,SPLR-031,7/23/2023,IATF 16949,7.3,Non-conformance,Minor,Control of non-conforming product is not effectively implemented.,Yes,Expand audit scope and ensure full coverage.,10/10/2023,11/8/2023,Closed
AUD-00754,SPLR-097,3/30/2025,ISO 9001:2015,8.1,Non-conformance,Minor,Inadequate training records for new operators.,Yes,Conduct training sessions and maintain attendance logs.,5/17/2025,5/17/2025,Closed
AUD-00755,SPLR-024,3/15/2023,IATF 16949,7.3,Observation,Major,Management review records lack evidence of action tracking.,Yes,Implement formal non-conformance containment measures.,5/12/2023,5/8/2023,Closed
AUD-00756,SPLR-016,5/18/2024,ISO 9001:2015,8.1,Observation,Minor,Inadequate training records for new operators.,Yes,Enhance traceability documentation for all lot numbers.,6/24/2024,7/4/2024,Closed
AUD-00757,SPLR-011,11/30/2024,ISO 9001:2015,7.2,Observation,Major,Preventive maintenance schedule not adhered to.,Yes,Integrate risk assessment into supplier evaluation template.,2/3/2025,1/26/2025,Closed
AUD-00758,SPLR-088,8/25/2022,IATF 16949,7.1,Observation,Minor,Customer complaint process not well-defined in procedure.,Yes,Document action items and track their closure status.,11/10/2022,11/19/2022,Closed
AUD-00759,SPLR-061,2/8/2025,IATF 16949,7.1,Observation,Minor,Traceability records incomplete for critical components.,Yes,Conduct training sessions and maintain attendance logs.,5/3/2025,4/27/2025,Closed
AUD-00760,SPLR-016,1/27/2022,IATF 16949,5.1,Non-conformance,Major,Traceability records incomplete for critical components.,Yes,Define and communicate complaint handling procedure.,3/31/2022,3/26/2022,Closed
AUD-00761,SPLR-044,3/31/2024,ISO 9001:2015,9.2,Non-conformance,Major,Control of non-conforming product is not effectively implemented.,Yes,Update calibration records and schedule preventive calibration.,5/23/2024,5/25/2024,Closed
AUD-00762,SPLR-076,9/9/2022,ISO 9001:2015,10.2,Observation,Major,Traceability records incomplete for critical components.,Yes,Define and communicate complaint handling procedure.,10/26/2022,11/22/2022,Closed
AUD-00763,SPLR-019,12/31/2023,IATF 16949,10.2,Observation,Minor,Traceability records incomplete for critical components.,Yes,Define and communicate complaint handling procedure.,3/2/2024,3/9/2024,Closed
AUD-00764,SPLR-004,9/8/2022,IATF 16949,9.1,Non-conformance,Minor,Customer complaint process not well-defined in procedure.,Yes,Conduct training sessions and maintain attendance logs.,11/17/2022,11/15/2022,Closed
AUD-00765,SPLR-020,5/20/2022,IATF 16949,4.1,Observation,Minor,Control of non-conforming product is not effectively implemented.,Yes,Enhance traceability documentation for all lot numbers.,7/27/2022,8/6/2022,Closed
AUD-00766,SPLR-063,6/6/2022,IATF 16949,8.3,Observation,Major,Inadequate training records for new operators.,Yes,Integrate risk assessment into supplier evaluation template.,8/17/2022,9/7/2022,Closed
AUD-00767,SPLR-050,1/12/2025,ISO 9001:2015,10.1,Observation,Major,Documented procedure not followed during batch production.,Yes,Enhance traceability documentation for all lot numbers.,4/8/2025,4/5/2025,Closed
AUD-00768,SPLR-085,2/10/2024,IATF 16949,8.3,Observation,Minor,Documented procedure not followed during batch production.,Yes,Revise and train staff on procedure adherence.,3/22/2024,4/16/2024,Closed
AUD-00769,SPLR-073,10/3/2024,IATF 16949,5.2,Observation,Major,Supplier evaluation process missing risk assessment steps.,Yes,Enhance traceability documentation for all lot numbers.,12/3/2024,11/30/2024,Closed
AUD-00770,SPLR-076,9/1/2024,ISO 9001:2015,8.1,Observation,Major,Documented procedure not followed during batch production.,Yes,Enhance traceability documentation for all lot numbers.,10/17/2024,11/7/2024,Closed
AUD-00771,SPLR-047,8/6/2023,IATF 16949,4.2,Observation,Minor,Documented procedure not followed during batch production.,Yes,Document action items and track their closure status.,9/7/2023,9/5/2023,Closed
AUD-00772,SPLR-045,11/30/2023,IATF 16949,5.1,Non-conformance,Minor,Traceability records incomplete for critical components.,Yes,Develop and follow a strict maintenance timetable.,1/21/2024,2/6/2024,Closed
AUD-00773,SPLR-040,5/23/2023,ISO 9001:2015,9.1,Non-conformance,Major,Supplier evaluation process missing risk assessment steps.,Yes,Document action items and track their closure status.,6/27/2023,6/21/2023,Closed
AUD-00774,SPLR-073,12/14/2022,ISO 9001:2015,8.1,Observation,Major,Preventive maintenance schedule not adhered to.,Yes,Revise and train staff on procedure adherence.,2/11/2023,2/28/2023,Closed
AUD-00775,SPLR-050,2/11/2022,IATF 16949,10.1,Observation,Minor,Documented procedure not followed during batch production.,Yes,Develop and follow a strict maintenance timetable.,4/6/2022,5/2/2022,Closed
AUD-00776,SPLR-098,9/27/2024,ISO 9001:2015,9.2,Observation,Minor,Inadequate training records for new operators.,Yes,Develop and follow a strict maintenance timetable.,11/27/2024,12/19/2024,Closed
AUD-00777,SPLR-069,9/6/2023,IATF 16949,8.2,Non-conformance,Major,Inadequate training records for new operators.,Yes,Define and communicate complaint handling procedure.,11/15/2023,11/9/2023,Closed
AUD-00778,SPLR-080,6/28/2023,ISO 9001:2015,6.1,Non-conformance,Minor,Management review records lack evidence of action tracking.,Yes,Enhance traceability documentation for all lot numbers.,9/17/2023,9/21/2023,Closed
AUD-00779,SPLR-061,4/27/2025,IATF 16949,6.3,Observation,Minor,Lack of evidence for calibration records of measuring equipment.,Yes,Document action items and track their closure status.,7/17/2025,8/9/2025,Open
AUD-00780,SPLR-056,12/13/2023,ISO 9001:2015,9.1,Observation,Minor,Supplier evaluation process missing risk assessment steps.,Yes,Expand audit scope and ensure full coverage.,3/3/2024,3/12/2024,Closed
AUD-00781,SPLR-024,4/28/2024,IATF 16949,6.3,Non-conformance,Minor,Management review records lack evidence of action tracking.,Yes,Expand audit scope and ensure full coverage.,6/26/2024,7/21/2024,Closed
AUD-00782,SPLR-069,3/27/2025,IATF 16949,6.1,Observation,Minor,Customer complaint process not well-defined in procedure.,Yes,Integrate risk assessment into supplier evaluation template.,6/24/2025,7/24/2025,Open
AUD-00783,SPLR-096,12/5/2024,ISO 9001:2015,6.2,Observation,Major,Customer complaint process not well-defined in procedure.,Yes,Implement formal non-conformance containment measures.,1/19/2025,1/18/2025,Closed
AUD-00784,SPLR-083,4/20/2024,IATF 16949,4.3,Non-conformance,Major,Inadequate training records for new operators.,Yes,Enhance traceability documentation for all lot numbers.,6/6/2024,6/14/2024,Closed
AUD-00785,SPLR-032,4/29/2023,IATF 16949,6.2,Observation,Major,Lack of evidence for calibration records of measuring equipment.,Yes,Implement formal non-conformance containment measures.,6/10/2023,6/1/2023,Closed
AUD-00786,SPLR-018,9/21/2024,IATF 16949,8.2,Non-conformance,Major,Documented procedure not followed during batch production.,Yes,Conduct training sessions and maintain attendance logs.,10/31/2024,11/7/2024,Closed
AUD-00787,SPLR-008,7/23/2023,ISO 9001:2015,9.1,Non-conformance,Major,Documented procedure not followed during batch production.,Yes,Define and communicate complaint handling procedure.,10/11/2023,10/2/2023,Closed
AUD-00788,SPLR-031,9/3/2023,ISO 9001:2015,7.1,Non-conformance,Minor,Preventive maintenance schedule not adhered to.,Yes,Update calibration records and schedule preventive calibration.,10/28/2023,10/26/2023,Closed
AUD-00789,SPLR-099,12/4/2024,IATF 16949,9.1,Observation,Major,Lack of evidence for calibration records of measuring equipment.,Yes,Conduct training sessions and maintain attendance logs.,2/10/2025,2/7/2025,Closed
AUD-00790,SPLR-023,4/11/2025,IATF 16949,6.2,Non-conformance,Major,Traceability records incomplete for critical components.,Yes,Conduct training sessions and maintain attendance logs.,5/20/2025,5/16/2025,Closed
AUD-00791,SPLR-048,6/19/2024,IATF 16949,6.3,Non-conformance,Major,Management review records lack evidence of action tracking.,Yes,Revise and train staff on procedure adherence.,8/19/2024,9/12/2024,Closed
AUD-00792,SPLR-047,1/22/2025,IATF 16949,9.1,Observation,Major,Inadequate training records for new operators.,Yes,Integrate risk assessment into supplier evaluation template.,4/18/2025,4/17/2025,Closed
AUD-00793,SPLR-089,9/24/2023,ISO 9001:2015,9.1,Non-conformance,Major,Management review records lack evidence of action tracking.,Yes,Revise and train staff on procedure adherence.,12/16/2023,12/9/2023,Closed
AUD-00794,SPLR-057,2/5/2025,IATF 16949,7.1,Observation,Minor,Preventive maintenance schedule not adhered to.,Yes,Update calibration records and schedule preventive calibration.,4/10/2025,4/15/2025,Closed
AUD-00795,SPLR-021,3/15/2024,IATF 16949,7.1,Observation,Major,Lack of evidence for calibration records of measuring equipment.,Yes,Conduct training sessions and maintain attendance logs.,5/3/2024,5/6/2024,Closed
AUD-00796,SPLR-043,4/12/2024,ISO 9001:2015,6.1,Observation,Minor,Lack of evidence for calibration records of measuring equipment.,Yes,Define and communicate complaint handling procedure.,6/11/2024,6/27/2024,Closed
AUD-00797,SPLR-094,11/25/2022,IATF 16949,9.2,Observation,Major,Lack of evidence for calibration records of measuring equipment.,Yes,Develop and follow a strict maintenance timetable.,1/20/2023,2/17/2023,Closed
AUD-00798,SPLR-001,2/26/2022,ISO 9001:2015,9.1,Observation,Minor,Control of non-conforming product is not effectively implemented.,Yes,Define and communicate complaint handling procedure.,5/17/2022,5/15/2022,Closed
AUD-00799,SPLR-067,9/18/2023,IATF 16949,10.1,Non-conformance,Major,Lack of evidence for calibration records of measuring equipment.,Yes,Update calibration records and schedule preventive calibration.,10/28/2023,11/2/2023,Closed
AUD-00800,SPLR-042,10/17/2023,IATF 16949,9.1,Observation,Minor,Control of non-conforming product is not effectively implemented.,Yes,Integrate risk assessment into supplier evaluation template.,11/27/2023,12/24/2023,Closed
AUD-00801,SPLR-074,6/22/2022,IATF 16949,7.3,Non-conformance,Minor,Control of non-conforming product is not effectively implemented.,Yes,Enhance traceability documentation for all lot numbers.,9/16/2022,9/30/2022,Closed
AUD-00802,SPLR-007,2/17/2022,ISO 9001:2015,4.2,Observation,Major,Customer complaint process not well-defined in procedure.,Yes,Conduct training sessions and maintain attendance logs.,4/4/2022,4/4/2022,Closed
AUD-00803,SPLR-016,6/17/2023,ISO 9001:2015,4.2,Non-conformance,Major,Preventive maintenance schedule not adhered to.,Yes,Implement formal non-conformance containment measures.,9/15/2023,10/11/2023,Closed
AUD-00804,SPLR-037,7/18/2024,IATF 16949,5.1,Observation,Major,Inadequate training records for new operators.,Yes,Conduct training sessions and maintain attendance logs.,8/29/2024,9/5/2024,Closed
AUD-00805,SPLR-094,9/24/2022,IATF 16949,6.1,Non-conformance,Major,Management review records lack evidence of action tracking.,Yes,Conduct training sessions and maintain attendance logs.,12/15/2022,12/23/2022,Closed
AUD-00806,SPLR-080,1/5/2023,IATF 16949,5.2,Observation,Minor,Documented procedure not followed during batch production.,Yes,Integrate risk assessment into supplier evaluation template.,2/20/2023,2/25/2023,Closed
AUD-00807,SPLR-089,1/28/2024,IATF 16949,4.3,Observation,Minor,Documented procedure not followed during batch production.,Yes,Define and communicate complaint handling procedure.,3/6/2024,3/16/2024,Closed
AUD-00808,SPLR-008,2/25/2024,IATF 16949,10.2,Non-conformance,Major,Supplier evaluation process missing risk assessment steps.,Yes,Update calibration records and schedule preventive calibration.,4/1/2024,4/26/2024,Closed
AUD-00809,SPLR-001,4/26/2023,IATF 16949,7.3,Observation,Major,Management review records lack evidence of action tracking.,Yes,Document action items and track their closure status.,7/10/2023,7/2/2023,Closed
AUD-00810,SPLR-023,9/12/2023,IATF 16949,7.3,Observation,Minor,Control of non-conforming product is not effectively implemented.,Yes,Expand audit scope and ensure full coverage.,10/14/2023,11/10/2023,Closed
AUD-00811,SPLR-091,10/28/2024,IATF 16949,7.2,Observation,Minor,Customer complaint process not well-defined in procedure.,Yes,Implement formal non-conformance containment measures.,12/2/2024,12/12/2024,Closed
AUD-00812,SPLR-096,6/18/2023,ISO 9001:2015,6.2,Observation,Major,Documented procedure not followed during batch production.,Yes,Implement formal non-conformance containment measures.,8/18/2023,8/25/2023,Closed
AUD-00813,SPLR-022,8/3/2023,IATF 16949,10.2,Observation,Major,Supplier evaluation process missing risk assessment steps.,Yes,Expand audit scope and ensure full coverage.,9/22/2023,10/9/2023,Closed
AUD-00814,SPLR-024,11/6/2022,IATF 16949,4.2,Non-conformance,Major,Inadequate training records for new operators.,Yes,Implement formal non-conformance containment measures.,12/9/2022,12/13/2022,Closed
AUD-00815,SPLR-006,6/17/2023,ISO 9001:2015,9.2,Observation,Major,Customer complaint process not well-defined in procedure.,Yes,Enhance traceability documentation for all lot numbers.,7/24/2023,8/14/2023,Closed
AUD-00816,SPLR-016,2/22/2025,IATF 16949,8.3,Observation,Minor,Customer complaint process not well-defined in procedure.,Yes,Update calibration records and schedule preventive calibration.,5/17/2025,5/16/2025,Closed
AUD-00817,SPLR-073,2/22/2023,IATF 16949,5.3,Non-conformance,Minor,Control of non-conforming product is not effectively implemented.,Yes,Expand audit scope and ensure full coverage.,5/15/2023,5/22/2023,Closed
AUD-00818,SPLR-087,12/13/2024,ISO 9001:2015,7.1,Non-conformance,Major,Lack of evidence for calibration records of measuring equipment.,Yes,Conduct training sessions and maintain attendance logs.,3/2/2025,3/23/2025,Closed
AUD-00819,SPLR-042,2/23/2022,IATF 16949,5.1,Non-conformance,Minor,Traceability records incomplete for critical components.,Yes,Develop and follow a strict maintenance timetable.,5/1/2022,4/27/2022,Closed
AUD-00820,SPLR-043,6/16/2022,IATF 16949,9.1,Non-conformance,Major,Customer complaint process not well-defined in procedure.,Yes,Integrate risk assessment into supplier evaluation template.,8/23/2022,8/13/2022,Closed
AUD-00821,SPLR-096,10/28/2023,ISO 9001:2015,5.2,Non-conformance,Major,Documented procedure not followed during batch production.,Yes,Integrate risk assessment into supplier evaluation template.,12/17/2023,12/10/2023,Closed
AUD-00822,SPLR-012,7/9/2022,IATF 16949,6.3,Non-conformance,Minor,Control of non-conforming product is not effectively implemented.,Yes,Conduct training sessions and maintain attendance logs.,9/26/2022,10/11/2022,Closed
AUD-00823,SPLR-063,11/30/2022,IATF 16949,8.1,Observation,Major,Supplier evaluation process missing risk assessment steps.,Yes,Implement formal non-conformance containment measures.,1/6/2023,1/15/2023,Closed
AUD-00824,SPLR-058,9/26/2022,IATF 16949,5.1,Observation,Major,Preventive maintenance schedule not adhered to.,Yes,Expand audit scope and ensure full coverage.,11/7/2022,11/28/2022,Closed
AUD-00825,SPLR-056,7/4/2023,IATF 16949,4.3,Observation,Minor,Traceability records incomplete for critical components.,Yes,Develop and follow a strict maintenance timetable.,9/11/2023,9/12/2023,Closed
AUD-00826,SPLR-068,3/24/2022,IATF 16949,8.3,Non-conformance,Major,Inadequate training records for new operators.,Yes,Implement formal non-conformance containment measures.,6/21/2022,7/12/2022,Closed
AUD-00827,SPLR-088,8/16/2024,IATF 16949,4.3,Observation,Minor,Customer complaint process not well-defined in procedure.,Yes,Integrate risk assessment into supplier evaluation template.,9/24/2024,9/22/2024,Closed
AUD-00828,SPLR-006,12/7/2024,IATF 16949,7.1,Non-conformance,Major,Management review records lack evidence of action tracking.,Yes,Revise and train staff on procedure adherence.,2/10/2025,2/4/2025,Closed
AUD-00829,SPLR-075,4/25/2024,ISO 9001:2015,7.2,Non-conformance,Minor,Management review records lack evidence of action tracking.,Yes,Integrate risk assessment into supplier evaluation template.,6/16/2024,6/22/2024,Closed
AUD-00830,SPLR-054,8/22/2022,IATF 16949,5.3,Observation,Major,Control of non-conforming product is not effectively implemented.,Yes,Enhance traceability documentation for all lot numbers.,9/23/2022,9/18/2022,Closed
AUD-00831,SPLR-028,4/17/2025,IATF 16949,8.3,Non-conformance,Minor,Management review records lack evidence of action tracking.,Yes,Integrate risk assessment into supplier evaluation template.,6/7/2025,6/8/2025,Open
AUD-00832,SPLR-015,6/16/2023,ISO 9001:2015,7.1,Non-conformance,Minor,Internal audit scope does not cover all processes.,Yes,Revise and train staff on procedure adherence.,7/16/2023,7/31/2023,Closed
AUD-00833,SPLR-079,9/4/2024,IATF 16949,8.1,Observation,Major,Management review records lack evidence of action tracking.,Yes,Define and communicate complaint handling procedure.,10/23/2024,11/21/2024,Closed
AUD-00834,SPLR-003,9/12/2023,ISO 9001:2015,5.1,Non-conformance,Minor,Control of non-conforming product is not effectively implemented.,Yes,Revise and train staff on procedure adherence.,10/24/2023,10/21/2023,Closed
AUD-00835,SPLR-069,3/5/2023,IATF 16949,10.3,Non-conformance,Minor,Control of non-conforming product is not effectively implemented.,Yes,Conduct training sessions and maintain attendance logs.,5/1/2023,5/31/2023,Closed
AUD-00836,SPLR-022,9/9/2023,IATF 16949,5.2,Non-conformance,Major,Customer complaint process not well-defined in procedure.,Yes,Enhance traceability documentation for all lot numbers.,10/10/2023,10/7/2023,Closed
AUD-00837,SPLR-038,9/20/2024,IATF 16949,4.1,Observation,Minor,Customer complaint process not well-defined in procedure.,Yes,Document action items and track their closure status.,11/4/2024,11/6/2024,Closed
AUD-00838,SPLR-095,11/15/2023,ISO 9001:2015,4.2,Observation,Minor,Traceability records incomplete for critical components.,Yes,Enhance traceability documentation for all lot numbers.,2/7/2024,2/28/2024,Closed
AUD-00839,SPLR-087,9/25/2024,IATF 16949,9.1,Observation,Minor,Internal audit scope does not cover all processes.,Yes,Document action items and track their closure status.,12/10/2024,1/8/2025,Closed
AUD-00840,SPLR-035,5/5/2022,ISO 9001:2015,7.1,Observation,Major,Management review records lack evidence of action tracking.,Yes,Develop and follow a strict maintenance timetable.,7/9/2022,7/3/2022,Closed
AUD-00841,SPLR-003,8/28/2022,IATF 16949,10.2,Non-conformance,Major,Preventive maintenance schedule not adhered to.,Yes,Define and communicate complaint handling procedure.,11/10/2022,11/27/2022,Closed
AUD-00842,SPLR-076,1/29/2023,IATF 16949,7.3,Observation,Major,Customer complaint process not well-defined in procedure.,Yes,Conduct training sessions and maintain attendance logs.,4/1/2023,4/5/2023,Closed
AUD-00843,SPLR-021,9/26/2022,IATF 16949,8.1,Non-conformance,Major,Traceability records incomplete for critical components.,Yes,Develop and follow a strict maintenance timetable.,12/15/2022,1/4/2023,Closed
AUD-00844,SPLR-063,6/26/2022,IATF 16949,5.2,Non-conformance,Major,Control of non-conforming product is not effectively implemented.,Yes,Conduct training sessions and maintain attendance logs.,8/5/2022,9/2/2022,Closed
AUD-00845,SPLR-046,10/8/2024,IATF 16949,6.2,Observation,Major,Inadequate training records for new operators.,Yes,Expand audit scope and ensure full coverage.,11/10/2024,11/1/2024,Closed
AUD-00846,SPLR-044,11/21/2022,ISO 9001:2015,10.2,Observation,Minor,Internal audit scope does not cover all processes.,Yes,Revise and train staff on procedure adherence.,2/10/2023,2/4/2023,Closed
AUD-00847,SPLR-046,4/10/2023,ISO 9001:2015,8.1,Non-conformance,Major,Inadequate training records for new operators.,Yes,Define and communicate complaint handling procedure.,5/26/2023,6/6/2023,Closed
AUD-00848,SPLR-097,11/6/2022,ISO 9001:2015,9.2,Non-conformance,Minor,Documented procedure not followed during batch production.,Yes,Define and communicate complaint handling procedure.,1/26/2023,2/14/2023,Closed
AUD-00849,SPLR-027,7/28/2022,ISO 9001:2015,8.1,Observation,Minor,Lack of evidence for calibration records of measuring equipment.,Yes,Implement formal non-conformance containment measures.,10/6/2022,10/3/2022,Closed
AUD-00850,SPLR-043,8/22/2023,IATF 16949,9.2,Non-conformance,Minor,Customer complaint process not well-defined in procedure.,Yes,Update calibration records and schedule preventive calibration.,9/30/2023,10/13/2023,Closed
AUD-00851,SPLR-044,2/18/2023,IATF 16949,8.2,Observation,Minor,Documented procedure not followed during batch production.,Yes,Conduct training sessions and maintain attendance logs.,5/12/2023,6/1/2023,Closed
AUD-00852,SPLR-020,6/24/2022,IATF 16949,7.3,Observation,Minor,Traceability records incomplete for critical components.,Yes,Develop and follow a strict maintenance timetable.,9/2/2022,9/7/2022,Closed
AUD-00853,SPLR-088,10/10/2022,IATF 16949,8.2,Observation,Minor,Traceability records incomplete for critical components.,Yes,Define and communicate complaint handling procedure.,1/8/2023,1/31/2023,Closed
AUD-00854,SPLR-011,6/25/2024,ISO 9001:2015,10.1,Observation,Major,Documented procedure not followed during batch production.,Yes,Expand audit scope and ensure full coverage.,9/23/2024,9/17/2024,Closed
AUD-00855,SPLR-085,4/2/2024,ISO 9001:2015,7.1,Non-conformance,Minor,Documented procedure not followed during batch production.,Yes,Enhance traceability documentation for all lot numbers.,6/19/2024,6/11/2024,Closed
AUD-00856,SPLR-093,11/30/2024,IATF 16949,8.2,Observation,Major,Traceability records incomplete for critical components.,Yes,Expand audit scope and ensure full coverage.,2/23/2025,3/4/2025,Closed
AUD-00857,SPLR-058,1/17/2022,IATF 16949,9.2,Non-conformance,Major,Management review records lack evidence of action tracking.,Yes,Implement formal non-conformance containment measures.,4/1/2022,4/16/2022,Closed
AUD-00858,SPLR-043,12/9/2023,IATF 16949,6.1,Observation,Minor,Supplier evaluation process missing risk assessment steps.,Yes,Update calibration records and schedule preventive calibration.,1/10/2024,2/3/2024,Closed
AUD-00859,SPLR-067,12/1/2024,IATF 16949,6.1,Observation,Minor,Lack of evidence for calibration records of measuring equipment.,Yes,Expand audit scope and ensure full coverage.,2/4/2025,2/13/2025,Closed
AUD-00860,SPLR-100,2/17/2022,ISO 9001:2015,10.1,Observation,Major,Internal audit scope does not cover all processes.,Yes,Document action items and track their closure status.,4/4/2022,4/9/2022,Closed
AUD-00861,SPLR-065,10/31/2024,ISO 9001:2015,9.2,Observation,Minor,Documented procedure not followed during batch production.,Yes,Develop and follow a strict maintenance timetable.,12/16/2024,1/15/2025,Closed
AUD-00862,SPLR-059,4/8/2022,ISO 9001:2015,7.2,Observation,Minor,Supplier evaluation process missing risk assessment steps.,Yes,Document action items and track their closure status.,6/24/2022,6/14/2022,Closed
AUD-00863,SPLR-087,4/6/2025,ISO 9001:2015,6.2,Non-conformance,Major,Supplier evaluation process missing risk assessment steps.,Yes,Integrate risk assessment into supplier evaluation template.,6/17/2025,7/13/2025,Open
AUD-00864,SPLR-100,11/30/2024,ISO 9001:2015,4.2,Observation,Major,Preventive maintenance schedule not adhered to.,Yes,Expand audit scope and ensure full coverage.,2/5/2025,2/7/2025,Closed
AUD-00865,SPLR-008,7/20/2022,ISO 9001:2015,9.2,Observation,Minor,Traceability records incomplete for critical components.,Yes,Enhance traceability documentation for all lot numbers.,8/24/2022,8/19/2022,Closed
AUD-00866,SPLR-052,9/2/2024,ISO 9001:2015,7.2,Observation,Major,Lack of evidence for calibration records of measuring equipment.,Yes,Develop and follow a strict maintenance timetable.,11/14/2024,12/7/2024,Closed
AUD-00867,SPLR-094,4/11/2025,IATF 16949,10.3,Observation,Minor,Traceability records incomplete for critical components.,Yes,Define and communicate complaint handling procedure.,6/24/2025,7/15/2025,Open
AUD-00868,SPLR-068,10/23/2022,ISO 9001:2015,7.2,Non-conformance,Minor,Customer complaint process not well-defined in procedure.,Yes,Implement formal non-conformance containment measures.,1/6/2023,1/28/2023,Closed
AUD-00869,SPLR-078,7/21/2024,IATF 16949,4.2,Observation,Minor,Control of non-conforming product is not effectively implemented.,Yes,Expand audit scope and ensure full coverage.,9/12/2024,9/9/2024,Closed
AUD-00870,SPLR-016,9/5/2022,IATF 16949,10.1,Observation,Major,Supplier evaluation process missing risk assessment steps.,Yes,Revise and train staff on procedure adherence.,11/7/2022,11/6/2022,Closed
AUD-00871,SPLR-019,2/6/2024,IATF 16949,7.1,Observation,Minor,Customer complaint process not well-defined in procedure.,Yes,Revise and train staff on procedure adherence.,4/26/2024,4/25/2024,Closed
AUD-00872,SPLR-071,9/17/2023,IATF 16949,6.1,Observation,Minor,Control of non-conforming product is not effectively implemented.,Yes,Define and communicate complaint handling procedure.,10/17/2023,10/14/2023,Closed
AUD-00873,SPLR-044,4/2/2022,IATF 16949,9.1,Observation,Major,Management review records lack evidence of action tracking.,Yes,Integrate risk assessment into supplier evaluation template.,6/7/2022,6/25/2022,Closed
AUD-00874,SPLR-020,9/29/2022,ISO 9001:2015,8.1,Observation,Minor,Customer complaint process not well-defined in procedure.,Yes,Define and communicate complaint handling procedure.,12/10/2022,12/28/2022,Closed
AUD-00875,SPLR-086,4/18/2024,IATF 16949,6.2,Observation,Major,Traceability records incomplete for critical components.,Yes,Develop and follow a strict maintenance timetable.,6/21/2024,6/13/2024,Closed
AUD-00876,SPLR-072,7/1/2022,ISO 9001:2015,9.2,Non-conformance,Minor,Documented procedure not followed during batch production.,Yes,Document action items and track their closure status.,9/9/2022,9/18/2022,Closed
AUD-00877,SPLR-065,1/30/2023,ISO 9001:2015,8.2,Non-conformance,Minor,Internal audit scope does not cover all processes.,Yes,Conduct training sessions and maintain attendance logs.,4/18/2023,5/8/2023,Closed
AUD-00878,SPLR-057,12/25/2024,ISO 9001:2015,4.1,Non-conformance,Major,Supplier evaluation process missing risk assessment steps.,Yes,Conduct training sessions and maintain attendance logs.,2/8/2025,3/7/2025,Closed
AUD-00879,SPLR-054,4/2/2024,ISO 9001:2015,7.2,Non-conformance,Major,Documented procedure not followed during batch production.,Yes,Develop and follow a strict maintenance timetable.,5/29/2024,5/30/2024,Closed
AUD-00880,SPLR-037,2/22/2024,IATF 16949,4.3,Non-conformance,Minor,Lack of evidence for calibration records of measuring equipment.,Yes,Update calibration records and schedule preventive calibration.,4/26/2024,4/26/2024,Closed
AUD-00881,SPLR-008,6/8/2023,ISO 9001:2015,5.1,Observation,Minor,Supplier evaluation process missing risk assessment steps.,Yes,Enhance traceability documentation for all lot numbers.,8/20/2023,8/20/2023,Closed
AUD-00882,SPLR-053,2/25/2022,ISO 9001:2015,6.1,Observation,Major,Traceability records incomplete for critical components.,Yes,Update calibration records and schedule preventive calibration.,4/16/2022,4/15/2022,Closed
AUD-00883,SPLR-076,2/9/2024,ISO 9001:2015,4.1,Non-conformance,Major,Inadequate training records for new operators.,Yes,Conduct training sessions and maintain attendance logs.,4/27/2024,5/25/2024,Closed
AUD-00884,SPLR-071,11/7/2024,IATF 16949,5.1,Observation,Minor,Supplier evaluation process missing risk assessment steps.,Yes,Revise and train staff on procedure adherence.,12/27/2024,1/15/2025,Closed
AUD-00885,SPLR-076,9/18/2024,ISO 9001:2015,7.1,Non-conformance,Minor,Inadequate training records for new operators.,Yes,Revise and train staff on procedure adherence.,11/4/2024,11/29/2024,Closed
AUD-00886,SPLR-082,2/10/2025,ISO 9001:2015,6.1,Non-conformance,Minor,Management review records lack evidence of action tracking.,Yes,Enhance traceability documentation for all lot numbers.,4/9/2025,4/4/2025,Closed
AUD-00887,SPLR-072,2/4/2024,ISO 9001:2015,10.1,Observation,Minor,Inadequate training records for new operators.,Yes,Expand audit scope and ensure full coverage.,5/4/2024,5/21/2024,Closed
AUD-00888,SPLR-062,1/3/2022,IATF 16949,10.2,Observation,Major,Supplier evaluation process missing risk assessment steps.,Yes,Implement formal non-conformance containment measures.,2/2/2022,1/26/2022,Closed
AUD-00889,SPLR-037,2/18/2024,IATF 16949,10.3,Non-conformance,Minor,Inadequate training records for new operators.,Yes,Document action items and track their closure status.,5/11/2024,6/2/2024,Closed
AUD-00890,SPLR-018,12/29/2024,ISO 9001:2015,6.1,Observation,Major,Lack of evidence for calibration records of measuring equipment.,Yes,Enhance traceability documentation for all lot numbers.,3/13/2025,3/10/2025,Closed
AUD-00891,SPLR-085,3/8/2023,IATF 16949,7.2,Observation,Major,Supplier evaluation process missing risk assessment steps.,Yes,Define and communicate complaint handling procedure.,4/24/2023,4/29/2023,Closed
AUD-00892,SPLR-083,3/8/2023,IATF 16949,10.2,Non-conformance,Major,Preventive maintenance schedule not adhered to.,Yes,Revise and train staff on procedure adherence.,6/4/2023,6/2/2023,Closed
AUD-00893,SPLR-098,1/9/2022,ISO 9001:2015,9.1,Observation,Minor,Control of non-conforming product is not effectively implemented.,Yes,Enhance traceability documentation for all lot numbers.,3/15/2022,4/5/2022,Closed
AUD-00894,SPLR-077,6/8/2022,ISO 9001:2015,10.2,Observation,Major,Customer complaint process not well-defined in procedure.,Yes,Update calibration records and schedule preventive calibration.,7/30/2022,8/13/2022,Closed
AUD-00895,SPLR-057,12/29/2022,ISO 9001:2015,4.2,Non-conformance,Minor,Customer complaint process not well-defined in procedure.,Yes,Develop and follow a strict maintenance timetable.,3/28/2023,3/30/2023,Closed
AUD-00896,SPLR-081,2/10/2022,IATF 16949,7.3,Observation,Minor,Inadequate training records for new operators.,Yes,Update calibration records and schedule preventive calibration.,5/3/2022,6/1/2022,Closed
AUD-00897,SPLR-027,4/25/2023,IATF 16949,7.3,Non-conformance,Minor,Documented procedure not followed during batch production.,Yes,Integrate risk assessment into supplier evaluation template.,6/25/2023,7/23/2023,Closed
AUD-00898,SPLR-022,3/22/2024,ISO 9001:2015,10.2,Non-conformance,Minor,Supplier evaluation process missing risk assessment steps.,Yes,Document action items and track their closure status.,5/23/2024,6/13/2024,Closed
AUD-00899,SPLR-030,5/14/2022,ISO 9001:2015,9.2,Observation,Minor,Lack of evidence for calibration records of measuring equipment.,Yes,Implement formal non-conformance containment measures.,6/29/2022,7/25/2022,Closed
AUD-00900,SPLR-083,2/17/2022,IATF 16949,9.3,Non-conformance,Major,Customer complaint process not well-defined in procedure.,Yes,Revise and train staff on procedure adherence.,5/18/2022,6/4/2022,Closed
AUD-00901,SPLR-047,6/4/2024,IATF 16949,6.3,Non-conformance,Minor,Lack of evidence for calibration records of measuring equipment.,Yes,Expand audit scope and ensure full coverage.,8/2/2024,8/23/2024,Closed
AUD-00902,SPLR-051,4/7/2022,IATF 16949,8.2,Non-conformance,Major,Internal audit scope does not cover all processes.,Yes,Define and communicate complaint handling procedure.,5/27/2022,5/17/2022,Closed
AUD-00903,SPLR-026,6/17/2022,ISO 9001:2015,9.2,Non-conformance,Major,Inadequate training records for new operators.,Yes,Enhance traceability documentation for all lot numbers.,7/21/2022,7/26/2022,Closed
AUD-00904,SPLR-004,9/29/2023,ISO 9001:2015,9.1,Observation,Major,Lack of evidence for calibration records of measuring equipment.,Yes,Revise and train staff on procedure adherence.,11/28/2023,12/15/2023,Closed
AUD-00905,SPLR-043,5/22/2023,ISO 9001:2015,7.2,Non-conformance,Minor,Inadequate training records for new operators.,Yes,Develop and follow a strict maintenance timetable.,8/13/2023,8/6/2023,Closed
AUD-00906,SPLR-008,6/17/2024,ISO 9001:2015,9.1,Non-conformance,Major,Customer complaint process not well-defined in procedure.,Yes,Document action items and track their closure status.,7/24/2024,7/19/2024,Closed
AUD-00907,SPLR-008,10/4/2023,ISO 9001:2015,10.1,Observation,Major,Control of non-conforming product is not effectively implemented.,Yes,Revise and train staff on procedure adherence.,12/31/2023,1/18/2024,Closed
AUD-00908,SPLR-049,5/15/2022,ISO 9001:2015,9.1,Observation,Minor,Documented procedure not followed during batch production.,Yes,Expand audit scope and ensure full coverage.,6/17/2022,6/25/2022,Closed
AUD-00909,SPLR-050,4/21/2024,ISO 9001:2015,10.2,Observation,Major,Management review records lack evidence of action tracking.,Yes,Document action items and track their closure status.,5/21/2024,6/9/2024,Closed
AUD-00910,SPLR-076,7/27/2022,IATF 16949,10.3,Non-conformance,Minor,Documented procedure not followed during batch production.,Yes,Define and communicate complaint handling procedure.,9/28/2022,10/9/2022,Closed
AUD-00911,SPLR-074,7/30/2022,ISO 9001:2015,8.2,Non-conformance,Major,Lack of evidence for calibration records of measuring equipment.,Yes,Document action items and track their closure status.,10/18/2022,10/20/2022,Closed
AUD-00912,SPLR-018,12/29/2023,IATF 16949,9.1,Non-conformance,Minor,Management review records lack evidence of action tracking.,Yes,Define and communicate complaint handling procedure.,2/8/2024,2/13/2024,Closed
AUD-00913,SPLR-040,9/19/2022,IATF 16949,10.1,Non-conformance,Minor,Traceability records incomplete for critical components.,Yes,Expand audit scope and ensure full coverage.,11/29/2022,12/11/2022,Closed
AUD-00914,SPLR-067,8/19/2024,IATF 16949,10.2,Non-conformance,Minor,Preventive maintenance schedule not adhered to.,Yes,Integrate risk assessment into supplier evaluation template.,10/11/2024,10/1/2024,Closed
AUD-00915,SPLR-026,5/2/2023,ISO 9001:2015,7.1,Non-conformance,Major,Preventive maintenance schedule not adhered to.,Yes,Conduct training sessions and maintain attendance logs.,6/13/2023,7/13/2023,Closed
AUD-00916,SPLR-073,1/23/2023,IATF 16949,8.3,Observation,Major,Management review records lack evidence of action tracking.,Yes,Develop and follow a strict maintenance timetable.,4/17/2023,5/14/2023,Closed
AUD-00917,SPLR-064,5/7/2024,IATF 16949,5.3,Non-conformance,Minor,Lack of evidence for calibration records of measuring equipment.,Yes,Define and communicate complaint handling procedure.,8/1/2024,7/24/2024,Closed
AUD-00918,SPLR-095,4/2/2023,ISO 9001:2015,7.2,Observation,Major,Management review records lack evidence of action tracking.,Yes,Conduct training sessions and maintain attendance logs.,5/17/2023,6/6/2023,Closed
AUD-00919,SPLR-046,2/25/2023,IATF 16949,5.3,Non-conformance,Minor,Documented procedure not followed during batch production.,Yes,Develop and follow a strict maintenance timetable.,3/27/2023,3/21/2023,Closed
AUD-00920,SPLR-006,10/19/2022,IATF 16949,8.3,Non-conformance,Minor,Inadequate training records for new operators.,Yes,Document action items and track their closure status.,1/15/2023,1/28/2023,Closed
AUD-00921,SPLR-044,2/10/2023,IATF 16949,5.3,Non-conformance,Minor,Inadequate training records for new operators.,Yes,Integrate risk assessment into supplier evaluation template.,4/27/2023,4/28/2023,Closed
AUD-00922,SPLR-049,2/6/2023,ISO 9001:2015,5.1,Non-conformance,Major,Supplier evaluation process missing risk assessment steps.,Yes,Update calibration records and schedule preventive calibration.,3/9/2023,3/7/2023,Closed
AUD-00923,SPLR-085,3/7/2023,IATF 16949,8.3,Non-conformance,Major,Inadequate training records for new operators.,Yes,Develop and follow a strict maintenance timetable.,5/27/2023,6/9/2023,Closed
AUD-00924,SPLR-049,5/14/2022,ISO 9001:2015,5.1,Observation,Major,Control of non-conforming product is not effectively implemented.,Yes,Conduct training sessions and maintain attendance logs.,6/25/2022,7/19/2022,Closed
AUD-00925,SPLR-038,5/29/2024,ISO 9001:2015,4.1,Non-conformance,Major,Management review records lack evidence of action tracking.,Yes,Document action items and track their closure status.,7/10/2024,8/3/2024,Closed
AUD-00926,SPLR-075,5/22/2023,ISO 9001:2015,9.1,Observation,Minor,Supplier evaluation process missing risk assessment steps.,Yes,Implement formal non-conformance containment measures.,8/14/2023,9/5/2023,Closed
AUD-00927,SPLR-097,6/16/2022,IATF 16949,10.2,Observation,Major,Lack of evidence for calibration records of measuring equipment.,Yes,Implement formal non-conformance containment measures.,8/17/2022,8/31/2022,Closed
AUD-00928,SPLR-092,11/28/2024,IATF 16949,5.3,Observation,Major,Preventive maintenance schedule not adhered to.,Yes,Develop and follow a strict maintenance timetable.,1/30/2025,2/19/2025,Closed
AUD-00929,SPLR-026,7/4/2023,IATF 16949,10.3,Observation,Minor,Management review records lack evidence of action tracking.,Yes,Revise and train staff on procedure adherence.,8/16/2023,8/20/2023,Closed
AUD-00930,SPLR-048,3/21/2024,ISO 9001:2015,6.1,Observation,Minor,Traceability records incomplete for critical components.,Yes,Enhance traceability documentation for all lot numbers.,5/26/2024,5/26/2024,Closed
AUD-00931,SPLR-075,10/3/2022,ISO 9001:2015,6.1,Non-conformance,Major,Customer complaint process not well-defined in procedure.,Yes,Expand audit scope and ensure full coverage.,11/24/2022,11/28/2022,Closed
AUD-00932,SPLR-048,11/15/2024,IATF 16949,8.2,Observation,Major,Customer complaint process not well-defined in procedure.,Yes,Define and communicate complaint handling procedure.,1/11/2025,1/27/2025,Closed
AUD-00933,SPLR-083,7/14/2023,IATF 16949,4.1,Non-conformance,Major,Control of non-conforming product is not effectively implemented.,Yes,Define and communicate complaint handling procedure.,8/27/2023,9/2/2023,Closed
AUD-00934,SPLR-036,6/18/2022,IATF 16949,9.2,Non-conformance,Minor,Internal audit scope does not cover all processes.,Yes,Expand audit scope and ensure full coverage.,8/28/2022,8/23/2022,Closed
AUD-00935,SPLR-026,8/31/2022,ISO 9001:2015,6.2,Observation,Major,Documented procedure not followed during batch production.,Yes,Expand audit scope and ensure full coverage.,10/12/2022,10/23/2022,Closed
AUD-00936,SPLR-034,9/12/2023,IATF 16949,6.1,Non-conformance,Major,Management review records lack evidence of action tracking.,Yes,Implement formal non-conformance containment measures.,12/5/2023,12/29/2023,Closed
AUD-00937,SPLR-061,8/1/2023,IATF 16949,8.1,Non-conformance,Major,Traceability records incomplete for critical components.,Yes,Document action items and track their closure status.,10/18/2023,10/8/2023,Closed
AUD-00938,SPLR-076,4/12/2023,ISO 9001:2015,9.2,Observation,Major,Inadequate training records for new operators.,Yes,Define and communicate complaint handling procedure.,5/26/2023,6/18/2023,Closed
AUD-00939,SPLR-027,11/29/2023,ISO 9001:2015,6.2,Observation,Major,Inadequate training records for new operators.,Yes,Enhance traceability documentation for all lot numbers.,2/16/2024,3/3/2024,Closed
AUD-00940,SPLR-040,2/17/2025,ISO 9001:2015,6.2,Non-conformance,Major,Control of non-conforming product is not effectively implemented.,Yes,Document action items and track their closure status.,5/13/2025,5/11/2025,Closed
AUD-00941,SPLR-098,12/28/2023,IATF 16949,6.2,Observation,Major,Traceability records incomplete for critical components.,Yes,Enhance traceability documentation for all lot numbers.,3/10/2024,3/25/2024,Closed
AUD-00942,SPLR-073,4/17/2025,ISO 9001:2015,8.2,Observation,Major,Documented procedure not followed during batch production.,Yes,Implement formal non-conformance containment measures.,5/26/2025,6/6/2025,Open
AUD-00943,SPLR-014,2/23/2023,IATF 16949,4.3,Observation,Major,Internal audit scope does not cover all processes.,Yes,Enhance traceability documentation for all lot numbers.,4/6/2023,4/26/2023,Closed
AUD-00944,SPLR-089,9/16/2023,ISO 9001:2015,5.1,Observation,Minor,Lack of evidence for calibration records of measuring equipment.,Yes,Expand audit scope and ensure full coverage.,10/27/2023,10/19/2023,Closed
AUD-00945,SPLR-038,1/18/2023,ISO 9001:2015,4.2,Non-conformance,Major,Traceability records incomplete for critical components.,Yes,Integrate risk assessment into supplier evaluation template.,3/2/2023,3/6/2023,Closed
AUD-00946,SPLR-051,4/28/2022,IATF 16949,9.2,Non-conformance,Minor,Documented procedure not followed during batch production.,Yes,Implement formal non-conformance containment measures.,6/17/2022,7/3/2022,Closed
AUD-00947,SPLR-017,9/22/2022,IATF 16949,9.1,Non-conformance,Major,Lack of evidence for calibration records of measuring equipment.,Yes,Enhance traceability documentation for all lot numbers.,12/18/2022,12/21/2022,Closed
AUD-00948,SPLR-076,6/4/2024,IATF 16949,5.3,Non-conformance,Major,Management review records lack evidence of action tracking.,Yes,Document action items and track their closure status.,9/2/2024,9/11/2024,Closed
AUD-00949,SPLR-078,7/19/2023,ISO 9001:2015,4.1,Non-conformance,Major,Control of non-conforming product is not effectively implemented.,Yes,Define and communicate complaint handling procedure.,8/22/2023,9/6/2023,Closed
AUD-00950,SPLR-037,3/11/2025,IATF 16949,8.3,Observation,Major,Customer complaint process not well-defined in procedure.,Yes,Document action items and track their closure status.,4/12/2025,4/7/2025,Closed
AUD-00951,SPLR-080,9/2/2023,IATF 16949,10.2,Observation,Major,Control of non-conforming product is not effectively implemented.,Yes,Enhance traceability documentation for all lot numbers.,10/17/2023,10/18/2023,Closed
AUD-00952,SPLR-031,2/27/2024,ISO 9001:2015,9.2,Non-conformance,Major,Management review records lack evidence of action tracking.,Yes,Update calibration records and schedule preventive calibration.,4/22/2024,4/14/2024,Closed
AUD-00953,SPLR-016,1/6/2025,IATF 16949,4.3,Observation,Minor,Inadequate training records for new operators.,Yes,Define and communicate complaint handling procedure.,3/3/2025,3/28/2025,Closed
AUD-00954,SPLR-065,8/4/2022,IATF 16949,8.2,Non-conformance,Major,Customer complaint process not well-defined in procedure.,Yes,Implement formal non-conformance containment measures.,9/19/2022,9/22/2022,Closed
AUD-00955,SPLR-025,2/24/2022,ISO 9001:2015,9.1,Observation,Minor,Customer complaint process not well-defined in procedure.,Yes,Enhance traceability documentation for all lot numbers.,4/16/2022,5/1/2022,Closed
AUD-00956,SPLR-063,1/22/2022,IATF 16949,5.1,Observation,Minor,Control of non-conforming product is not effectively implemented.,Yes,Develop and follow a strict maintenance timetable.,4/4/2022,4/23/2022,Closed
AUD-00957,SPLR-021,6/19/2022,ISO 9001:2015,9.2,Non-conformance,Minor,Customer complaint process not well-defined in procedure.,Yes,Implement formal non-conformance containment measures.,8/18/2022,8/25/2022,Closed
AUD-00958,SPLR-022,7/25/2022,ISO 9001:2015,6.1,Non-conformance,Minor,Lack of evidence for calibration records of measuring equipment.,Yes,Expand audit scope and ensure full coverage.,10/10/2022,10/25/2022,Closed
AUD-00959,SPLR-087,7/14/2023,ISO 9001:2015,7.2,Non-conformance,Major,Preventive maintenance schedule not adhered to.,Yes,Implement formal non-conformance containment measures.,8/26/2023,8/18/2023,Closed
AUD-00960,SPLR-001,4/8/2022,ISO 9001:2015,7.1,Non-conformance,Major,Supplier evaluation process missing risk assessment steps.,Yes,Define and communicate complaint handling procedure.,5/11/2022,6/8/2022,Closed
AUD-00961,SPLR-054,2/18/2023,ISO 9001:2015,6.2,Non-conformance,Minor,Inadequate training records for new operators.,Yes,Conduct training sessions and maintain attendance logs.,3/25/2023,3/16/2023,Closed
AUD-00962,SPLR-086,11/22/2023,ISO 9001:2015,9.1,Non-conformance,Minor,Lack of evidence for calibration records of measuring equipment.,Yes,Conduct training sessions and maintain attendance logs.,2/16/2024,2/12/2024,Closed
AUD-00963,SPLR-081,4/1/2022,IATF 16949,9.2,Non-conformance,Minor,Lack of evidence for calibration records of measuring equipment.,Yes,Develop and follow a strict maintenance timetable.,5/21/2022,6/15/2022,Closed
AUD-00964,SPLR-046,1/14/2025,IATF 16949,8.2,Observation,Minor,Lack of evidence for calibration records of measuring equipment.,Yes,Conduct training sessions and maintain attendance logs.,2/26/2025,2/22/2025,Closed
AUD-00965,SPLR-059,1/31/2022,IATF 16949,10.3,Non-conformance,Minor,Preventive maintenance schedule not adhered to.,Yes,Revise and train staff on procedure adherence.,3/26/2022,3/29/2022,Closed
AUD-00966,SPLR-099,7/25/2023,IATF 16949,4.2,Observation,Minor,Lack of evidence for calibration records of measuring equipment.,Yes,Conduct training sessions and maintain attendance logs.,9/19/2023,9/28/2023,Closed
AUD-00967,SPLR-090,1/3/2025,ISO 9001:2015,6.1,Observation,Minor,Lack of evidence for calibration records of measuring equipment.,Yes,Document action items and track their closure status.,2/22/2025,3/24/2025,Closed
AUD-00968,SPLR-003,11/12/2023,ISO 9001:2015,9.1,Observation,Major,Preventive maintenance schedule not adhered to.,Yes,Define and communicate complaint handling procedure.,12/16/2023,12/27/2023,Closed
AUD-00969,SPLR-079,11/12/2024,ISO 9001:2015,8.1,Non-conformance,Major,Management review records lack evidence of action tracking.,Yes,Revise and train staff on procedure adherence.,12/26/2024,12/17/2024,Closed
AUD-00970,SPLR-048,4/30/2023,IATF 16949,6.2,Observation,Major,Management review records lack evidence of action tracking.,Yes,Update calibration records and schedule preventive calibration.,6/2/2023,5/31/2023,Closed
AUD-00971,SPLR-057,2/18/2023,ISO 9001:2015,7.1,Observation,Minor,Inadequate training records for new operators.,Yes,Revise and train staff on procedure adherence.,4/4/2023,5/2/2023,Closed
AUD-00972,SPLR-083,7/24/2023,IATF 16949,10.3,Observation,Minor,Documented procedure not followed during batch production.,Yes,Expand audit scope and ensure full coverage.,10/12/2023,10/28/2023,Closed
AUD-00973,SPLR-086,4/15/2023,IATF 16949,7.2,Non-conformance,Minor,Inadequate training records for new operators.,Yes,Conduct training sessions and maintain attendance logs.,6/18/2023,6/11/2023,Closed
AUD-00974,SPLR-009,2/21/2024,IATF 16949,5.3,Non-conformance,Minor,Customer complaint process not well-defined in procedure.,Yes,Revise and train staff on procedure adherence.,3/26/2024,4/16/2024,Closed
AUD-00975,SPLR-027,10/17/2022,ISO 9001:2015,5.1,Non-conformance,Minor,Lack of evidence for calibration records of measuring equipment.,Yes,Implement formal non-conformance containment measures.,12/23/2022,1/17/2023,Closed
AUD-00976,SPLR-023,5/22/2024,IATF 16949,7.1,Non-conformance,Major,Control of non-conforming product is not effectively implemented.,Yes,Conduct training sessions and maintain attendance logs.,7/6/2024,7/23/2024,Closed
AUD-00977,SPLR-011,8/8/2023,IATF 16949,10.3,Observation,Major,Inadequate training records for new operators.,Yes,Integrate risk assessment into supplier evaluation template.,11/1/2023,11/21/2023,Closed
AUD-00978,SPLR-095,2/13/2024,ISO 9001:2015,7.2,Observation,Minor,Customer complaint process not well-defined in procedure.,Yes,Enhance traceability documentation for all lot numbers.,4/15/2024,5/14/2024,Closed
AUD-00979,SPLR-098,9/14/2024,ISO 9001:2015,10.1,Observation,Minor,Traceability records incomplete for critical components.,Yes,Enhance traceability documentation for all lot numbers.,12/7/2024,12/2/2024,Closed
AUD-00980,SPLR-037,2/6/2025,ISO 9001:2015,6.1,Observation,Major,Traceability records incomplete for critical components.,Yes,Define and communicate complaint handling procedure.,3/27/2025,4/15/2025,Closed
AUD-00981,SPLR-001,5/28/2022,IATF 16949,5.2,Non-conformance,Major,Customer complaint process not well-defined in procedure.,Yes,Conduct training sessions and maintain attendance logs.,7/6/2022,7/8/2022,Closed
AUD-00982,SPLR-040,10/3/2024,IATF 16949,8.2,Non-conformance,Major,Traceability records incomplete for critical components.,Yes,Develop and follow a strict maintenance timetable.,11/26/2024,12/17/2024,Closed
AUD-00983,SPLR-033,3/21/2022,ISO 9001:2015,7.1,Observation,Major,Management review records lack evidence of action tracking.,Yes,Implement formal non-conformance containment measures.,5/2/2022,5/19/2022,Closed
AUD-00984,SPLR-032,1/25/2024,ISO 9001:2015,9.1,Observation,Minor,Traceability records incomplete for critical components.,Yes,Enhance traceability documentation for all lot numbers.,4/11/2024,4/16/2024,Closed
AUD-00985,SPLR-088,1/11/2024,ISO 9001:2015,9.2,Non-conformance,Major,Control of non-conforming product is not effectively implemented.,Yes,Integrate risk assessment into supplier evaluation template.,3/19/2024,4/7/2024,Closed
AUD-00986,SPLR-051,5/22/2023,ISO 9001:2015,4.1,Non-conformance,Minor,Lack of evidence for calibration records of measuring equipment.,Yes,Update calibration records and schedule preventive calibration.,8/1/2023,8/15/2023,Closed
AUD-00987,SPLR-065,5/16/2024,ISO 9001:2015,10.2,Observation,Major,Traceability records incomplete for critical components.,Yes,Integrate risk assessment into supplier evaluation template.,7/29/2024,8/7/2024,Closed
AUD-00988,SPLR-035,4/22/2024,ISO 9001:2015,4.2,Non-conformance,Major,Management review records lack evidence of action tracking.,Yes,Develop and follow a strict maintenance timetable.,7/13/2024,7/12/2024,Closed
AUD-00989,SPLR-100,9/23/2023,ISO 9001:2015,5.1,Observation,Major,Customer complaint process not well-defined in procedure.,Yes,Revise and train staff on procedure adherence.,10/29/2023,10/23/2023,Closed
AUD-00990,SPLR-026,8/14/2023,IATF 16949,5.3,Observation,Minor,Control of non-conforming product is not effectively implemented.,Yes,Develop and follow a strict maintenance timetable.,9/24/2023,9/22/2023,Closed
AUD-00991,SPLR-008,10/26/2024,ISO 9001:2015,7.2,Non-conformance,Minor,Management review records lack evidence of action tracking.,Yes,Conduct training sessions and maintain attendance logs.,12/6/2024,12/8/2024,Closed
AUD-00992,SPLR-022,6/16/2023,IATF 16949,8.3,Non-conformance,Major,Management review records lack evidence of action tracking.,Yes,Update calibration records and schedule preventive calibration.,9/9/2023,10/9/2023,Closed
AUD-00993,SPLR-075,6/25/2022,IATF 16949,5.1,Non-conformance,Major,Supplier evaluation process missing risk assessment steps.,Yes,Update calibration records and schedule preventive calibration.,8/15/2022,8/6/2022,Closed
AUD-00994,SPLR-086,9/20/2024,ISO 9001:2015,4.1,Non-conformance,Minor,Documented procedure not followed during batch production.,Yes,Integrate risk assessment into supplier evaluation template.,12/7/2024,11/27/2024,Closed
AUD-00995,SPLR-063,3/9/2023,ISO 9001:2015,7.1,Observation,Major,Management review records lack evidence of action tracking.,Yes,Expand audit scope and ensure full coverage.,5/26/2023,6/2/2023,Closed
AUD-00996,SPLR-047,5/29/2024,IATF 16949,7.3,Observation,Major,Preventive maintenance schedule not adhered to.,Yes,Develop and follow a strict maintenance timetable.,8/19/2024,8/24/2024,Closed
AUD-00997,SPLR-093,4/28/2022,IATF 16949,7.2,Non-conformance,Minor,Lack of evidence for calibration records of measuring equipment.,Yes,Revise and train staff on procedure adherence.,6/26/2022,7/11/2022,Closed
AUD-00998,SPLR-066,9/9/2022,IATF 16949,6.2,Observation,Minor,Preventive maintenance schedule not adhered to.,Yes,Define and communicate complaint handling procedure.,11/17/2022,12/7/2022,Closed
AUD-00999,SPLR-087,1/7/2022,IATF 16949,4.1,Observation,Minor,Preventive maintenance schedule not adhered to.,Yes,Revise and train staff on procedure adherence.,3/29/2022,4/8/2022,Closed
AUD-01000,SPLR-085,9/19/2024,IATF 16949,10.2,Non-conformance,Major,Lack of evidence for calibration records of measuring equipment.,Yes,Develop and follow a strict maintenance timetable.,11/15/2024,12/5/2024,Closed
AUD-01001,SPLR-092,8/25/2023,ISO 9001:2015,9.2,Non-conformance,Minor,Control of non-conforming product is not effectively implemented.,Yes,Expand audit scope and ensure full coverage.,11/19/2023,12/15/2023,Closed
AUD-01002,SPLR-015,10/16/2024,ISO 9001:2015,6.1,Observation,Minor,Internal audit scope does not cover all processes.,Yes,Define and communicate complaint handling procedure.,11/25/2024,12/13/2024,Closed
AUD-01003,SPLR-021,5/14/2023,ISO 9001:2015,5.1,Observation,Major,Lack of evidence for calibration records of measuring equipment.,Yes,Update calibration records and schedule preventive calibration.,7/10/2023,7/1/2023,Closed
AUD-01004,SPLR-086,7/29/2023,ISO 9001:2015,9.2,Non-conformance,Major,Supplier evaluation process missing risk assessment steps.,Yes,Define and communicate complaint handling procedure.,10/27/2023,10/24/2023,Closed
AUD-01005,SPLR-049,7/5/2022,IATF 16949,6.2,Observation,Major,Management review records lack evidence of action tracking.,Yes,Document action items and track their closure status.,8/8/2022,8/19/2022,Closed
AUD-01006,SPLR-012,4/23/2023,ISO 9001:2015,6.1,Observation,Minor,Lack of evidence for calibration records of measuring equipment.,Yes,Integrate risk assessment into supplier evaluation template.,5/28/2023,5/25/2023,Closed
AUD-01007,SPLR-040,8/26/2022,IATF 16949,5.2,Non-conformance,Minor,Preventive maintenance schedule not adhered to.,Yes,Enhance traceability documentation for all lot numbers.,10/31/2022,10/21/2022,Closed
AUD-01008,SPLR-076,3/5/2024,IATF 16949,7.2,Non-conformance,Minor,Preventive maintenance schedule not adhered to.,Yes,Implement formal non-conformance containment measures.,5/7/2024,6/4/2024,Closed
AUD-01009,SPLR-029,3/20/2024,ISO 9001:2015,8.1,Observation,Major,Customer complaint process not well-defined in procedure.,Yes,Develop and follow a strict maintenance timetable.,4/28/2024,5/6/2024,Closed
AUD-01010,SPLR-065,10/29/2022,IATF 16949,5.2,Non-conformance,Major,Documented procedure not followed during batch production.,Yes,Document action items and track their closure status.,12/18/2022,12/27/2022,Closed
AUD-01011,SPLR-008,3/21/2025,IATF 16949,10.3,Observation,Minor,Inadequate training records for new operators.,Yes,Define and communicate complaint handling procedure.,5/8/2025,5/22/2025,Open
AUD-01012,SPLR-094,3/8/2023,ISO 9001:2015,9.2,Observation,Major,Documented procedure not followed during batch production.,Yes,Implement formal non-conformance containment measures.,5/31/2023,6/21/2023,Closed
AUD-01013,SPLR-045,11/23/2022,ISO 9001:2015,8.1,Observation,Major,Traceability records incomplete for critical components.,Yes,Develop and follow a strict maintenance timetable.,1/19/2023,2/8/2023,Closed
AUD-01014,SPLR-017,5/28/2022,IATF 16949,7.1,Observation,Minor,Inadequate training records for new operators.,Yes,Expand audit scope and ensure full coverage.,7/22/2022,7/18/2022,Closed
AUD-01015,SPLR-090,9/15/2023,IATF 16949,10.3,Observation,Major,Control of non-conforming product is not effectively implemented.,Yes,Document action items and track their closure status.,10/23/2023,11/10/2023,Closed
AUD-01016,SPLR-014,10/24/2022,ISO 9001:2015,5.2,Non-conformance,Major,Inadequate training records for new operators.,Yes,Revise and train staff on procedure adherence.,12/16/2022,1/11/2023,Closed
AUD-01017,SPLR-007,5/24/2024,ISO 9001:2015,4.1,Non-conformance,Major,Lack of evidence for calibration records of measuring equipment.,Yes,Develop and follow a strict maintenance timetable.,7/23/2024,7/24/2024,Closed
AUD-01018,SPLR-031,4/30/2025,IATF 16949,5.2,Observation,Major,Traceability records incomplete for critical components.,Yes,Conduct training sessions and maintain attendance logs.,6/1/2025,5/29/2025,Open
AUD-01019,SPLR-084,9/12/2023,ISO 9001:2015,9.1,Observation,Major,Traceability records incomplete for critical components.,Yes,Update calibration records and schedule preventive calibration.,11/30/2023,12/19/2023,Closed
AUD-01020,SPLR-063,6/30/2024,IATF 16949,4.1,Non-conformance,Minor,Lack of evidence for calibration records of measuring equipment.,Yes,Update calibration records and schedule preventive calibration.,8/4/2024,8/1/2024,Closed
AUD-01021,SPLR-062,4/16/2025,IATF 16949,6.3,Observation,Major,Lack of evidence for calibration records of measuring equipment.,Yes,Document action items and track their closure status.,5/27/2025,6/10/2025,Open
AUD-01022,SPLR-024,3/16/2025,ISO 9001:2015,4.2,Observation,Minor,Preventive maintenance schedule not adhered to.,Yes,Update calibration records and schedule preventive calibration.,5/30/2025,6/23/2025,Open
AUD-01023,SPLR-097,3/17/2024,IATF 16949,4.3,Non-conformance,Minor,Internal audit scope does not cover all processes.,Yes,Document action items and track their closure status.,5/20/2024,5/17/2024,Closed
AUD-01024,SPLR-016,1/6/2023,ISO 9001:2015,4.1,Non-conformance,Minor,Internal audit scope does not cover all processes.,Yes,Define and communicate complaint handling procedure.,3/28/2023,4/7/2023,Closed
AUD-01025,SPLR-097,3/23/2025,ISO 9001:2015,9.1,Non-conformance,Minor,Control of non-conforming product is not effectively implemented.,Yes,Update calibration records and schedule preventive calibration.,5/27/2025,6/2/2025,Open
AUD-01026,SPLR-032,9/13/2022,IATF 16949,7.3,Observation,Minor,Internal audit scope does not cover all processes.,Yes,Implement formal non-conformance containment measures.,11/9/2022,10/30/2022,Closed
AUD-01027,SPLR-089,11/29/2024,IATF 16949,9.3,Observation,Major,Customer complaint process not well-defined in procedure.,Yes,Implement formal non-conformance containment measures.,2/3/2025,2/24/2025,Closed
AUD-01028,SPLR-025,1/7/2025,ISO 9001:2015,9.2,Non-conformance,Major,Lack of evidence for calibration records of measuring equipment.,Yes,Revise and train staff on procedure adherence.,2/21/2025,2/13/2025,Closed
AUD-01029,SPLR-036,3/17/2023,ISO 9001:2015,8.2,Non-conformance,Major,Internal audit scope does not cover all processes.,Yes,Conduct training sessions and maintain attendance logs.,5/23/2023,6/4/2023,Closed
AUD-01030,SPLR-011,6/2/2022,IATF 16949,6.3,Observation,Major,Traceability records incomplete for critical components.,Yes,Implement formal non-conformance containment measures.,7/27/2022,8/15/2022,Closed
AUD-01031,SPLR-073,10/21/2022,ISO 9001:2015,4.2,Non-conformance,Major,Supplier evaluation process missing risk assessment steps.,Yes,Conduct training sessions and maintain attendance logs.,1/4/2023,1/17/2023,Closed
AUD-01032,SPLR-010,11/11/2022,IATF 16949,8.2,Observation,Minor,Traceability records incomplete for critical components.,Yes,Revise and train staff on procedure adherence.,1/18/2023,1/23/2023,Closed
AUD-01033,SPLR-082,12/24/2024,ISO 9001:2015,9.1,Non-conformance,Major,Internal audit scope does not cover all processes.,Yes,Enhance traceability documentation for all lot numbers.,1/27/2025,2/7/2025,Closed
AUD-01034,SPLR-049,11/15/2023,IATF 16949,5.2,Non-conformance,Major,Inadequate training records for new operators.,Yes,Integrate risk assessment into supplier evaluation template.,12/15/2023,12/11/2023,Closed
AUD-01035,SPLR-013,8/4/2022,ISO 9001:2015,5.1,Observation,Major,Internal audit scope does not cover all processes.,Yes,Integrate risk assessment into supplier evaluation template.,10/10/2022,10/31/2022,Closed
AUD-01036,SPLR-097,2/3/2025,IATF 16949,10.2,Observation,Minor,Lack of evidence for calibration records of measuring equipment.,Yes,Revise and train staff on procedure adherence.,3/15/2025,3/25/2025,Closed
AUD-01037,SPLR-088,12/8/2023,IATF 16949,9.1,Non-conformance,Minor,Management review records lack evidence of action tracking.,Yes,Implement formal non-conformance containment measures.,1/23/2024,1/13/2024,Closed
AUD-01038,SPLR-048,10/20/2022,IATF 16949,10.1,Non-conformance,Major,Supplier evaluation process missing risk assessment steps.,Yes,Revise and train staff on procedure adherence.,1/16/2023,2/15/2023,Closed
AUD-01039,SPLR-036,7/26/2024,ISO 9001:2015,7.2,Observation,Minor,Preventive maintenance schedule not adhered to.,Yes,Define and communicate complaint handling procedure.,9/26/2024,10/4/2024,Closed
AUD-01040,SPLR-082,9/18/2023,ISO 9001:2015,6.1,Non-conformance,Minor,Traceability records incomplete for critical components.,Yes,Develop and follow a strict maintenance timetable.,12/11/2023,12/6/2023,Closed
AUD-01041,SPLR-071,5/7/2023,ISO 9001:2015,5.1,Observation,Minor,Management review records lack evidence of action tracking.,Yes,Revise and train staff on procedure adherence.,6/11/2023,6/19/2023,Closed
AUD-01042,SPLR-090,5/18/2024,ISO 9001:2015,7.2,Non-conformance,Major,Customer complaint process not well-defined in procedure.,Yes,Expand audit scope and ensure full coverage.,7/30/2024,8/23/2024,Closed
AUD-01043,SPLR-096,1/29/2022,ISO 9001:2015,10.2,Observation,Minor,Documented procedure not followed during batch production.,Yes,Enhance traceability documentation for all lot numbers.,4/13/2022,5/7/2022,Closed
AUD-01044,SPLR-029,12/17/2024,ISO 9001:2015,8.2,Non-conformance,Minor,Customer complaint process not well-defined in procedure.,Yes,Implement formal non-conformance containment measures.,2/28/2025,3/23/2025,Closed
AUD-01045,SPLR-049,1/22/2024,ISO 9001:2015,8.1,Non-conformance,Major,Preventive maintenance schedule not adhered to.,Yes,Revise and train staff on procedure adherence.,3/19/2024,4/9/2024,Closed
AUD-01046,SPLR-062,8/20/2022,IATF 16949,6.2,Observation,Major,Internal audit scope does not cover all processes.,Yes,Update calibration records and schedule preventive calibration.,10/7/2022,10/16/2022,Closed
AUD-01047,SPLR-083,3/13/2023,ISO 9001:2015,9.2,Non-conformance,Major,Management review records lack evidence of action tracking.,Yes,Enhance traceability documentation for all lot numbers.,4/25/2023,5/4/2023,Closed
AUD-01048,SPLR-039,9/26/2024,ISO 9001:2015,6.2,Observation,Minor,Documented procedure not followed during batch production.,Yes,Document action items and track their closure status.,11/24/2024,12/5/2024,Closed
AUD-01049,SPLR-056,1/11/2022,IATF 16949,5.3,Observation,Minor,Traceability records incomplete for critical components.,Yes,Develop and follow a strict maintenance timetable.,2/10/2022,2/6/2022,Closed
AUD-01050,SPLR-099,6/23/2022,ISO 9001:2015,7.1,Observation,Minor,Lack of evidence for calibration records of measuring equipment.,Yes,Define and communicate complaint handling procedure.,7/23/2022,7/22/2022,Closed
AUD-01051,SPLR-069,8/21/2024,IATF 16949,7.3,Observation,Minor,Supplier evaluation process missing risk assessment steps.,Yes,Develop and follow a strict maintenance timetable.,10/17/2024,10/18/2024,Closed
AUD-01052,SPLR-001,6/17/2024,IATF 16949,5.3,Observation,Minor,Control of non-conforming product is not effectively implemented.,Yes,Develop and follow a strict maintenance timetable.,9/2/2024,9/19/2024,Closed
AUD-01053,SPLR-096,8/15/2022,ISO 9001:2015,6.1,Observation,Minor,Documented procedure not followed during batch production.,Yes,Implement formal non-conformance containment measures.,10/9/2022,10/25/2022,Closed
AUD-01054,SPLR-071,11/25/2022,ISO 9001:2015,7.2,Observation,Minor,Supplier evaluation process missing risk assessment steps.,Yes,Update calibration records and schedule preventive calibration.,1/20/2023,2/10/2023,Closed
AUD-01055,SPLR-003,10/28/2023,IATF 16949,9.2,Non-conformance,Minor,Traceability records incomplete for critical components.,Yes,Implement formal non-conformance containment measures.,12/4/2023,11/30/2023,Closed
AUD-01056,SPLR-055,12/6/2023,ISO 9001:2015,10.1,Non-conformance,Major,Inadequate training records for new operators.,Yes,Revise and train staff on procedure adherence.,2/17/2024,2/28/2024,Closed
AUD-01057,SPLR-032,9/10/2024,IATF 16949,7.1,Non-conformance,Minor,Customer complaint process not well-defined in procedure.,Yes,Update calibration records and schedule preventive calibration.,11/27/2024,12/14/2024,Closed
AUD-01058,SPLR-026,5/26/2023,IATF 16949,5.1,Observation,Minor,Supplier evaluation process missing risk assessment steps.,Yes,Conduct training sessions and maintain attendance logs.,8/6/2023,8/23/2023,Closed
AUD-01059,SPLR-017,10/25/2024,ISO 9001:2015,5.2,Observation,Minor,Management review records lack evidence of action tracking.,Yes,Implement formal non-conformance containment measures.,12/8/2024,12/5/2024,Closed
AUD-01060,SPLR-012,7/15/2023,ISO 9001:2015,5.1,Non-conformance,Major,Traceability records incomplete for critical components.,Yes,Revise and train staff on procedure adherence.,9/22/2023,9/24/2023,Closed
AUD-01061,SPLR-062,4/14/2024,IATF 16949,10.3,Non-conformance,Major,Inadequate training records for new operators.,Yes,Conduct training sessions and maintain attendance logs.,6/4/2024,6/21/2024,Closed
AUD-01062,SPLR-092,4/16/2022,IATF 16949,5.1,Observation,Minor,Supplier evaluation process missing risk assessment steps.,Yes,Develop and follow a strict maintenance timetable.,6/2/2022,6/14/2022,Closed
AUD-01063,SPLR-028,10/18/2023,ISO 9001:2015,5.1,Observation,Major,Documented procedure not followed during batch production.,Yes,Revise and train staff on procedure adherence.,11/20/2023,11/30/2023,Closed
AUD-01064,SPLR-047,7/28/2023,ISO 9001:2015,7.1,Observation,Major,Control of non-conforming product is not effectively implemented.,Yes,Integrate risk assessment into supplier evaluation template.,10/26/2023,11/16/2023,Closed
AUD-01065,SPLR-043,8/17/2022,ISO 9001:2015,9.1,Observation,Major,Documented procedure not followed during batch production.,Yes,Expand audit scope and ensure full coverage.,11/4/2022,11/2/2022,Closed
AUD-01066,SPLR-012,4/21/2025,IATF 16949,6.2,Non-conformance,Minor,Supplier evaluation process missing risk assessment steps.,Yes,Conduct training sessions and maintain attendance logs.,6/27/2025,7/11/2025,Open
AUD-01067,SPLR-013,9/4/2022,ISO 9001:2015,8.2,Non-conformance,Major,Inadequate training records for new operators.,Yes,Conduct training sessions and maintain attendance logs.,11/18/2022,12/6/2022,Closed
AUD-01068,SPLR-025,9/10/2023,IATF 16949,6.1,Observation,Major,Internal audit scope does not cover all processes.,Yes,Implement formal non-conformance containment measures.,10/12/2023,10/10/2023,Closed
AUD-01069,SPLR-009,2/21/2025,IATF 16949,7.3,Observation,Major,Customer complaint process not well-defined in procedure.,Yes,Update calibration records and schedule preventive calibration.,5/20/2025,6/6/2025,Open
AUD-01070,SPLR-038,12/8/2024,ISO 9001:2015,5.1,Non-conformance,Minor,Management review records lack evidence of action tracking.,Yes,Integrate risk assessment into supplier evaluation template.,2/20/2025,2/18/2025,Closed
AUD-01071,SPLR-057,1/25/2023,IATF 16949,9.1,Observation,Major,Internal audit scope does not cover all processes.,Yes,Expand audit scope and ensure full coverage.,2/28/2023,2/28/2023,Closed
AUD-01072,SPLR-028,3/31/2024,IATF 16949,6.1,Non-conformance,Major,Control of non-conforming product is not effectively implemented.,Yes,Revise and train staff on procedure adherence.,5/10/2024,6/5/2024,Closed
AUD-01073,SPLR-071,10/28/2024,IATF 16949,7.1,Non-conformance,Minor,Inadequate training records for new operators.,Yes,Integrate risk assessment into supplier evaluation template.,1/11/2025,1/18/2025,Closed
AUD-01074,SPLR-019,4/4/2023,ISO 9001:2015,8.1,Observation,Minor,Inadequate training records for new operators.,Yes,Integrate risk assessment into supplier evaluation template.,5/6/2023,6/5/2023,Closed
AUD-01075,SPLR-001,7/8/2023,ISO 9001:2015,9.1,Observation,Major,Inadequate training records for new operators.,Yes,Conduct training sessions and maintain attendance logs.,9/10/2023,9/7/2023,Closed
AUD-01076,SPLR-053,10/27/2023,ISO 9001:2015,9.2,Observation,Major,Internal audit scope does not cover all processes.,Yes,Integrate risk assessment into supplier evaluation template.,1/11/2024,1/9/2024,Closed
AUD-01077,SPLR-023,4/28/2022,ISO 9001:2015,10.2,Observation,Minor,Preventive maintenance schedule not adhered to.,Yes,Conduct training sessions and maintain attendance logs.,7/13/2022,7/20/2022,Closed
AUD-01078,SPLR-082,1/5/2025,ISO 9001:2015,9.2,Non-conformance,Major,Traceability records incomplete for critical components.,Yes,Integrate risk assessment into supplier evaluation template.,3/31/2025,4/30/2025,Closed
AUD-01079,SPLR-020,3/28/2023,IATF 16949,6.3,Observation,Minor,Inadequate training records for new operators.,Yes,Document action items and track their closure status.,6/6/2023,6/21/2023,Closed
AUD-01080,SPLR-059,6/7/2024,IATF 16949,5.2,Non-conformance,Minor,Customer complaint process not well-defined in procedure.,Yes,Update calibration records and schedule preventive calibration.,8/7/2024,8/8/2024,Closed
AUD-01081,SPLR-023,1/22/2023,IATF 16949,5.3,Observation,Minor,Supplier evaluation process missing risk assessment steps.,Yes,Revise and train staff on procedure adherence.,3/12/2023,3/12/2023,Closed
AUD-01082,SPLR-013,5/23/2022,ISO 9001:2015,4.2,Non-conformance,Minor,Traceability records incomplete for critical components.,Yes,Conduct training sessions and maintain attendance logs.,7/21/2022,8/5/2022,Closed
AUD-01083,SPLR-098,7/24/2022,IATF 16949,8.1,Non-conformance,Minor,Documented procedure not followed during batch production.,Yes,Update calibration records and schedule preventive calibration.,10/14/2022,10/4/2022,Closed
AUD-01084,SPLR-014,5/24/2023,ISO 9001:2015,6.1,Observation,Minor,Control of non-conforming product is not effectively implemented.,Yes,Document action items and track their closure status.,6/23/2023,6/13/2023,Closed
AUD-01085,SPLR-040,2/19/2023,ISO 9001:2015,7.2,Observation,Major,Management review records lack evidence of action tracking.,Yes,Define and communicate complaint handling procedure.,5/12/2023,5/12/2023,Closed
AUD-01086,SPLR-016,11/13/2022,ISO 9001:2015,4.1,Non-conformance,Minor,Internal audit scope does not cover all processes.,Yes,Integrate risk assessment into supplier evaluation template.,1/22/2023,2/15/2023,Closed
AUD-01087,SPLR-029,7/30/2022,IATF 16949,5.1,Non-conformance,Minor,Internal audit scope does not cover all processes.,Yes,Enhance traceability documentation for all lot numbers.,9/7/2022,8/28/2022,Closed
AUD-01088,SPLR-088,5/24/2024,IATF 16949,5.2,Non-conformance,Major,Preventive maintenance schedule not adhered to.,Yes,Integrate risk assessment into supplier evaluation template.,7/7/2024,7/21/2024,Closed
AUD-01089,SPLR-079,12/14/2022,ISO 9001:2015,5.2,Observation,Minor,Lack of evidence for calibration records of measuring equipment.,Yes,Integrate risk assessment into supplier evaluation template.,2/4/2023,1/29/2023,Closed
AUD-01090,SPLR-068,1/9/2024,ISO 9001:2015,4.1,Observation,Minor,Management review records lack evidence of action tracking.,Yes,Implement formal non-conformance containment measures.,2/19/2024,3/7/2024,Closed
AUD-01091,SPLR-045,5/20/2024,ISO 9001:2015,9.1,Non-conformance,Major,Supplier evaluation process missing risk assessment steps.,Yes,Document action items and track their closure status.,8/10/2024,8/18/2024,Closed
AUD-01092,SPLR-100,10/19/2024,IATF 16949,6.3,Non-conformance,Major,Lack of evidence for calibration records of measuring equipment.,Yes,Revise and train staff on procedure adherence.,1/12/2025,1/11/2025,Closed
AUD-01093,SPLR-055,10/30/2022,IATF 16949,8.3,Observation,Minor,Customer complaint process not well-defined in procedure.,Yes,Update calibration records and schedule preventive calibration.,12/6/2022,1/1/2023,Closed
AUD-01094,SPLR-064,7/5/2022,IATF 16949,5.2,Observation,Major,Control of non-conforming product is not effectively implemented.,Yes,Enhance traceability documentation for all lot numbers.,8/26/2022,9/5/2022,Closed
AUD-01095,SPLR-064,4/27/2024,IATF 16949,5.2,Observation,Minor,Inadequate training records for new operators.,Yes,Enhance traceability documentation for all lot numbers.,6/22/2024,7/17/2024,Closed
AUD-01096,SPLR-090,2/27/2024,ISO 9001:2015,8.2,Non-conformance,Minor,Traceability records incomplete for critical components.,Yes,Expand audit scope and ensure full coverage.,5/3/2024,5/7/2024,Closed
AUD-01097,SPLR-018,1/11/2024,ISO 9001:2015,5.2,Non-conformance,Minor,Documented procedure not followed during batch production.,Yes,Develop and follow a strict maintenance timetable.,3/16/2024,4/5/2024,Closed
AUD-01098,SPLR-054,12/17/2023,IATF 16949,5.2,Non-conformance,Minor,Supplier evaluation process missing risk assessment steps.,Yes,Define and communicate complaint handling procedure.,1/25/2024,2/19/2024,Closed
AUD-01099,SPLR-049,4/5/2023,ISO 9001:2015,9.2,Non-conformance,Major,Control of non-conforming product is not effectively implemented.,Yes,Update calibration records and schedule preventive calibration.,6/18/2023,6/17/2023,Closed
AUD-01100,SPLR-077,2/1/2024,ISO 9001:2015,9.2,Non-conformance,Minor,Lack of evidence for calibration records of measuring equipment.,Yes,Document action items and track their closure status.,3/6/2024,3/26/2024,Closed
AUD-01101,SPLR-073,10/28/2022,IATF 16949,5.2,Observation,Minor,Lack of evidence for calibration records of measuring equipment.,Yes,Conduct training sessions and maintain attendance logs.,12/1/2022,11/21/2022,Closed
AUD-01102,SPLR-093,1/9/2023,IATF 16949,5.2,Observation,Major,Internal audit scope does not cover all processes.,Yes,Integrate risk assessment into supplier evaluation template.,3/10/2023,3/26/2023,Closed
AUD-01103,SPLR-078,1/28/2022,IATF 16949,5.1,Non-conformance,Minor,Control of non-conforming product is not effectively implemented.,Yes,Revise and train staff on procedure adherence.,4/24/2022,4/16/2022,Closed
AUD-01104,SPLR-074,1/23/2022,IATF 16949,8.2,Observation,Minor,Customer complaint process not well-defined in procedure.,Yes,Expand audit scope and ensure full coverage.,4/8/2022,4/14/2022,Closed
AUD-01105,SPLR-096,5/17/2024,ISO 9001:2015,6.1,Non-conformance,Major,Lack of evidence for calibration records of measuring equipment.,Yes,Expand audit scope and ensure full coverage.,7/10/2024,7/8/2024,Closed
AUD-01106,SPLR-089,4/25/2022,ISO 9001:2015,7.1,Observation,Major,Control of non-conforming product is not effectively implemented.,Yes,Expand audit scope and ensure full coverage.,7/2/2022,6/26/2022,Closed
AUD-01107,SPLR-083,10/4/2023,IATF 16949,8.1,Observation,Minor,Control of non-conforming product is not effectively implemented.,Yes,Revise and train staff on procedure adherence.,12/24/2023,1/6/2024,Closed
AUD-01108,SPLR-004,7/7/2023,ISO 9001:2015,4.2,Non-conformance,Major,Lack of evidence for calibration records of measuring equipment.,Yes,Develop and follow a strict maintenance timetable.,9/13/2023,9/24/2023,Closed
AUD-01109,SPLR-025,11/30/2022,ISO 9001:2015,4.2,Non-conformance,Minor,Inadequate training records for new operators.,Yes,Document action items and track their closure status.,12/30/2022,1/8/2023,Closed
AUD-01110,SPLR-062,5/8/2023,IATF 16949,4.3,Non-conformance,Minor,Management review records lack evidence of action tracking.,Yes,Document action items and track their closure status.,6/9/2023,7/5/2023,Closed
AUD-01111,SPLR-051,10/7/2023,ISO 9001:2015,6.1,Non-conformance,Major,Documented procedure not followed during batch production.,Yes,Develop and follow a strict maintenance timetable.,12/24/2023,1/1/2024,Closed
AUD-01112,SPLR-013,3/11/2024,IATF 16949,5.2,Non-conformance,Minor,Lack of evidence for calibration records of measuring equipment.,Yes,Develop and follow a strict maintenance timetable.,5/6/2024,5/28/2024,Closed
AUD-01113,SPLR-020,4/17/2025,IATF 16949,9.1,Observation,Minor,Management review records lack evidence of action tracking.,Yes,Revise and train staff on procedure adherence.,6/4/2025,6/4/2025,Open
AUD-01114,SPLR-094,7/11/2022,ISO 9001:2015,5.2,Observation,Major,Control of non-conforming product is not effectively implemented.,Yes,Implement formal non-conformance containment measures.,9/11/2022,10/4/2022,Closed
AUD-01115,SPLR-006,9/26/2022,IATF 16949,7.1,Observation,Minor,Preventive maintenance schedule not adhered to.,Yes,Document action items and track their closure status.,12/19/2022,1/5/2023,Closed
AUD-01116,SPLR-019,3/4/2023,ISO 9001:2015,5.1,Observation,Minor,Management review records lack evidence of action tracking.,Yes,Define and communicate complaint handling procedure.,4/9/2023,3/30/2023,Closed
AUD-01117,SPLR-021,10/18/2024,ISO 9001:2015,7.2,Non-conformance,Major,Preventive maintenance schedule not adhered to.,Yes,Implement formal non-conformance containment measures.,1/15/2025,1/23/2025,Closed
AUD-01118,SPLR-034,3/26/2025,IATF 16949,7.3,Observation,Major,Lack of evidence for calibration records of measuring equipment.,Yes,Update calibration records and schedule preventive calibration.,5/6/2025,5/25/2025,Open
AUD-01119,SPLR-037,6/24/2024,ISO 9001:2015,4.2,Observation,Major,Management review records lack evidence of action tracking.,Yes,Define and communicate complaint handling procedure.,7/26/2024,8/8/2024,Closed
AUD-01120,SPLR-048,9/22/2022,IATF 16949,7.3,Non-conformance,Major,Internal audit scope does not cover all processes.,Yes,Document action items and track their closure status.,12/21/2022,12/31/2022,Closed
AUD-01121,SPLR-095,11/2/2024,IATF 16949,6.3,Non-conformance,Minor,Documented procedure not followed during batch production.,Yes,Document action items and track their closure status.,1/12/2025,1/5/2025,Closed
AUD-01122,SPLR-010,11/13/2022,ISO 9001:2015,6.1,Non-conformance,Major,Traceability records incomplete for critical components.,Yes,Implement formal non-conformance containment measures.,1/18/2023,2/2/2023,Closed
AUD-01123,SPLR-060,8/4/2024,ISO 9001:2015,6.2,Non-conformance,Minor,Customer complaint process not well-defined in procedure.,Yes,Define and communicate complaint handling procedure.,10/14/2024,11/7/2024,Closed
AUD-01124,SPLR-009,1/5/2023,ISO 9001:2015,7.1,Observation,Major,Traceability records incomplete for critical components.,Yes,Conduct training sessions and maintain attendance logs.,3/1/2023,3/12/2023,Closed
AUD-01125,SPLR-005,9/22/2024,ISO 9001:2015,9.2,Non-conformance,Major,Customer complaint process not well-defined in procedure.,Yes,Update calibration records and schedule preventive calibration.,11/8/2024,11/27/2024,Closed
AUD-01126,SPLR-008,10/26/2022,ISO 9001:2015,6.2,Observation,Major,Management review records lack evidence of action tracking.,Yes,Revise and train staff on procedure adherence.,1/2/2023,1/16/2023,Closed
AUD-01127,SPLR-035,8/27/2024,ISO 9001:2015,4.1,Observation,Minor,Inadequate training records for new operators.,Yes,Revise and train staff on procedure adherence.,11/25/2024,12/12/2024,Closed
AUD-01128,SPLR-092,6/21/2022,ISO 9001:2015,4.2,Observation,Major,Supplier evaluation process missing risk assessment steps.,Yes,Enhance traceability documentation for all lot numbers.,7/26/2022,8/4/2022,Closed
AUD-01129,SPLR-012,12/10/2024,ISO 9001:2015,9.1,Observation,Major,Supplier evaluation process missing risk assessment steps.,Yes,Implement formal non-conformance containment measures.,3/3/2025,2/24/2025,Closed
AUD-01130,SPLR-069,9/1/2023,ISO 9001:2015,5.2,Non-conformance,Major,Preventive maintenance schedule not adhered to.,Yes,Enhance traceability documentation for all lot numbers.,10/31/2023,11/20/2023,Closed
AUD-01131,SPLR-093,12/28/2023,IATF 16949,4.1,Non-conformance,Major,Internal audit scope does not cover all processes.,Yes,Document action items and track their closure status.,2/8/2024,2/2/2024,Closed
AUD-01132,SPLR-015,10/11/2023,ISO 9001:2015,5.1,Observation,Major,Customer complaint process not well-defined in procedure.,Yes,Implement formal non-conformance containment measures.,12/11/2023,12/21/2023,Closed
AUD-01133,SPLR-013,12/2/2024,ISO 9001:2015,7.2,Non-conformance,Minor,Control of non-conforming product is not effectively implemented.,Yes,Define and communicate complaint handling procedure.,2/10/2025,3/9/2025,Closed
AUD-01134,SPLR-045,1/20/2023,IATF 16949,9.3,Non-conformance,Minor,Control of non-conforming product is not effectively implemented.,Yes,Document action items and track their closure status.,3/15/2023,3/18/2023,Closed
AUD-01135,SPLR-065,3/27/2025,ISO 9001:2015,6.2,Non-conformance,Major,Preventive maintenance schedule not adhered to.,Yes,Revise and train staff on procedure adherence.,5/15/2025,5/24/2025,Open
AUD-01136,SPLR-055,7/22/2024,IATF 16949,8.2,Observation,Minor,Preventive maintenance schedule not adhered to.,Yes,Develop and follow a strict maintenance timetable.,10/13/2024,11/6/2024,Closed
AUD-01137,SPLR-021,12/27/2022,IATF 16949,8.2,Observation,Major,Preventive maintenance schedule not adhered to.,Yes,Implement formal non-conformance containment measures.,3/2/2023,3/30/2023,Closed
AUD-01138,SPLR-012,8/7/2023,IATF 16949,10.3,Non-conformance,Minor,Supplier evaluation process missing risk assessment steps.,Yes,Document action items and track their closure status.,11/5/2023,11/1/2023,Closed
AUD-01139,SPLR-013,2/3/2022,IATF 16949,5.1,Observation,Minor,Customer complaint process not well-defined in procedure.,Yes,Document action items and track their closure status.,5/3/2022,5/27/2022,Closed
AUD-01140,SPLR-015,8/17/2023,IATF 16949,6.1,Non-conformance,Major,Inadequate training records for new operators.,Yes,Define and communicate complaint handling procedure.,10/21/2023,11/4/2023,Closed
AUD-01141,SPLR-029,9/12/2022,IATF 16949,8.3,Observation,Major,Traceability records incomplete for critical components.,Yes,Enhance traceability documentation for all lot numbers.,10/12/2022,10/25/2022,Closed
AUD-01142,SPLR-005,6/26/2023,IATF 16949,8.2,Non-conformance,Minor,Inadequate training records for new operators.,Yes,Revise and train staff on procedure adherence.,9/21/2023,10/7/2023,Closed
AUD-01143,SPLR-074,11/11/2022,IATF 16949,9.2,Observation,Minor,Management review records lack evidence of action tracking.,Yes,Develop and follow a strict maintenance timetable.,1/1/2023,1/1/2023,Closed
AUD-01144,SPLR-074,2/12/2025,IATF 16949,6.1,Observation,Minor,Management review records lack evidence of action tracking.,Yes,Enhance traceability documentation for all lot numbers.,5/6/2025,4/29/2025,Closed
AUD-01145,SPLR-030,3/10/2024,ISO 9001:2015,7.1,Non-conformance,Minor,Preventive maintenance schedule not adhered to.,Yes,Expand audit scope and ensure full coverage.,4/19/2024,5/6/2024,Closed
AUD-01146,SPLR-034,10/29/2024,ISO 9001:2015,9.1,Non-conformance,Major,Management review records lack evidence of action tracking.,Yes,Enhance traceability documentation for all lot numbers.,1/20/2025,2/19/2025,Closed
AUD-01147,SPLR-099,2/22/2023,ISO 9001:2015,4.2,Non-conformance,Minor,Documented procedure not followed during batch production.,Yes,Enhance traceability documentation for all lot numbers.,3/24/2023,4/23/2023,Closed
AUD-01148,SPLR-059,1/18/2025,ISO 9001:2015,8.2,Observation,Minor,Traceability records incomplete for critical components.,Yes,Revise and train staff on procedure adherence.,4/5/2025,4/3/2025,Closed
AUD-01149,SPLR-093,5/6/2023,ISO 9001:2015,6.1,Observation,Major,Inadequate training records for new operators.,Yes,Expand audit scope and ensure full coverage.,7/28/2023,8/2/2023,Closed
AUD-01150,SPLR-014,4/16/2022,IATF 16949,4.3,Non-conformance,Major,Control of non-conforming product is not effectively implemented.,Yes,Revise and train staff on procedure adherence.,6/25/2022,7/22/2022,Closed
AUD-01151,SPLR-012,9/9/2022,ISO 9001:2015,5.1,Non-conformance,Major,Supplier evaluation process missing risk assessment steps.,Yes,Integrate risk assessment into supplier evaluation template.,12/5/2022,12/6/2022,Closed
AUD-01152,SPLR-053,1/11/2024,ISO 9001:2015,7.1,Non-conformance,Major,Lack of evidence for calibration records of measuring equipment.,Yes,Define and communicate complaint handling procedure.,3/31/2024,3/22/2024,Closed
AUD-01153,SPLR-082,6/6/2022,ISO 9001:2015,9.1,Observation,Minor,Traceability records incomplete for critical components.,Yes,Enhance traceability documentation for all lot numbers.,8/31/2022,9/10/2022,Closed
AUD-01154,SPLR-005,1/4/2023,IATF 16949,4.1,Non-conformance,Major,Control of non-conforming product is not effectively implemented.,Yes,Document action items and track their closure status.,3/15/2023,4/12/2023,Closed
AUD-01155,SPLR-067,12/12/2023,IATF 16949,10.2,Observation,Minor,Management review records lack evidence of action tracking.,Yes,Expand audit scope and ensure full coverage.,1/11/2024,1/11/2024,Closed
AUD-01156,SPLR-028,1/30/2023,ISO 9001:2015,8.1,Observation,Minor,Documented procedure not followed during batch production.,Yes,Expand audit scope and ensure full coverage.,4/2/2023,4/1/2023,Closed
AUD-01157,SPLR-035,3/21/2023,ISO 9001:2015,6.2,Observation,Major,Control of non-conforming product is not effectively implemented.,Yes,Conduct training sessions and maintain attendance logs.,4/25/2023,4/23/2023,Closed
AUD-01158,SPLR-056,2/13/2023,ISO 9001:2015,6.2,Observation,Minor,Internal audit scope does not cover all processes.,Yes,Integrate risk assessment into supplier evaluation template.,4/13/2023,5/4/2023,Closed
AUD-01159,SPLR-099,5/28/2023,ISO 9001:2015,5.2,Observation,Minor,Supplier evaluation process missing risk assessment steps.,Yes,Enhance traceability documentation for all lot numbers.,7/3/2023,7/30/2023,Closed
AUD-01160,SPLR-041,2/26/2023,IATF 16949,8.2,Non-conformance,Major,Customer complaint process not well-defined in procedure.,Yes,Enhance traceability documentation for all lot numbers.,5/5/2023,5/12/2023,Closed
AUD-01161,SPLR-009,5/29/2024,ISO 9001:2015,8.2,Observation,Minor,Preventive maintenance schedule not adhered to.,Yes,Develop and follow a strict maintenance timetable.,8/24/2024,9/23/2024,Closed
AUD-01162,SPLR-046,3/11/2022,IATF 16949,10.1,Observation,Minor,Traceability records incomplete for critical components.,Yes,Integrate risk assessment into supplier evaluation template.,5/18/2022,6/10/2022,Closed
AUD-01163,SPLR-046,8/23/2022,ISO 9001:2015,10.1,Non-conformance,Minor,Preventive maintenance schedule not adhered to.,Yes,Enhance traceability documentation for all lot numbers.,11/11/2022,11/12/2022,Closed
AUD-01164,SPLR-041,3/17/2023,IATF 16949,7.3,Non-conformance,Major,Control of non-conforming product is not effectively implemented.,Yes,Develop and follow a strict maintenance timetable.,4/23/2023,4/13/2023,Closed
AUD-01165,SPLR-050,3/14/2023,IATF 16949,10.1,Observation,Minor,Preventive maintenance schedule not adhered to.,Yes,Conduct training sessions and maintain attendance logs.,5/18/2023,5/12/2023,Closed
AUD-01166,SPLR-086,12/15/2024,ISO 9001:2015,4.2,Non-conformance,Major,Internal audit scope does not cover all processes.,Yes,Integrate risk assessment into supplier evaluation template.,2/28/2025,3/28/2025,Closed
AUD-01167,SPLR-064,6/10/2024,IATF 16949,7.2,Non-conformance,Major,Inadequate training records for new operators.,Yes,Conduct training sessions and maintain attendance logs.,7/13/2024,8/3/2024,Closed
AUD-01168,SPLR-076,5/12/2024,ISO 9001:2015,4.2,Observation,Minor,Customer complaint process not well-defined in procedure.,Yes,Implement formal non-conformance containment measures.,7/19/2024,7/29/2024,Closed
AUD-01169,SPLR-037,3/26/2025,ISO 9001:2015,6.1,Non-conformance,Major,Documented procedure not followed during batch production.,Yes,Document action items and track their closure status.,4/25/2025,5/14/2025,Closed
AUD-01170,SPLR-054,3/17/2022,ISO 9001:2015,6.2,Observation,Major,Documented procedure not followed during batch production.,Yes,Update calibration records and schedule preventive calibration.,5/16/2022,5/12/2022,Closed
AUD-01171,SPLR-064,10/12/2023,IATF 16949,8.1,Non-conformance,Major,Lack of evidence for calibration records of measuring equipment.,Yes,Expand audit scope and ensure full coverage.,12/30/2023,1/9/2024,Closed
AUD-01172,SPLR-014,9/4/2023,IATF 16949,9.1,Non-conformance,Minor,Lack of evidence for calibration records of measuring equipment.,Yes,Develop and follow a strict maintenance timetable.,12/3/2023,1/1/2024,Closed
AUD-01173,SPLR-029,4/8/2022,ISO 9001:2015,5.1,Non-conformance,Minor,Lack of evidence for calibration records of measuring equipment.,Yes,Develop and follow a strict maintenance timetable.,7/2/2022,7/19/2022,Closed
AUD-01174,SPLR-015,1/27/2023,IATF 16949,9.3,Non-conformance,Major,Documented procedure not followed during batch production.,Yes,Revise and train staff on procedure adherence.,3/14/2023,3/6/2023,Closed
AUD-01175,SPLR-018,6/3/2022,IATF 16949,7.2,Observation,Minor,Management review records lack evidence of action tracking.,Yes,Enhance traceability documentation for all lot numbers.,7/20/2022,7/20/2022,Closed
AUD-01176,SPLR-086,9/16/2022,IATF 16949,5.2,Non-conformance,Minor,Management review records lack evidence of action tracking.,Yes,Enhance traceability documentation for all lot numbers.,11/25/2022,12/13/2022,Closed
AUD-01177,SPLR-029,3/29/2025,IATF 16949,9.1,Non-conformance,Major,Supplier evaluation process missing risk assessment steps.,Yes,Develop and follow a strict maintenance timetable.,6/16/2025,7/6/2025,Open
AUD-01178,SPLR-089,8/30/2023,ISO 9001:2015,6.2,Non-conformance,Minor,Internal audit scope does not cover all processes.,Yes,Conduct training sessions and maintain attendance logs.,11/10/2023,11/13/2023,Closed
AUD-01179,SPLR-025,10/9/2024,ISO 9001:2015,5.2,Observation,Minor,Documented procedure not followed during batch production.,Yes,Conduct training sessions and maintain attendance logs.,12/7/2024,12/21/2024,Closed
AUD-01180,SPLR-098,11/29/2023,ISO 9001:2015,10.2,Observation,Major,Management review records lack evidence of action tracking.,Yes,Expand audit scope and ensure full coverage.,1/30/2024,2/9/2024,Closed
AUD-01181,SPLR-080,11/12/2022,ISO 9001:2015,5.1,Non-conformance,Major,Inadequate training records for new operators.,Yes,Develop and follow a strict maintenance timetable.,1/5/2023,1/23/2023,Closed
AUD-01182,SPLR-074,1/20/2023,ISO 9001:2015,6.1,Non-conformance,Minor,Traceability records incomplete for critical components.,Yes,Implement formal non-conformance containment measures.,4/3/2023,4/12/2023,Closed
AUD-01183,SPLR-024,8/2/2024,ISO 9001:2015,9.2,Observation,Minor,Lack of evidence for calibration records of measuring equipment.,Yes,Conduct training sessions and maintain attendance logs.,9/2/2024,9/21/2024,Closed
AUD-01184,SPLR-011,9/2/2024,IATF 16949,7.3,Observation,Major,Supplier evaluation process missing risk assessment steps.,Yes,Update calibration records and schedule preventive calibration.,11/30/2024,12/25/2024,Closed
AUD-01185,SPLR-007,3/11/2023,ISO 9001:2015,7.1,Observation,Major,Internal audit scope does not cover all processes.,Yes,Enhance traceability documentation for all lot numbers.,5/12/2023,5/23/2023,Closed
AUD-01186,SPLR-025,1/28/2024,ISO 9001:2015,4.1,Observation,Minor,Traceability records incomplete for critical components.,Yes,Enhance traceability documentation for all lot numbers.,3/10/2024,3/18/2024,Closed
AUD-01187,SPLR-014,5/1/2025,IATF 16949,9.2,Non-conformance,Minor,Management review records lack evidence of action tracking.,Yes,Define and communicate complaint handling procedure.,7/3/2025,7/20/2025,Open
AUD-01188,SPLR-031,8/16/2022,ISO 9001:2015,4.2,Non-conformance,Minor,Documented procedure not followed during batch production.,Yes,Revise and train staff on procedure adherence.,10/21/2022,10/28/2022,Closed
AUD-01189,SPLR-029,7/19/2023,ISO 9001:2015,8.2,Observation,Major,Traceability records incomplete for critical components.,Yes,Enhance traceability documentation for all lot numbers.,9/12/2023,9/8/2023,Closed
AUD-01190,SPLR-091,2/26/2023,ISO 9001:2015,10.1,Observation,Minor,Inadequate training records for new operators.,Yes,Develop and follow a strict maintenance timetable.,5/7/2023,5/15/2023,Closed
AUD-01191,SPLR-089,7/13/2022,ISO 9001:2015,8.1,Non-conformance,Minor,Management review records lack evidence of action tracking.,Yes,Define and communicate complaint handling procedure.,9/28/2022,10/7/2022,Closed
AUD-01192,SPLR-019,10/8/2023,ISO 9001:2015,5.1,Non-conformance,Major,Control of non-conforming product is not effectively implemented.,Yes,Develop and follow a strict maintenance timetable.,1/3/2024,1/22/2024,Closed
AUD-01193,SPLR-022,5/26/2024,IATF 16949,4.1,Non-conformance,Major,Control of non-conforming product is not effectively implemented.,Yes,Integrate risk assessment into supplier evaluation template.,8/20/2024,8/14/2024,Closed
AUD-01194,SPLR-003,8/28/2024,ISO 9001:2015,7.2,Observation,Minor,Inadequate training records for new operators.,Yes,Define and communicate complaint handling procedure.,10/4/2024,9/26/2024,Closed
AUD-01195,SPLR-095,12/11/2024,ISO 9001:2015,10.1,Observation,Major,Control of non-conforming product is not effectively implemented.,Yes,Update calibration records and schedule preventive calibration.,1/16/2025,1/25/2025,Closed
AUD-01196,SPLR-059,10/1/2024,IATF 16949,9.3,Non-conformance,Major,Supplier evaluation process missing risk assessment steps.,Yes,Define and communicate complaint handling procedure.,11/16/2024,11/29/2024,Closed
AUD-01197,SPLR-088,9/9/2023,IATF 16949,9.2,Non-conformance,Minor,Management review records lack evidence of action tracking.,Yes,Define and communicate complaint handling procedure.,10/16/2023,10/23/2023,Closed
AUD-01198,SPLR-032,4/20/2024,ISO 9001:2015,9.1,Observation,Major,Control of non-conforming product is not effectively implemented.,Yes,Develop and follow a strict maintenance timetable.,6/20/2024,6/11/2024,Closed
AUD-01199,SPLR-087,2/27/2023,ISO 9001:2015,5.2,Observation,Minor,Traceability records incomplete for critical components.,Yes,Update calibration records and schedule preventive calibration.,4/15/2023,5/15/2023,Closed
AUD-01200,SPLR-040,6/28/2023,IATF 16949,7.2,Non-conformance,Minor,Traceability records incomplete for critical components.,Yes,Document action items and track their closure status.,8/23/2023,8/30/2023,Closed
