supplier_id,year_month,on_time_delivery_pct,promised_lead_time_days,actual_lead_time_days,schedule_deviation_days
SPLR-001,2022-05,89.77,30,25,-5
SPLR-002,2022-05,93.88,30,27,-3
SPLR-003,2022-05,87.28,30,29,-1
SPLR-004,2022-05,88.08,30,29,-1
SPLR-005,2022-05,91.38,30,32,2
SPLR-006,2022-05,91.63,30,29,-1
SPLR-007,2022-05,90.1,30,31,1
SPLR-008,2022-05,86.48,30,31,1
SPLR-009,2022-05,87.09,30,36,6
SPLR-010,2022-05,89.19,30,29,-1
SPLR-011,2022-05,88.46,30,28,-2
SPLR-012,2022-05,94.55,30,32,2
SPLR-013,2022-05,86.9,30,34,4
SPLR-014,2022-05,92.39,30,29,-1
SPLR-015,2022-05,90.61,30,29,-1
SPLR-016,2022-05,93.95,30,27,-3
SPLR-017,2022-05,90.29,30,28,-2
SPLR-018,2022-05,87.13,30,36,6
SPLR-019,2022-05,87.64,30,30,0
SPLR-020,2022-05,86.52,30,28,-2
SPLR-021,2022-05,90.84,30,27,-3
SPLR-022,2022-05,91.17,30,29,-1
SPLR-023,2022-05,92.32,30,34,4
SPLR-024,2022-05,88.83,30,30,0
SPLR-025,2022-05,90.37,30,31,1
SPLR-026,2022-05,90.03,30,30,0
SPLR-027,2022-05,89.51,30,30,0
SPLR-028,2022-05,92.6,30,31,1
SPLR-029,2022-05,91.4,30,32,2
SPLR-030,2022-05,89.69,30,30,0
SPLR-031,2022-05,87.83,30,33,3
SPLR-032,2022-05,84.43,30,29,-1
SPLR-033,2022-05,92.28,30,25,-5
SPLR-034,2022-05,90.8,30,27,-3
SPLR-035,2022-05,89.26,30,32,2
SPLR-036,2022-05,90.4,30,23,-7
SPLR-037,2022-05,88.05,30,32,2
SPLR-038,2022-05,90.9,30,35,5
SPLR-039,2022-05,93.37,30,28,-2
SPLR-040,2022-05,95.01,30,30,0
SPLR-041,2022-05,88.07,30,28,-2
SPLR-042,2022-05,85.49,30,34,4
SPLR-043,2022-05,93.19,30,26,-4
SPLR-044,2022-05,89.54,30,30,0
SPLR-045,2022-05,88.08,30,24,-6
SPLR-046,2022-05,89.58,30,29,-1
SPLR-047,2022-05,89.22,30,30,0
SPLR-048,2022-05,92.86,30,29,-1
SPLR-049,2022-05,90.34,30,32,2
SPLR-050,2022-05,91.11,30,28,-2
SPLR-051,2022-05,90.19,30,31,1
SPLR-052,2022-05,87.74,30,33,3
SPLR-053,2022-05,92.86,30,27,-3
SPLR-054,2022-05,90.39,30,31,1
SPLR-055,2022-05,88.91,30,31,1
SPLR-056,2022-05,90.33,30,25,-5
SPLR-057,2022-05,90.92,30,26,-4
SPLR-058,2022-05,91.88,30,27,-3
SPLR-059,2022-05,89.68,30,34,4
SPLR-060,2022-05,90.99,30,26,-4
SPLR-061,2022-05,87.97,30,28,-2
SPLR-062,2022-05,90.79,30,31,1
SPLR-063,2022-05,88.31,30,26,-4
SPLR-064,2022-05,90.56,30,29,-1
SPLR-065,2022-05,94.31,30,30,0
SPLR-066,2022-05,93.63,30,26,-4
SPLR-067,2022-05,86.85,30,26,-4
SPLR-068,2022-05,92.38,30,35,5
SPLR-069,2022-05,88.44,30,28,-2
SPLR-070,2022-05,87.66,30,24,-6
SPLR-071,2022-05,91.44,30,30,0
SPLR-072,2022-05,90.02,30,25,-5
SPLR-073,2022-05,93.28,30,28,-2
SPLR-074,2022-05,91.07,30,25,-5
SPLR-075,2022-05,89.62,30,30,0
SPLR-076,2022-05,90.65,30,30,0
SPLR-077,2022-05,90.99,30,26,-4
SPLR-078,2022-05,90.39,30,30,0
SPLR-079,2022-05,90.46,30,30,0
SPLR-080,2022-05,87.45,30,26,-4
SPLR-081,2022-05,85.57,30,32,2
SPLR-082,2022-05,91.66,30,32,2
SPLR-083,2022-05,90.61,30,23,-7
SPLR-084,2022-05,87.95,30,30,0
SPLR-085,2022-05,90.27,30,29,-1
SPLR-086,2022-05,90.74,30,30,0
SPLR-087,2022-05,90.24,30,28,-2
SPLR-088,2022-05,91.96,30,28,-2
SPLR-089,2022-05,87.34,30,27,-3
SPLR-090,2022-05,89.3,30,32,2
SPLR-091,2022-05,89.92,30,29,-1
SPLR-092,2022-05,87.5,30,32,2
SPLR-093,2022-05,88.7,30,29,-1
SPLR-094,2022-05,92.96,30,31,1
SPLR-095,2022-05,86.74,30,24,-6
SPLR-096,2022-05,89.87,30,26,-4
SPLR-097,2022-05,91.3,30,30,0
SPLR-098,2022-05,90.33,30,27,-3
SPLR-099,2022-05,93.48,30,38,8
SPLR-100,2022-05,89.44,30,31,1
SPLR-001,2022-06,90.73,32,31,-1
SPLR-002,2022-06,88.87,32,29,-3
SPLR-003,2022-06,88.26,32,33,1
SPLR-004,2022-06,89.5,32,24,-8
SPLR-005,2022-06,91.43,32,32,0
SPLR-006,2022-06,93.23,32,33,1
SPLR-007,2022-06,87.58,32,25,-7
SPLR-008,2022-06,89.1,32,30,-2
SPLR-009,2022-06,92.42,32,32,0
SPLR-010,2022-06,92.8,32,28,-4
SPLR-011,2022-06,92.47,32,34,2
SPLR-012,2022-06,86.5,32,36,4
SPLR-013,2022-06,90.72,32,33,1
SPLR-014,2022-06,88.81,32,36,4
SPLR-015,2022-06,88.16,32,34,2
SPLR-016,2022-06,92.18,32,29,-3
SPLR-017,2022-06,94.5,32,33,1
SPLR-018,2022-06,91.84,32,27,-5
SPLR-019,2022-06,94.77,32,28,-4
SPLR-020,2022-06,92.59,32,29,-3
SPLR-021,2022-06,89.3,32,34,2
SPLR-022,2022-06,92.59,32,28,-4
SPLR-023,2022-06,92.72,32,35,3
SPLR-024,2022-06,88.66,32,37,5
SPLR-025,2022-06,87.62,32,30,-2
SPLR-026,2022-06,91.49,32,29,-3
SPLR-027,2022-06,91.06,32,33,1
SPLR-028,2022-06,90.16,32,34,2
SPLR-029,2022-06,90.08,32,33,1
SPLR-030,2022-06,92.83,32,34,2
SPLR-031,2022-06,92.11,32,29,-3
SPLR-032,2022-06,91.59,32,29,-3
SPLR-033,2022-06,87.97,32,32,0
SPLR-034,2022-06,88.73,32,34,2
SPLR-035,2022-06,92.16,32,26,-6
SPLR-036,2022-06,88.88,32,28,-4
SPLR-037,2022-06,89.61,32,33,1
SPLR-038,2022-06,90.05,32,30,-2
SPLR-039,2022-06,93.14,32,25,-7
SPLR-040,2022-06,93.01,32,30,-2
SPLR-041,2022-06,90.38,32,30,-2
SPLR-042,2022-06,93.62,32,28,-4
SPLR-043,2022-06,90.56,32,34,2
SPLR-044,2022-06,87.31,32,29,-3
SPLR-045,2022-06,90.24,32,29,-3
SPLR-046,2022-06,88.9,32,31,-1
SPLR-047,2022-06,91.84,32,31,-1
SPLR-048,2022-06,92.69,32,29,-3
SPLR-049,2022-06,88.03,32,38,6
SPLR-050,2022-06,89.22,32,28,-4
SPLR-051,2022-06,87.05,32,35,3
SPLR-052,2022-06,89.85,32,31,-1
SPLR-053,2022-06,90.22,32,35,3
SPLR-054,2022-06,90.18,32,39,7
SPLR-055,2022-06,90.8,32,35,3
SPLR-056,2022-06,92.15,32,32,0
SPLR-057,2022-06,89.36,32,33,1
SPLR-058,2022-06,91.56,32,30,-2
SPLR-059,2022-06,90.87,32,36,4
SPLR-060,2022-06,94.68,32,35,3
SPLR-061,2022-06,94.26,32,30,-2
SPLR-062,2022-06,91.94,32,36,4
SPLR-063,2022-06,88.74,32,31,-1
SPLR-064,2022-06,94.01,32,29,-3
SPLR-065,2022-06,87.85,32,37,5
SPLR-066,2022-06,92.93,32,33,1
SPLR-067,2022-06,90.44,32,31,-1
SPLR-068,2022-06,91.1,32,37,5
SPLR-069,2022-06,91.01,32,39,7
SPLR-070,2022-06,88.74,32,32,0
SPLR-071,2022-06,89.79,32,29,-3
SPLR-072,2022-06,90.23,32,33,1
SPLR-073,2022-06,91.58,32,39,7
SPLR-074,2022-06,91.46,32,35,3
SPLR-075,2022-06,90.67,32,37,5
SPLR-076,2022-06,95.33,32,34,2
SPLR-077,2022-06,88.55,32,30,-2
SPLR-078,2022-06,91.1,32,33,1
SPLR-079,2022-06,91.93,32,33,1
SPLR-080,2022-06,90.55,32,30,-2
SPLR-081,2022-06,91.34,32,38,6
SPLR-082,2022-06,92.58,32,34,2
SPLR-083,2022-06,92.6,32,31,-1
SPLR-084,2022-06,89.52,32,30,-2
SPLR-085,2022-06,90.29,32,31,-1
SPLR-086,2022-06,92.95,32,31,-1
SPLR-087,2022-06,88.93,32,38,6
SPLR-088,2022-06,89.63,32,32,0
SPLR-089,2022-06,91.44,32,29,-3
SPLR-090,2022-06,93.01,32,34,2
SPLR-091,2022-06,93.65,32,30,-2
SPLR-092,2022-06,90.73,32,32,0
SPLR-093,2022-06,91.06,32,28,-4
SPLR-094,2022-06,90.76,32,28,-4
SPLR-095,2022-06,91.25,32,26,-6
SPLR-096,2022-06,86.83,32,34,2
SPLR-097,2022-06,89.44,32,29,-3
SPLR-098,2022-06,93.08,32,33,1
SPLR-099,2022-06,92.28,32,32,0
SPLR-100,2022-06,95.9,32,30,-2
SPLR-001,2022-07,95.49,34,34,0
SPLR-002,2022-07,88.69,34,35,1
SPLR-003,2022-07,92.63,34,31,-3
SPLR-004,2022-07,90.16,34,34,0
SPLR-005,2022-07,92.7,34,26,-8
SPLR-006,2022-07,94.11,34,32,-2
SPLR-007,2022-07,89.34,34,37,3
SPLR-008,2022-07,91.95,34,37,3
SPLR-009,2022-07,92.88,34,34,0
SPLR-010,2022-07,91.69,34,35,1
SPLR-011,2022-07,91.17,34,31,-3
SPLR-012,2022-07,93.22,34,33,-1
SPLR-013,2022-07,92.07,34,37,3
SPLR-014,2022-07,91.77,34,34,0
SPLR-015,2022-07,90.8,34,35,1
SPLR-016,2022-07,92.7,34,37,3
SPLR-017,2022-07,90.84,34,32,-2
SPLR-018,2022-07,93.58,34,35,1
SPLR-019,2022-07,90.19,34,38,4
SPLR-020,2022-07,88.6,34,36,2
SPLR-021,2022-07,89.47,34,39,5
SPLR-022,2022-07,88.91,34,37,3
SPLR-023,2022-07,91.84,34,33,-1
SPLR-024,2022-07,92.37,34,36,2
SPLR-025,2022-07,90.19,34,31,-3
SPLR-026,2022-07,93.3,34,29,-5
SPLR-027,2022-07,90.83,34,43,9
SPLR-028,2022-07,90.06,34,37,3
SPLR-029,2022-07,90.83,34,35,1
SPLR-030,2022-07,93.31,34,37,3
SPLR-031,2022-07,91.6,34,40,6
SPLR-032,2022-07,90.82,34,35,1
SPLR-033,2022-07,92.49,34,30,-4
SPLR-034,2022-07,91.43,34,34,0
SPLR-035,2022-07,91.14,34,41,7
SPLR-036,2022-07,90.32,34,37,3
SPLR-037,2022-07,93.71,34,34,0
SPLR-038,2022-07,90.27,34,32,-2
SPLR-039,2022-07,90.96,34,28,-6
SPLR-040,2022-07,89.99,34,29,-5
SPLR-041,2022-07,94.69,34,36,2
SPLR-042,2022-07,93.57,34,36,2
SPLR-043,2022-07,92.33,34,38,4
SPLR-044,2022-07,90.78,34,34,0
SPLR-045,2022-07,93.49,34,30,-4
SPLR-046,2022-07,98.19,34,34,0
SPLR-047,2022-07,92.28,34,38,4
SPLR-048,2022-07,93.83,34,34,0
SPLR-049,2022-07,92.26,34,29,-5
SPLR-050,2022-07,90.89,34,35,1
SPLR-051,2022-07,92.89,34,37,3
SPLR-052,2022-07,91.76,34,30,-4
SPLR-053,2022-07,94.11,34,38,4
SPLR-054,2022-07,93.8,34,33,-1
SPLR-055,2022-07,94.09,34,44,10
SPLR-056,2022-07,92.23,34,30,-4
SPLR-057,2022-07,90.83,34,36,2
SPLR-058,2022-07,88.79,34,34,0
SPLR-059,2022-07,92.76,34,38,4
SPLR-060,2022-07,94.62,34,36,2
SPLR-061,2022-07,87.67,34,37,3
SPLR-062,2022-07,93.41,34,35,1
SPLR-063,2022-07,88.54,34,31,-3
SPLR-064,2022-07,89.67,34,28,-6
SPLR-065,2022-07,91.99,34,31,-3
SPLR-066,2022-07,97.25,34,33,-1
SPLR-067,2022-07,94.59,34,29,-5
SPLR-068,2022-07,90.94,34,34,0
SPLR-069,2022-07,90.18,34,33,-1
SPLR-070,2022-07,91.56,34,33,-1
SPLR-071,2022-07,95.71,34,35,1
SPLR-072,2022-07,92.96,34,35,1
SPLR-073,2022-07,93.23,34,34,0
SPLR-074,2022-07,91.36,34,34,0
SPLR-075,2022-07,94.31,34,37,3
SPLR-076,2022-07,91.52,34,36,2
SPLR-077,2022-07,91.61,34,34,0
SPLR-078,2022-07,91.05,34,33,-1
SPLR-079,2022-07,94.68,34,34,0
SPLR-080,2022-07,92.27,34,29,-5
SPLR-081,2022-07,91.38,34,33,-1
SPLR-082,2022-07,90.34,34,34,0
SPLR-083,2022-07,91.14,34,34,0
SPLR-084,2022-07,92.24,34,31,-3
SPLR-085,2022-07,91.2,34,34,0
SPLR-086,2022-07,94.37,34,35,1
SPLR-087,2022-07,90.68,34,35,1
SPLR-088,2022-07,95.42,34,37,3
SPLR-089,2022-07,93.1,34,36,2
SPLR-090,2022-07,94.88,34,37,3
SPLR-091,2022-07,93.13,34,37,3
SPLR-092,2022-07,89.84,34,29,-5
SPLR-093,2022-07,92.31,34,34,0
SPLR-094,2022-07,90.91,34,36,2
SPLR-095,2022-07,88.27,34,32,-2
SPLR-096,2022-07,91.03,34,29,-5
SPLR-097,2022-07,94.99,34,30,-4
SPLR-098,2022-07,90.82,34,37,3
SPLR-099,2022-07,93.29,34,31,-3
SPLR-100,2022-07,93.36,34,35,1
SPLR-001,2022-08,98.67,35,36,1
SPLR-002,2022-08,93.72,35,32,-3
SPLR-003,2022-08,92.51,35,32,-3
SPLR-004,2022-08,96.74,35,35,0
SPLR-005,2022-08,95.13,35,39,4
SPLR-006,2022-08,89.28,35,38,3
SPLR-007,2022-08,94.11,35,36,1
SPLR-008,2022-08,92.34,35,32,-3
SPLR-009,2022-08,94.98,35,42,7
SPLR-010,2022-08,96.01,35,38,3
SPLR-011,2022-08,93.62,35,33,-2
SPLR-012,2022-08,92.44,35,33,-2
SPLR-013,2022-08,89.89,35,32,-3
SPLR-014,2022-08,92.88,35,34,-1
SPLR-015,2022-08,94.26,35,36,1
SPLR-016,2022-08,93.97,35,33,-2
SPLR-017,2022-08,90.07,35,33,-2
SPLR-018,2022-08,92.06,35,36,1
SPLR-019,2022-08,95.82,35,37,2
SPLR-020,2022-08,95.51,35,34,-1
SPLR-021,2022-08,92.96,35,32,-3
SPLR-022,2022-08,90.99,35,37,2
SPLR-023,2022-08,93.65,35,31,-4
SPLR-024,2022-08,92.35,35,32,-3
SPLR-025,2022-08,94.09,35,38,3
SPLR-026,2022-08,93.3,35,28,-7
SPLR-027,2022-08,93.62,35,34,-1
SPLR-028,2022-08,93.55,35,33,-2
SPLR-029,2022-08,94.43,35,35,0
SPLR-030,2022-08,93.95,35,36,1
SPLR-031,2022-08,93.14,35,33,-2
SPLR-032,2022-08,96.76,35,36,1
SPLR-033,2022-08,95.65,35,38,3
SPLR-034,2022-08,95.05,35,37,2
SPLR-035,2022-08,90.84,35,35,0
SPLR-036,2022-08,93.63,35,40,5
SPLR-037,2022-08,95.86,35,33,-2
SPLR-038,2022-08,94.75,35,35,0
SPLR-039,2022-08,94.91,35,31,-4
SPLR-040,2022-08,94.72,35,34,-1
SPLR-041,2022-08,94.56,35,32,-3
SPLR-042,2022-08,92.83,35,38,3
SPLR-043,2022-08,91.9,35,32,-3
SPLR-044,2022-08,93.9,35,32,-3
SPLR-045,2022-08,92.23,35,35,0
SPLR-046,2022-08,90.99,35,31,-4
SPLR-047,2022-08,98.11,35,36,1
SPLR-048,2022-08,92.51,35,36,1
SPLR-049,2022-08,95.13,35,37,2
SPLR-050,2022-08,93.75,35,37,2
SPLR-051,2022-08,89.92,35,31,-4
SPLR-052,2022-08,94.33,35,35,0
SPLR-053,2022-08,92.18,35,35,0
SPLR-054,2022-08,92.75,35,34,-1
SPLR-055,2022-08,96.05,35,37,2
SPLR-056,2022-08,92.01,35,31,-4
SPLR-057,2022-08,93.18,35,34,-1
SPLR-058,2022-08,92.68,35,38,3
SPLR-059,2022-08,94.69,35,36,1
SPLR-060,2022-08,91.47,35,38,3
SPLR-061,2022-08,88.36,35,37,2
SPLR-062,2022-08,95.87,35,33,-2
SPLR-063,2022-08,96.55,35,34,-1
SPLR-064,2022-08,94.12,35,36,1
SPLR-065,2022-08,100.0,35,39,4
SPLR-066,2022-08,95.4,35,32,-3
SPLR-067,2022-08,94.29,35,32,-3
SPLR-068,2022-08,95.64,35,35,0
SPLR-069,2022-08,91.75,35,35,0
SPLR-070,2022-08,92.3,35,35,0
SPLR-071,2022-08,92.28,35,35,0
SPLR-072,2022-08,95.5,35,34,-1
SPLR-073,2022-08,93.22,35,35,0
SPLR-074,2022-08,95.39,35,31,-4
SPLR-075,2022-08,94.52,35,38,3
SPLR-076,2022-08,95.15,35,35,0
SPLR-077,2022-08,95.28,35,36,1
SPLR-078,2022-08,95.51,35,28,-7
SPLR-079,2022-08,90.89,35,38,3
SPLR-080,2022-08,90.99,35,36,1
SPLR-081,2022-08,93.3,35,32,-3
SPLR-082,2022-08,94.7,35,35,0
SPLR-083,2022-08,98.22,35,33,-2
SPLR-084,2022-08,96.88,35,36,1
SPLR-085,2022-08,92.68,35,37,2
SPLR-086,2022-08,95.13,35,35,0
SPLR-087,2022-08,94.53,35,33,-2
SPLR-088,2022-08,92.35,35,37,2
SPLR-089,2022-08,93.55,35,34,-1
SPLR-090,2022-08,94.56,35,35,0
SPLR-091,2022-08,91.14,35,38,3
SPLR-092,2022-08,94.24,35,34,-1
SPLR-093,2022-08,94.86,35,35,0
SPLR-094,2022-08,95.53,35,36,1
SPLR-095,2022-08,95.44,35,39,4
SPLR-096,2022-08,95.77,35,34,-1
SPLR-097,2022-08,91.75,35,40,5
SPLR-098,2022-08,93.52,35,33,-2
SPLR-099,2022-08,90.53,35,36,1
SPLR-100,2022-08,94.3,35,30,-5
SPLR-001,2022-09,96.91,34,32,-2
SPLR-002,2022-09,100.0,34,32,-2
SPLR-003,2022-09,95.13,34,31,-3
SPLR-004,2022-09,98.56,34,33,-1
SPLR-005,2022-09,94.55,34,36,2
SPLR-006,2022-09,93.24,34,36,2
SPLR-007,2022-09,99.56,34,36,2
SPLR-008,2022-09,97.28,34,36,2
SPLR-009,2022-09,99.42,34,37,3
SPLR-010,2022-09,96.88,34,37,3
SPLR-011,2022-09,94.23,34,36,2
SPLR-012,2022-09,93.99,34,33,-1
SPLR-013,2022-09,89.83,34,35,1
SPLR-014,2022-09,94.71,34,37,3
SPLR-015,2022-09,96.78,34,37,3
SPLR-016,2022-09,93.83,34,37,3
SPLR-017,2022-09,100.0,34,36,2
SPLR-018,2022-09,97.58,34,34,0
SPLR-019,2022-09,94.95,34,36,2
SPLR-020,2022-09,92.99,34,33,-1
SPLR-021,2022-09,92.46,34,32,-2
SPLR-022,2022-09,97.28,34,35,1
SPLR-023,2022-09,96.1,34,34,0
SPLR-024,2022-09,92.23,34,33,-1
SPLR-025,2022-09,94.64,34,32,-2
SPLR-026,2022-09,97.2,34,31,-3
SPLR-027,2022-09,94.79,34,28,-6
SPLR-028,2022-09,95.41,34,31,-3
SPLR-029,2022-09,96.16,34,31,-3
SPLR-030,2022-09,96.21,34,33,-1
SPLR-031,2022-09,99.34,34,35,1
SPLR-032,2022-09,92.32,34,30,-4
SPLR-033,2022-09,96.11,34,31,-3
SPLR-034,2022-09,90.06,34,38,4
SPLR-035,2022-09,97.44,34,35,1
SPLR-036,2022-09,94.79,34,35,1
SPLR-037,2022-09,94.59,34,34,0
SPLR-038,2022-09,94.16,34,38,4
SPLR-039,2022-09,92.86,34,38,4
SPLR-040,2022-09,96.08,34,32,-2
SPLR-041,2022-09,96.33,34,36,2
SPLR-042,2022-09,98.73,34,35,1
SPLR-043,2022-09,94.22,34,34,0
SPLR-044,2022-09,99.63,34,38,4
SPLR-045,2022-09,97.82,34,36,2
SPLR-046,2022-09,97.4,34,37,3
SPLR-047,2022-09,95.09,34,30,-4
SPLR-048,2022-09,96.14,34,31,-3
SPLR-049,2022-09,93.89,34,32,-2
SPLR-050,2022-09,100.0,34,34,0
SPLR-051,2022-09,96.72,34,30,-4
SPLR-052,2022-09,92.31,34,31,-3
SPLR-053,2022-09,98.88,34,35,1
SPLR-054,2022-09,97.2,34,36,2
SPLR-055,2022-09,94.82,34,38,4
SPLR-056,2022-09,94.73,34,38,4
SPLR-057,2022-09,96.88,34,28,-6
SPLR-058,2022-09,94.5,34,28,-6
SPLR-059,2022-09,98.33,34,34,0
SPLR-060,2022-09,91.54,34,35,1
SPLR-061,2022-09,94.93,34,29,-5
SPLR-062,2022-09,99.36,34,34,0
SPLR-063,2022-09,95.41,34,33,-1
SPLR-064,2022-09,92.97,34,30,-4
SPLR-065,2022-09,98.57,34,32,-2
SPLR-066,2022-09,96.04,34,28,-6
SPLR-067,2022-09,93.36,34,36,2
SPLR-068,2022-09,96.76,34,39,5
SPLR-069,2022-09,98.69,34,33,-1
SPLR-070,2022-09,96.95,34,33,-1
SPLR-071,2022-09,100.0,34,37,3
SPLR-072,2022-09,96.34,34,34,0
SPLR-073,2022-09,98.89,34,36,2
SPLR-074,2022-09,99.12,34,27,-7
SPLR-075,2022-09,96.92,34,32,-2
SPLR-076,2022-09,99.51,34,38,4
SPLR-077,2022-09,96.07,34,38,4
SPLR-078,2022-09,99.57,34,34,0
SPLR-079,2022-09,100.0,34,34,0
SPLR-080,2022-09,95.57,34,36,2
SPLR-081,2022-09,95.29,34,34,0
SPLR-082,2022-09,98.82,34,34,0
SPLR-083,2022-09,92.61,34,35,1
SPLR-084,2022-09,94.61,34,36,2
SPLR-085,2022-09,97.39,34,38,4
SPLR-086,2022-09,97.82,34,37,3
SPLR-087,2022-09,94.66,34,36,2
SPLR-088,2022-09,99.94,34,32,-2
SPLR-089,2022-09,99.6,34,32,-2
SPLR-090,2022-09,94.3,34,35,1
SPLR-091,2022-09,97.43,34,37,3
SPLR-092,2022-09,94.08,34,35,1
SPLR-093,2022-09,94.63,34,29,-5
SPLR-094,2022-09,94.14,34,32,-2
SPLR-095,2022-09,97.04,34,37,3
SPLR-096,2022-09,93.05,34,35,1
SPLR-097,2022-09,93.65,34,36,2
SPLR-098,2022-09,94.75,34,31,-3
SPLR-099,2022-09,97.6,34,32,-2
SPLR-100,2022-09,95.37,34,27,-7
SPLR-001,2022-10,99.36,32,34,2
SPLR-002,2022-10,97.48,32,27,-5
SPLR-003,2022-10,99.88,32,30,-2
SPLR-004,2022-10,96.56,32,39,7
SPLR-005,2022-10,96.06,32,34,2
SPLR-006,2022-10,98.59,32,33,1
SPLR-007,2022-10,98.03,32,33,1
SPLR-008,2022-10,98.01,32,32,0
SPLR-009,2022-10,100.0,32,28,-4
SPLR-010,2022-10,99.51,32,34,2
SPLR-011,2022-10,98.86,32,35,3
SPLR-012,2022-10,97.28,32,26,-6
SPLR-013,2022-10,97.32,32,29,-3
SPLR-014,2022-10,96.0,32,28,-4
SPLR-015,2022-10,96.51,32,30,-2
SPLR-016,2022-10,92.71,32,34,2
SPLR-017,2022-10,100.0,32,34,2
SPLR-018,2022-10,97.06,32,32,0
SPLR-019,2022-10,96.62,32,32,0
SPLR-020,2022-10,97.39,32,29,-3
SPLR-021,2022-10,100.0,32,28,-4
SPLR-022,2022-10,98.9,32,32,0
SPLR-023,2022-10,100.0,32,33,1
SPLR-024,2022-10,96.74,32,31,-1
SPLR-025,2022-10,97.54,32,29,-3
SPLR-026,2022-10,95.93,32,27,-5
SPLR-027,2022-10,95.62,32,32,0
SPLR-028,2022-10,98.06,32,26,-6
SPLR-029,2022-10,97.19,32,34,2
SPLR-030,2022-10,97.14,32,30,-2
SPLR-031,2022-10,96.64,32,30,-2
SPLR-032,2022-10,96.19,32,33,1
SPLR-033,2022-10,100.0,32,30,-2
SPLR-034,2022-10,96.83,32,32,0
SPLR-035,2022-10,96.09,32,35,3
SPLR-036,2022-10,92.72,32,30,-2
SPLR-037,2022-10,99.1,32,31,-1
SPLR-038,2022-10,95.82,32,33,1
SPLR-039,2022-10,99.28,32,33,1
SPLR-040,2022-10,95.86,32,33,1
SPLR-041,2022-10,96.66,32,34,2
SPLR-042,2022-10,100.0,32,24,-8
SPLR-043,2022-10,97.69,32,27,-5
SPLR-044,2022-10,100.0,32,31,-1
SPLR-045,2022-10,98.96,32,32,0
SPLR-046,2022-10,95.86,32,29,-3
SPLR-047,2022-10,100.0,32,35,3
SPLR-048,2022-10,100.0,32,32,0
SPLR-049,2022-10,98.04,32,31,-1
SPLR-050,2022-10,96.89,32,29,-3
SPLR-051,2022-10,97.63,32,30,-2
SPLR-052,2022-10,98.35,32,33,1
SPLR-053,2022-10,98.04,32,37,5
SPLR-054,2022-10,97.39,32,34,2
SPLR-055,2022-10,100.0,32,36,4
SPLR-056,2022-10,99.77,32,31,-1
SPLR-057,2022-10,97.92,32,28,-4
SPLR-058,2022-10,98.46,32,33,1
SPLR-059,2022-10,97.51,32,35,3
SPLR-060,2022-10,95.05,32,37,5
SPLR-061,2022-10,99.27,32,32,0
SPLR-062,2022-10,97.17,32,33,1
SPLR-063,2022-10,100.0,32,32,0
SPLR-064,2022-10,97.75,32,32,0
SPLR-065,2022-10,100.0,32,31,-1
SPLR-066,2022-10,97.41,32,36,4
SPLR-067,2022-10,97.76,32,35,3
SPLR-068,2022-10,95.64,32,31,-1
SPLR-069,2022-10,100.0,32,30,-2
SPLR-070,2022-10,97.16,32,33,1
SPLR-071,2022-10,95.49,32,31,-1
SPLR-072,2022-10,97.69,32,32,0
SPLR-073,2022-10,100.0,32,37,5
SPLR-074,2022-10,95.75,32,32,0
SPLR-075,2022-10,98.81,32,37,5
SPLR-076,2022-10,98.9,32,33,1
SPLR-077,2022-10,98.8,32,34,2
SPLR-078,2022-10,95.61,32,33,1
SPLR-079,2022-10,100.0,32,31,-1
SPLR-080,2022-10,97.72,32,31,-1
SPLR-081,2022-10,92.84,32,32,0
SPLR-082,2022-10,98.07,32,30,-2
SPLR-083,2022-10,95.15,32,29,-3
SPLR-084,2022-10,98.99,32,38,6
SPLR-085,2022-10,100.0,32,28,-4
SPLR-086,2022-10,99.17,32,30,-2
SPLR-087,2022-10,96.3,32,31,-1
SPLR-088,2022-10,98.88,32,35,3
SPLR-089,2022-10,97.27,32,32,0
SPLR-090,2022-10,98.39,32,34,2
SPLR-091,2022-10,99.82,32,28,-4
SPLR-092,2022-10,97.5,32,29,-3
SPLR-093,2022-10,97.36,32,31,-1
SPLR-094,2022-10,97.37,32,30,-2
SPLR-095,2022-10,94.49,32,26,-6
SPLR-096,2022-10,97.2,32,31,-1
SPLR-097,2022-10,96.11,32,36,4
SPLR-098,2022-10,95.75,32,36,4
SPLR-099,2022-10,100.0,32,26,-6
SPLR-100,2022-10,97.65,32,31,-1
SPLR-001,2022-11,92.18,30,25,-5
SPLR-002,2022-11,99.55,30,36,6
SPLR-003,2022-11,99.81,30,30,0
SPLR-004,2022-11,97.96,30,35,5
SPLR-005,2022-11,100.0,30,28,-2
SPLR-006,2022-11,94.0,30,23,-7
SPLR-007,2022-11,100.0,30,29,-1
SPLR-008,2022-11,98.37,30,24,-6
SPLR-009,2022-11,96.49,30,29,-1
SPLR-010,2022-11,98.42,30,28,-2
SPLR-011,2022-11,95.93,30,27,-3
SPLR-012,2022-11,100.0,30,30,0
SPLR-013,2022-11,99.22,30,27,-3
SPLR-014,2022-11,92.09,30,28,-2
SPLR-015,2022-11,96.27,30,31,1
SPLR-016,2022-11,100.0,30,32,2
SPLR-017,2022-11,100.0,30,31,1
SPLR-018,2022-11,96.74,30,31,1
SPLR-019,2022-11,100.0,30,35,5
SPLR-020,2022-11,96.85,30,30,0
SPLR-021,2022-11,95.14,30,32,2
SPLR-022,2022-11,100.0,30,30,0
SPLR-023,2022-11,96.67,30,31,1
SPLR-024,2022-11,98.83,30,30,0
SPLR-025,2022-11,98.36,30,29,-1
SPLR-026,2022-11,99.99,30,32,2
SPLR-027,2022-11,96.03,30,26,-4
SPLR-028,2022-11,97.49,30,32,2
SPLR-029,2022-11,98.3,30,28,-2
SPLR-030,2022-11,98.52,30,29,-1
SPLR-031,2022-11,99.76,30,30,0
SPLR-032,2022-11,97.37,30,30,0
SPLR-033,2022-11,100.0,30,28,-2
SPLR-034,2022-11,98.81,30,29,-1
SPLR-035,2022-11,98.85,30,28,-2
SPLR-036,2022-11,98.22,30,33,3
SPLR-037,2022-11,96.13,30,26,-4
SPLR-038,2022-11,95.42,30,26,-4
SPLR-039,2022-11,99.19,30,25,-5
SPLR-040,2022-11,97.4,30,31,1
SPLR-041,2022-11,98.83,30,28,-2
SPLR-042,2022-11,98.38,30,30,0
SPLR-043,2022-11,97.55,30,29,-1
SPLR-044,2022-11,100.0,30,32,2
SPLR-045,2022-11,100.0,30,28,-2
SPLR-046,2022-11,97.83,30,26,-4
SPLR-047,2022-11,96.38,30,35,5
SPLR-048,2022-11,96.96,30,35,5
SPLR-049,2022-11,95.51,30,26,-4
SPLR-050,2022-11,97.32,30,29,-1
SPLR-051,2022-11,99.85,30,31,1
SPLR-052,2022-11,97.17,30,29,-1
SPLR-053,2022-11,97.36,30,27,-3
SPLR-054,2022-11,96.22,30,33,3
SPLR-055,2022-11,94.34,30,34,4
SPLR-056,2022-11,97.31,30,27,-3
SPLR-057,2022-11,99.48,30,34,4
SPLR-058,2022-11,100.0,30,31,1
SPLR-059,2022-11,100.0,30,24,-6
SPLR-060,2022-11,96.96,30,27,-3
SPLR-061,2022-11,100.0,30,28,-2
SPLR-062,2022-11,99.69,30,31,1
SPLR-063,2022-11,96.28,30,28,-2
SPLR-064,2022-11,100.0,30,27,-3
SPLR-065,2022-11,98.25,30,27,-3
SPLR-066,2022-11,97.37,30,29,-1
SPLR-067,2022-11,96.43,30,27,-3
SPLR-068,2022-11,98.57,30,27,-3
SPLR-069,2022-11,96.38,30,27,-3
SPLR-070,2022-11,97.84,30,32,2
SPLR-071,2022-11,100.0,30,27,-3
SPLR-072,2022-11,100.0,30,26,-4
SPLR-073,2022-11,100.0,30,27,-3
SPLR-074,2022-11,96.26,30,27,-3
SPLR-075,2022-11,97.9,30,31,1
SPLR-076,2022-11,99.34,30,27,-3
SPLR-077,2022-11,96.02,30,27,-3
SPLR-078,2022-11,97.78,30,29,-1
SPLR-079,2022-11,96.1,30,30,0
SPLR-080,2022-11,100.0,30,28,-2
SPLR-081,2022-11,97.13,30,31,1
SPLR-082,2022-11,96.88,30,32,2
SPLR-083,2022-11,96.56,30,35,5
SPLR-084,2022-11,98.69,30,28,-2
SPLR-085,2022-11,96.82,30,28,-2
SPLR-086,2022-11,100.0,30,26,-4
SPLR-087,2022-11,96.66,30,28,-2
SPLR-088,2022-11,97.97,30,29,-1
SPLR-089,2022-11,95.02,30,28,-2
SPLR-090,2022-11,97.8,30,28,-2
SPLR-091,2022-11,99.37,30,32,2
SPLR-092,2022-11,97.84,30,30,0
SPLR-093,2022-11,93.68,30,28,-2
SPLR-094,2022-11,100.0,30,28,-2
SPLR-095,2022-11,96.53,30,36,6
SPLR-096,2022-11,100.0,30,31,1
SPLR-097,2022-11,100.0,30,23,-7
SPLR-098,2022-11,96.42,30,28,-2
SPLR-099,2022-11,97.53,30,28,-2
SPLR-100,2022-11,92.9,30,31,1
SPLR-001,2022-12,91.55,27,28,1
SPLR-002,2022-12,88.89,27,21,-6
SPLR-003,2022-12,85.1,27,23,-4
SPLR-004,2022-12,92.27,27,22,-5
SPLR-005,2022-12,94.75,27,23,-4
SPLR-006,2022-12,90.76,27,19,-8
SPLR-007,2022-12,91.04,27,18,-9
SPLR-008,2022-12,91.85,27,26,-1
SPLR-009,2022-12,93.18,27,20,-7
SPLR-010,2022-12,90.79,27,25,-2
SPLR-011,2022-12,91.35,27,21,-6
SPLR-012,2022-12,85.68,27,25,-2
SPLR-013,2022-12,90.16,27,22,-5
SPLR-014,2022-12,91.99,27,23,-4
SPLR-015,2022-12,87.83,27,18,-9
SPLR-016,2022-12,88.21,27,31,4
SPLR-017,2022-12,91.91,27,24,-3
SPLR-018,2022-12,90.1,27,23,-4
SPLR-019,2022-12,92.8,27,22,-5
SPLR-020,2022-12,91.62,27,22,-5
SPLR-021,2022-12,94.34,27,26,-1
SPLR-022,2022-12,92.96,27,22,-5
SPLR-023,2022-12,92.58,27,23,-4
SPLR-024,2022-12,90.68,27,28,1
SPLR-025,2022-12,88.38,27,24,-3
SPLR-026,2022-12,91.34,27,25,-2
SPLR-027,2022-12,89.56,27,30,3
SPLR-028,2022-12,87.87,27,28,1
SPLR-029,2022-12,92.89,27,29,2
SPLR-030,2022-12,87.29,27,21,-6
SPLR-031,2022-12,93.45,27,18,-9
SPLR-032,2022-12,87.25,27,22,-5
SPLR-033,2022-12,90.85,27,28,1
SPLR-034,2022-12,90.09,27,22,-5
SPLR-035,2022-12,91.09,27,25,-2
SPLR-036,2022-12,91.35,27,23,-4
SPLR-037,2022-12,86.55,27,21,-6
SPLR-038,2022-12,93.3,27,24,-3
SPLR-039,2022-12,89.82,27,27,0
SPLR-040,2022-12,88.2,27,23,-4
SPLR-041,2022-12,90.74,27,22,-5
SPLR-042,2022-12,90.67,27,23,-4
SPLR-043,2022-12,87.67,27,24,-3
SPLR-044,2022-12,87.81,27,24,-3
SPLR-045,2022-12,93.21,27,23,-4
SPLR-046,2022-12,88.12,27,23,-4
SPLR-047,2022-12,88.8,27,25,-2
SPLR-048,2022-12,90.17,27,29,2
SPLR-049,2022-12,92.79,27,23,-4
SPLR-050,2022-12,91.9,27,22,-5
SPLR-051,2022-12,90.53,27,22,-5
SPLR-052,2022-12,92.0,27,28,1
SPLR-053,2022-12,92.06,27,26,-1
SPLR-054,2022-12,92.31,27,25,-2
SPLR-055,2022-12,88.19,27,29,2
SPLR-056,2022-12,94.07,27,23,-4
SPLR-057,2022-12,89.72,27,25,-2
SPLR-058,2022-12,91.57,27,23,-4
SPLR-059,2022-12,87.96,27,24,-3
SPLR-060,2022-12,91.57,27,26,-1
SPLR-061,2022-12,91.16,27,23,-4
SPLR-062,2022-12,92.45,27,24,-3
SPLR-063,2022-12,89.53,27,23,-4
SPLR-064,2022-12,86.97,27,23,-4
SPLR-065,2022-12,91.84,27,25,-2
SPLR-066,2022-12,93.51,27,23,-4
SPLR-067,2022-12,91.44,27,26,-1
SPLR-068,2022-12,95.15,27,24,-3
SPLR-069,2022-12,88.38,27,26,-1
SPLR-070,2022-12,94.2,27,23,-4
SPLR-071,2022-12,92.15,27,27,0
SPLR-072,2022-12,92.5,27,24,-3
SPLR-073,2022-12,89.07,27,23,-4
SPLR-074,2022-12,91.38,27,26,-1
SPLR-075,2022-12,91.13,27,22,-5
SPLR-076,2022-12,91.57,27,26,-1
SPLR-077,2022-12,91.22,27,21,-6
SPLR-078,2022-12,90.1,27,26,-1
SPLR-079,2022-12,87.7,27,17,-10
SPLR-080,2022-12,93.48,27,25,-2
SPLR-081,2022-12,91.68,27,20,-7
SPLR-082,2022-12,91.94,27,24,-3
SPLR-083,2022-12,87.3,27,28,1
SPLR-084,2022-12,90.78,27,22,-5
SPLR-085,2022-12,89.71,27,17,-10
SPLR-086,2022-12,91.65,27,24,-3
SPLR-087,2022-12,90.08,27,27,0
SPLR-088,2022-12,87.7,27,22,-5
SPLR-089,2022-12,88.76,27,23,-4
SPLR-090,2022-12,90.6,27,25,-2
SPLR-091,2022-12,89.77,27,21,-6
SPLR-092,2022-12,93.84,27,31,4
SPLR-093,2022-12,90.75,27,21,-6
SPLR-094,2022-12,93.42,27,19,-8
SPLR-095,2022-12,89.79,27,21,-6
SPLR-096,2022-12,88.15,27,23,-4
SPLR-097,2022-12,88.74,27,24,-3
SPLR-098,2022-12,90.52,27,22,-5
SPLR-099,2022-12,89.72,27,23,-4
SPLR-100,2022-12,92.08,27,23,-4
SPLR-001,2023-01,97.65,25,27,2
SPLR-002,2023-01,97.14,25,29,4
SPLR-003,2023-01,93.76,25,24,-1
SPLR-004,2023-01,99.53,25,24,-1
SPLR-005,2023-01,90.37,25,25,0
SPLR-006,2023-01,96.27,25,17,-8
SPLR-007,2023-01,98.67,25,23,-2
SPLR-008,2023-01,96.66,25,24,-1
SPLR-009,2023-01,93.42,25,22,-3
SPLR-010,2023-01,94.13,25,28,3
SPLR-011,2023-01,95.7,25,24,-1
SPLR-012,2023-01,94.13,25,29,4
SPLR-013,2023-01,98.93,25,29,4
SPLR-014,2023-01,96.98,25,26,1
SPLR-015,2023-01,93.57,25,24,-1
SPLR-016,2023-01,94.63,25,20,-5
SPLR-017,2023-01,98.11,25,23,-2
SPLR-018,2023-01,98.39,25,28,3
SPLR-019,2023-01,97.11,25,27,2
SPLR-020,2023-01,94.77,25,31,6
SPLR-021,2023-01,96.09,25,26,1
SPLR-022,2023-01,94.7,25,22,-3
SPLR-023,2023-01,96.95,25,26,1
SPLR-024,2023-01,94.42,25,21,-4
SPLR-025,2023-01,93.46,25,29,4
SPLR-026,2023-01,94.77,25,24,-1
SPLR-027,2023-01,98.9,25,22,-3
SPLR-028,2023-01,94.55,25,23,-2
SPLR-029,2023-01,99.24,25,31,6
SPLR-030,2023-01,97.5,25,28,3
SPLR-031,2023-01,94.84,25,31,6
SPLR-032,2023-01,96.54,25,28,3
SPLR-033,2023-01,95.79,25,24,-1
SPLR-034,2023-01,99.33,25,27,2
SPLR-035,2023-01,98.9,25,26,1
SPLR-036,2023-01,94.3,25,23,-2
SPLR-037,2023-01,96.21,25,23,-2
SPLR-038,2023-01,93.79,25,29,4
SPLR-039,2023-01,94.91,25,26,1
SPLR-040,2023-01,96.59,25,23,-2
SPLR-041,2023-01,98.9,25,22,-3
SPLR-042,2023-01,96.52,25,26,1
SPLR-043,2023-01,95.89,25,21,-4
SPLR-044,2023-01,97.74,25,27,2
SPLR-045,2023-01,94.65,25,27,2
SPLR-046,2023-01,96.75,25,21,-4
SPLR-047,2023-01,94.29,25,29,4
SPLR-048,2023-01,96.62,25,23,-2
SPLR-049,2023-01,94.28,25,24,-1
SPLR-050,2023-01,95.11,25,23,-2
SPLR-051,2023-01,92.52,25,29,4
SPLR-052,2023-01,97.94,25,21,-4
SPLR-053,2023-01,96.27,25,22,-3
SPLR-054,2023-01,95.48,25,24,-1
SPLR-055,2023-01,95.14,25,31,6
SPLR-056,2023-01,95.12,25,23,-2
SPLR-057,2023-01,94.47,25,28,3
SPLR-058,2023-01,92.7,25,23,-2
SPLR-059,2023-01,98.89,25,26,1
SPLR-060,2023-01,96.38,25,32,7
SPLR-061,2023-01,96.49,25,23,-2
SPLR-062,2023-01,95.44,25,22,-3
SPLR-063,2023-01,98.51,25,27,2
SPLR-064,2023-01,98.25,25,29,4
SPLR-065,2023-01,95.17,25,22,-3
SPLR-066,2023-01,95.9,25,23,-2
SPLR-067,2023-01,96.33,25,29,4
SPLR-068,2023-01,95.66,25,26,1
SPLR-069,2023-01,95.81,25,28,3
SPLR-070,2023-01,94.66,25,19,-6
SPLR-071,2023-01,96.94,25,28,3
SPLR-072,2023-01,96.89,25,23,-2
SPLR-073,2023-01,93.73,25,27,2
SPLR-074,2023-01,96.28,25,25,0
SPLR-075,2023-01,99.64,25,22,-3
SPLR-076,2023-01,99.55,25,25,0
SPLR-077,2023-01,92.33,25,25,0
SPLR-078,2023-01,97.92,25,24,-1
SPLR-079,2023-01,93.05,25,25,0
SPLR-080,2023-01,94.29,25,27,2
SPLR-081,2023-01,97.55,25,22,-3
SPLR-082,2023-01,94.59,25,27,2
SPLR-083,2023-01,94.28,25,22,-3
SPLR-084,2023-01,93.64,25,26,1
SPLR-085,2023-01,96.62,25,23,-2
SPLR-086,2023-01,96.01,25,30,5
SPLR-087,2023-01,94.05,25,19,-6
SPLR-088,2023-01,96.91,25,25,0
SPLR-089,2023-01,94.58,25,27,2
SPLR-090,2023-01,97.68,25,19,-6
SPLR-091,2023-01,94.69,25,32,7
SPLR-092,2023-01,97.17,25,27,2
SPLR-093,2023-01,98.35,25,25,0
SPLR-094,2023-01,97.59,25,27,2
SPLR-095,2023-01,97.08,25,24,-1
SPLR-096,2023-01,96.34,25,23,-2
SPLR-097,2023-01,96.03,25,22,-3
SPLR-098,2023-01,94.42,25,24,-1
SPLR-099,2023-01,94.11,25,24,-1
SPLR-100,2023-01,95.67,25,26,1
SPLR-001,2023-02,85.9,25,18,-7
SPLR-002,2023-02,86.67,25,22,-3
SPLR-003,2023-02,85.01,25,20,-5
SPLR-004,2023-02,84.64,25,23,-2
SPLR-005,2023-02,86.45,25,24,-1
SPLR-006,2023-02,84.08,25,21,-4
SPLR-007,2023-02,86.69,25,18,-7
SPLR-008,2023-02,83.36,25,20,-5
SPLR-009,2023-02,85.8,25,22,-3
SPLR-010,2023-02,83.54,25,15,-10
SPLR-011,2023-02,84.49,25,17,-8
SPLR-012,2023-02,81.02,25,16,-9
SPLR-013,2023-02,84.65,25,24,-1
SPLR-014,2023-02,84.08,25,20,-5
SPLR-015,2023-02,86.37,25,15,-10
SPLR-016,2023-02,85.04,25,19,-6
SPLR-017,2023-02,85.13,25,18,-7
SPLR-018,2023-02,82.36,25,20,-5
SPLR-019,2023-02,87.3,25,22,-3
SPLR-020,2023-02,82.98,25,15,-10
SPLR-021,2023-02,80.64,25,23,-2
SPLR-022,2023-02,82.09,25,19,-6
SPLR-023,2023-02,86.64,25,15,-10
SPLR-024,2023-02,86.98,25,19,-6
SPLR-025,2023-02,81.7,25,19,-6
SPLR-026,2023-02,82.55,25,21,-4
SPLR-027,2023-02,82.7,25,14,-11
SPLR-028,2023-02,83.56,25,15,-10
SPLR-029,2023-02,84.41,25,16,-9
SPLR-030,2023-02,83.02,25,20,-5
SPLR-031,2023-02,83.58,25,20,-5
SPLR-032,2023-02,85.36,25,16,-9
SPLR-033,2023-02,83.87,25,10,-15
SPLR-034,2023-02,84.49,25,19,-6
SPLR-035,2023-02,82.03,25,20,-5
SPLR-036,2023-02,86.35,25,18,-7
SPLR-037,2023-02,82.11,25,20,-5
SPLR-038,2023-02,81.33,25,18,-7
SPLR-039,2023-02,86.44,25,20,-5
SPLR-040,2023-02,80.24,25,14,-11
SPLR-041,2023-02,84.32,25,22,-3
SPLR-042,2023-02,80.76,25,21,-4
SPLR-043,2023-02,86.66,25,25,0
SPLR-044,2023-02,84.66,25,21,-4
SPLR-045,2023-02,79.73,25,26,1
SPLR-046,2023-02,82.85,25,17,-8
SPLR-047,2023-02,83.49,25,24,-1
SPLR-048,2023-02,88.42,25,20,-5
SPLR-049,2023-02,86.0,25,20,-5
SPLR-050,2023-02,81.92,25,24,-1
SPLR-051,2023-02,82.76,25,24,-1
SPLR-052,2023-02,86.6,25,21,-4
SPLR-053,2023-02,87.66,25,26,1
SPLR-054,2023-02,83.65,25,17,-8
SPLR-055,2023-02,80.27,25,26,1
SPLR-056,2023-02,83.12,25,23,-2
SPLR-057,2023-02,82.52,25,24,-1
SPLR-058,2023-02,82.6,25,16,-9
SPLR-059,2023-02,83.58,25,18,-7
SPLR-060,2023-02,85.19,25,19,-6
SPLR-061,2023-02,85.26,25,19,-6
SPLR-062,2023-02,82.67,25,18,-7
SPLR-063,2023-02,88.09,25,20,-5
SPLR-064,2023-02,80.03,25,18,-7
SPLR-065,2023-02,84.19,25,25,0
SPLR-066,2023-02,86.06,25,17,-8
SPLR-067,2023-02,88.84,25,19,-6
SPLR-068,2023-02,86.49,25,16,-9
SPLR-069,2023-02,79.2,25,15,-10
SPLR-070,2023-02,77.5,25,26,1
SPLR-071,2023-02,84.43,25,17,-8
SPLR-072,2023-02,84.91,25,20,-5
SPLR-073,2023-02,85.24,25,23,-2
SPLR-074,2023-02,83.42,25,17,-8
SPLR-075,2023-02,85.66,25,22,-3
SPLR-076,2023-02,84.2,25,26,1
SPLR-077,2023-02,83.12,25,17,-8
SPLR-078,2023-02,84.84,25,17,-8
SPLR-079,2023-02,84.99,25,17,-8
SPLR-080,2023-02,83.2,25,25,0
SPLR-081,2023-02,83.19,25,17,-8
SPLR-082,2023-02,86.34,25,16,-9
SPLR-083,2023-02,82.61,25,21,-4
SPLR-084,2023-02,85.88,25,23,-2
SPLR-085,2023-02,82.51,25,21,-4
SPLR-086,2023-02,83.07,25,18,-7
SPLR-087,2023-02,86.41,25,18,-7
SPLR-088,2023-02,84.56,25,20,-5
SPLR-089,2023-02,81.86,25,22,-3
SPLR-090,2023-02,85.12,25,14,-11
SPLR-091,2023-02,84.55,25,17,-8
SPLR-092,2023-02,86.19,25,15,-10
SPLR-093,2023-02,83.29,25,21,-4
SPLR-094,2023-02,84.11,25,22,-3
SPLR-095,2023-02,80.96,25,24,-1
SPLR-096,2023-02,85.05,25,24,-1
SPLR-097,2023-02,85.75,25,19,-6
SPLR-098,2023-02,81.43,25,18,-7
SPLR-099,2023-02,87.18,25,24,-1
SPLR-100,2023-02,82.76,25,11,-14
SPLR-001,2023-03,91.57,25,24,-1
SPLR-002,2023-03,91.5,25,27,2
SPLR-003,2023-03,93.75,25,28,3
SPLR-004,2023-03,92.89,25,20,-5
SPLR-005,2023-03,91.32,25,32,7
SPLR-006,2023-03,92.75,25,26,1
SPLR-007,2023-03,92.72,25,26,1
SPLR-008,2023-03,87.23,25,24,-1
SPLR-009,2023-03,91.92,25,29,4
SPLR-010,2023-03,92.1,25,20,-5
SPLR-011,2023-03,92.86,25,23,-2
SPLR-012,2023-03,89.57,25,23,-2
SPLR-013,2023-03,93.09,25,29,4
SPLR-014,2023-03,92.97,25,27,2
SPLR-015,2023-03,92.95,25,25,0
SPLR-016,2023-03,93.39,25,18,-7
SPLR-017,2023-03,92.22,25,22,-3
SPLR-018,2023-03,94.33,25,25,0
SPLR-019,2023-03,92.06,25,21,-4
SPLR-020,2023-03,94.03,25,27,2
SPLR-021,2023-03,93.11,25,23,-2
SPLR-022,2023-03,90.45,25,26,1
SPLR-023,2023-03,90.61,25,26,1
SPLR-024,2023-03,87.68,25,24,-1
SPLR-025,2023-03,95.59,25,26,1
SPLR-026,2023-03,92.33,25,31,6
SPLR-027,2023-03,87.33,25,23,-2
SPLR-028,2023-03,91.2,25,28,3
SPLR-029,2023-03,93.75,25,23,-2
SPLR-030,2023-03,94.0,25,24,-1
SPLR-031,2023-03,94.42,25,22,-3
SPLR-032,2023-03,91.75,25,24,-1
SPLR-033,2023-03,94.11,25,24,-1
SPLR-034,2023-03,91.92,25,27,2
SPLR-035,2023-03,93.09,25,28,3
SPLR-036,2023-03,92.42,25,24,-1
SPLR-037,2023-03,91.3,25,25,0
SPLR-038,2023-03,92.5,25,25,0
SPLR-039,2023-03,92.04,25,21,-4
SPLR-040,2023-03,93.33,25,26,1
SPLR-041,2023-03,94.0,25,25,0
SPLR-042,2023-03,88.52,25,24,-1
SPLR-043,2023-03,91.6,25,27,2
SPLR-044,2023-03,87.86,25,25,0
SPLR-045,2023-03,93.03,25,23,-2
SPLR-046,2023-03,92.15,25,23,-2
SPLR-047,2023-03,90.54,25,24,-1
SPLR-048,2023-03,90.58,25,27,2
SPLR-049,2023-03,90.53,25,22,-3
SPLR-050,2023-03,95.54,25,28,3
SPLR-051,2023-03,88.28,25,23,-2
SPLR-052,2023-03,92.48,25,26,1
SPLR-053,2023-03,89.02,25,29,4
SPLR-054,2023-03,93.65,25,27,2
SPLR-055,2023-03,94.71,25,27,2
SPLR-056,2023-03,92.9,25,30,5
SPLR-057,2023-03,94.2,25,23,-2
SPLR-058,2023-03,93.27,25,23,-2
SPLR-059,2023-03,93.01,25,27,2
SPLR-060,2023-03,89.23,25,25,0
SPLR-061,2023-03,92.53,25,24,-1
SPLR-062,2023-03,92.63,25,28,3
SPLR-063,2023-03,91.94,25,26,1
SPLR-064,2023-03,94.77,25,27,2
SPLR-065,2023-03,92.4,25,22,-3
SPLR-066,2023-03,93.34,25,26,1
SPLR-067,2023-03,94.57,25,25,0
SPLR-068,2023-03,88.37,25,20,-5
SPLR-069,2023-03,93.47,25,23,-2
SPLR-070,2023-03,92.87,25,26,1
SPLR-071,2023-03,91.67,25,25,0
SPLR-072,2023-03,90.27,25,25,0
SPLR-073,2023-03,90.83,25,24,-1
SPLR-074,2023-03,91.35,25,24,-1
SPLR-075,2023-03,93.84,25,25,0
SPLR-076,2023-03,94.05,25,30,5
SPLR-077,2023-03,93.71,25,27,2
SPLR-078,2023-03,92.65,25,28,3
SPLR-079,2023-03,92.18,25,28,3
SPLR-080,2023-03,93.23,25,24,-1
SPLR-081,2023-03,93.79,25,25,0
SPLR-082,2023-03,91.79,25,24,-1
SPLR-083,2023-03,92.33,25,28,3
SPLR-084,2023-03,93.78,25,26,1
SPLR-085,2023-03,93.2,25,29,4
SPLR-086,2023-03,91.7,25,22,-3
SPLR-087,2023-03,94.6,25,24,-1
SPLR-088,2023-03,90.62,25,20,-5
SPLR-089,2023-03,93.14,25,20,-5
SPLR-090,2023-03,90.5,25,27,2
SPLR-091,2023-03,93.44,25,23,-2
SPLR-092,2023-03,91.73,25,23,-2
SPLR-093,2023-03,90.9,25,26,1
SPLR-094,2023-03,91.0,25,24,-1
SPLR-095,2023-03,89.07,25,29,4
SPLR-096,2023-03,93.02,25,28,3
SPLR-097,2023-03,94.58,25,23,-2
SPLR-098,2023-03,91.28,25,19,-6
SPLR-099,2023-03,98.28,25,25,0
SPLR-100,2023-03,94.08,25,21,-4
SPLR-001,2023-04,92.53,27,33,6
SPLR-002,2023-04,90.42,27,24,-3
SPLR-003,2023-04,90.26,27,20,-7
SPLR-004,2023-04,90.46,27,29,2
SPLR-005,2023-04,90.46,27,26,-1
SPLR-006,2023-04,91.59,27,29,2
SPLR-007,2023-04,87.22,27,27,0
SPLR-008,2023-04,95.41,27,23,-4
SPLR-009,2023-04,90.37,27,33,6
SPLR-010,2023-04,92.74,27,25,-2
SPLR-011,2023-04,90.95,27,27,0
SPLR-012,2023-04,89.04,27,27,0
SPLR-013,2023-04,89.98,27,27,0
SPLR-014,2023-04,89.04,27,23,-4
SPLR-015,2023-04,90.45,27,32,5
SPLR-016,2023-04,90.7,27,26,-1
SPLR-017,2023-04,92.04,27,27,0
SPLR-018,2023-04,94.27,27,27,0
SPLR-019,2023-04,91.94,27,25,-2
SPLR-020,2023-04,91.54,27,28,1
SPLR-021,2023-04,90.42,27,25,-2
SPLR-022,2023-04,89.26,27,28,1
SPLR-023,2023-04,91.79,27,27,0
SPLR-024,2023-04,91.11,27,27,0
SPLR-025,2023-04,90.73,27,26,-1
SPLR-026,2023-04,90.57,27,35,8
SPLR-027,2023-04,91.16,27,29,2
SPLR-028,2023-04,91.41,27,26,-1
SPLR-029,2023-04,93.12,27,26,-1
SPLR-030,2023-04,92.65,27,26,-1
SPLR-031,2023-04,88.62,27,28,1
SPLR-032,2023-04,88.33,27,29,2
SPLR-033,2023-04,88.15,27,26,-1
SPLR-034,2023-04,87.67,27,35,8
SPLR-035,2023-04,87.23,27,27,0
SPLR-036,2023-04,92.82,27,30,3
SPLR-037,2023-04,92.24,27,26,-1
SPLR-038,2023-04,93.24,27,30,3
SPLR-039,2023-04,90.96,27,28,1
SPLR-040,2023-04,89.93,27,24,-3
SPLR-041,2023-04,93.01,27,31,4
SPLR-042,2023-04,88.77,27,27,0
SPLR-043,2023-04,90.25,27,27,0
SPLR-044,2023-04,90.66,27,30,3
SPLR-045,2023-04,89.04,27,24,-3
SPLR-046,2023-04,93.01,27,26,-1
SPLR-047,2023-04,88.01,27,26,-1
SPLR-048,2023-04,89.88,27,32,5
SPLR-049,2023-04,92.39,27,30,3
SPLR-050,2023-04,92.18,27,30,3
SPLR-051,2023-04,89.16,27,26,-1
SPLR-052,2023-04,88.56,27,26,-1
SPLR-053,2023-04,91.9,27,27,0
SPLR-054,2023-04,93.16,27,24,-3
SPLR-055,2023-04,91.54,27,23,-4
SPLR-056,2023-04,90.72,27,29,2
SPLR-057,2023-04,90.11,27,29,2
SPLR-058,2023-04,88.62,27,22,-5
SPLR-059,2023-04,91.65,27,32,5
SPLR-060,2023-04,88.54,27,31,4
SPLR-061,2023-04,90.62,27,23,-4
SPLR-062,2023-04,88.27,27,27,0
SPLR-063,2023-04,89.73,27,23,-4
SPLR-064,2023-04,87.15,27,24,-3
SPLR-065,2023-04,90.92,27,27,0
SPLR-066,2023-04,89.53,27,28,1
SPLR-067,2023-04,92.62,27,28,1
SPLR-068,2023-04,90.29,27,30,3
SPLR-069,2023-04,88.62,27,26,-1
SPLR-070,2023-04,90.13,27,23,-4
SPLR-071,2023-04,89.7,27,21,-6
SPLR-072,2023-04,94.36,27,24,-3
SPLR-073,2023-04,93.71,27,27,0
SPLR-074,2023-04,91.67,27,26,-1
SPLR-075,2023-04,90.95,27,29,2
SPLR-076,2023-04,91.87,27,29,2
SPLR-077,2023-04,89.8,27,26,-1
SPLR-078,2023-04,87.35,27,29,2
SPLR-079,2023-04,92.7,27,32,5
SPLR-080,2023-04,91.15,27,25,-2
SPLR-081,2023-04,87.14,27,30,3
SPLR-082,2023-04,86.94,27,26,-1
SPLR-083,2023-04,90.09,27,27,0
SPLR-084,2023-04,90.61,27,27,0
SPLR-085,2023-04,85.71,27,27,0
SPLR-086,2023-04,86.08,27,29,2
SPLR-087,2023-04,89.43,27,21,-6
SPLR-088,2023-04,88.91,27,25,-2
SPLR-089,2023-04,92.92,27,28,1
SPLR-090,2023-04,91.22,27,31,4
SPLR-091,2023-04,90.34,27,29,2
SPLR-092,2023-04,91.9,27,23,-4
SPLR-093,2023-04,93.48,27,23,-4
SPLR-094,2023-04,92.37,27,22,-5
SPLR-095,2023-04,91.74,27,33,6
SPLR-096,2023-04,90.11,27,26,-1
SPLR-097,2023-04,91.76,27,26,-1
SPLR-098,2023-04,94.17,27,28,1
SPLR-099,2023-04,89.9,27,25,-2
SPLR-100,2023-04,88.67,27,25,-2
SPLR-001,2023-05,89.3,30,28,-2
SPLR-002,2023-05,88.68,30,36,6
SPLR-003,2023-05,87.94,30,30,0
SPLR-004,2023-05,91.19,30,31,1
SPLR-005,2023-05,89.88,30,29,-1
SPLR-006,2023-05,90.9,30,30,0
SPLR-007,2023-05,89.48,30,25,-5
SPLR-008,2023-05,89.06,30,26,-4
SPLR-009,2023-05,88.67,30,30,0
SPLR-010,2023-05,90.72,30,35,5
SPLR-011,2023-05,88.93,30,32,2
SPLR-012,2023-05,90.61,30,33,3
SPLR-013,2023-05,91.15,30,26,-4
SPLR-014,2023-05,86.55,30,30,0
SPLR-015,2023-05,88.94,30,27,-3
SPLR-016,2023-05,87.46,30,30,0
SPLR-017,2023-05,93.02,30,28,-2
SPLR-018,2023-05,91.18,30,29,-1
SPLR-019,2023-05,87.42,30,32,2
SPLR-020,2023-05,87.81,30,30,0
SPLR-021,2023-05,89.32,30,32,2
SPLR-022,2023-05,87.88,30,31,1
SPLR-023,2023-05,88.32,30,28,-2
SPLR-024,2023-05,82.73,30,36,6
SPLR-025,2023-05,91.1,30,27,-3
SPLR-026,2023-05,87.75,30,28,-2
SPLR-027,2023-05,91.43,30,24,-6
SPLR-028,2023-05,89.72,30,35,5
SPLR-029,2023-05,87.73,30,30,0
SPLR-030,2023-05,94.41,30,31,1
SPLR-031,2023-05,90.25,30,31,1
SPLR-032,2023-05,89.2,30,33,3
SPLR-033,2023-05,89.2,30,24,-6
SPLR-034,2023-05,89.22,30,27,-3
SPLR-035,2023-05,89.44,30,29,-1
SPLR-036,2023-05,92.39,30,32,2
SPLR-037,2023-05,90.53,30,29,-1
SPLR-038,2023-05,87.88,30,23,-7
SPLR-039,2023-05,90.23,30,32,2
SPLR-040,2023-05,89.78,30,28,-2
SPLR-041,2023-05,90.93,30,29,-1
SPLR-042,2023-05,93.37,30,33,3
SPLR-043,2023-05,91.92,30,32,2
SPLR-044,2023-05,87.42,30,31,1
SPLR-045,2023-05,90.75,30,31,1
SPLR-046,2023-05,90.99,30,31,1
SPLR-047,2023-05,95.4,30,29,-1
SPLR-048,2023-05,91.87,30,28,-2
SPLR-049,2023-05,91.58,30,32,2
SPLR-050,2023-05,90.73,30,35,5
SPLR-051,2023-05,88.23,30,28,-2
SPLR-052,2023-05,90.42,30,32,2
SPLR-053,2023-05,90.36,30,33,3
SPLR-054,2023-05,88.68,30,26,-4
SPLR-055,2023-05,90.62,30,29,-1
SPLR-056,2023-05,91.09,30,29,-1
SPLR-057,2023-05,89.32,30,29,-1
SPLR-058,2023-05,90.06,30,29,-1
SPLR-059,2023-05,89.59,30,28,-2
SPLR-060,2023-05,91.71,30,30,0
SPLR-061,2023-05,94.51,30,30,0
SPLR-062,2023-05,88.9,30,38,8
SPLR-063,2023-05,90.83,30,32,2
SPLR-064,2023-05,91.18,30,31,1
SPLR-065,2023-05,91.07,30,26,-4
SPLR-066,2023-05,90.74,30,26,-4
SPLR-067,2023-05,89.65,30,27,-3
SPLR-068,2023-05,90.71,30,31,1
SPLR-069,2023-05,90.96,30,30,0
SPLR-070,2023-05,88.79,30,29,-1
SPLR-071,2023-05,91.84,30,33,3
SPLR-072,2023-05,87.71,30,25,-5
SPLR-073,2023-05,88.55,30,33,3
SPLR-074,2023-05,92.43,30,27,-3
SPLR-075,2023-05,90.61,30,35,5
SPLR-076,2023-05,90.83,30,34,4
SPLR-077,2023-05,92.0,30,27,-3
SPLR-078,2023-05,89.62,30,30,0
SPLR-079,2023-05,90.21,30,32,2
SPLR-080,2023-05,90.82,30,21,-9
SPLR-081,2023-05,87.37,30,23,-7
SPLR-082,2023-05,90.35,30,30,0
SPLR-083,2023-05,90.57,30,27,-3
SPLR-084,2023-05,91.35,30,32,2
SPLR-085,2023-05,87.49,30,25,-5
SPLR-086,2023-05,90.0,30,35,5
SPLR-087,2023-05,93.4,30,31,1
SPLR-088,2023-05,88.54,30,32,2
SPLR-089,2023-05,89.1,30,27,-3
SPLR-090,2023-05,85.71,30,30,0
SPLR-091,2023-05,88.74,30,30,0
SPLR-092,2023-05,85.4,30,30,0
SPLR-093,2023-05,85.14,30,33,3
SPLR-094,2023-05,91.04,30,29,-1
SPLR-095,2023-05,91.13,30,27,-3
SPLR-096,2023-05,90.14,30,32,2
SPLR-097,2023-05,83.81,30,28,-2
SPLR-098,2023-05,89.95,30,29,-1
SPLR-099,2023-05,92.91,30,26,-4
SPLR-100,2023-05,88.76,30,24,-6
SPLR-001,2023-06,93.56,32,31,-1
SPLR-002,2023-06,89.66,32,32,0
SPLR-003,2023-06,91.81,32,33,1
SPLR-004,2023-06,95.83,32,33,1
SPLR-005,2023-06,89.61,32,30,-2
SPLR-006,2023-06,89.75,32,27,-5
SPLR-007,2023-06,90.62,32,34,2
SPLR-008,2023-06,89.31,32,30,-2
SPLR-009,2023-06,93.57,32,28,-4
SPLR-010,2023-06,86.4,32,29,-3
SPLR-011,2023-06,87.46,32,33,1
SPLR-012,2023-06,89.81,32,31,-1
SPLR-013,2023-06,92.84,32,30,-2
SPLR-014,2023-06,92.09,32,37,5
SPLR-015,2023-06,89.62,32,34,2
SPLR-016,2023-06,90.05,32,35,3
SPLR-017,2023-06,87.39,32,27,-5
SPLR-018,2023-06,89.75,32,29,-3
SPLR-019,2023-06,89.5,32,31,-1
SPLR-020,2023-06,91.98,32,31,-1
SPLR-021,2023-06,88.89,32,31,-1
SPLR-022,2023-06,89.0,32,29,-3
SPLR-023,2023-06,87.31,32,32,0
SPLR-024,2023-06,89.4,32,35,3
SPLR-025,2023-06,87.64,32,30,-2
SPLR-026,2023-06,94.16,32,29,-3
SPLR-027,2023-06,90.06,32,28,-4
SPLR-028,2023-06,87.84,32,37,5
SPLR-029,2023-06,90.88,32,32,0
SPLR-030,2023-06,87.14,32,33,1
SPLR-031,2023-06,92.85,32,35,3
SPLR-032,2023-06,91.87,32,29,-3
SPLR-033,2023-06,91.16,32,34,2
SPLR-034,2023-06,86.95,32,29,-3
SPLR-035,2023-06,92.31,32,35,3
SPLR-036,2023-06,87.44,32,34,2
SPLR-037,2023-06,90.73,32,34,2
SPLR-038,2023-06,89.27,32,34,2
SPLR-039,2023-06,92.22,32,31,-1
SPLR-040,2023-06,90.57,32,30,-2
SPLR-041,2023-06,93.84,32,32,0
SPLR-042,2023-06,88.69,32,30,-2
SPLR-043,2023-06,90.79,32,34,2
SPLR-044,2023-06,87.86,32,38,6
SPLR-045,2023-06,91.15,32,33,1
SPLR-046,2023-06,90.34,32,32,0
SPLR-047,2023-06,90.24,32,35,3
SPLR-048,2023-06,90.52,32,34,2
SPLR-049,2023-06,89.67,32,33,1
SPLR-050,2023-06,88.93,32,36,4
SPLR-051,2023-06,88.87,32,31,-1
SPLR-052,2023-06,89.91,32,31,-1
SPLR-053,2023-06,91.98,32,31,-1
SPLR-054,2023-06,93.32,32,30,-2
SPLR-055,2023-06,90.87,32,30,-2
SPLR-056,2023-06,91.38,32,32,0
SPLR-057,2023-06,90.23,32,36,4
SPLR-058,2023-06,89.23,32,34,2
SPLR-059,2023-06,89.0,32,32,0
SPLR-060,2023-06,88.14,32,30,-2
SPLR-061,2023-06,90.37,32,37,5
SPLR-062,2023-06,90.74,32,37,5
SPLR-063,2023-06,90.98,32,31,-1
SPLR-064,2023-06,93.61,32,33,1
SPLR-065,2023-06,89.25,32,33,1
SPLR-066,2023-06,89.95,32,26,-6
SPLR-067,2023-06,92.41,32,35,3
SPLR-068,2023-06,94.21,32,33,1
SPLR-069,2023-06,90.04,32,35,3
SPLR-070,2023-06,92.24,32,37,5
SPLR-071,2023-06,90.45,32,32,0
SPLR-072,2023-06,89.1,32,34,2
SPLR-073,2023-06,87.44,32,34,2
SPLR-074,2023-06,91.71,32,34,2
SPLR-075,2023-06,90.81,32,37,5
SPLR-076,2023-06,92.28,32,30,-2
SPLR-077,2023-06,89.36,32,29,-3
SPLR-078,2023-06,91.64,32,29,-3
SPLR-079,2023-06,92.7,32,36,4
SPLR-080,2023-06,88.78,32,31,-1
SPLR-081,2023-06,90.57,32,35,3
SPLR-082,2023-06,93.75,32,27,-5
SPLR-083,2023-06,89.9,32,31,-1
SPLR-084,2023-06,87.73,32,31,-1
SPLR-085,2023-06,91.39,32,31,-1
SPLR-086,2023-06,87.45,32,41,9
SPLR-087,2023-06,91.07,32,32,0
SPLR-088,2023-06,88.34,32,33,1
SPLR-089,2023-06,90.21,32,26,-6
SPLR-090,2023-06,88.4,32,34,2
SPLR-091,2023-06,94.42,32,33,1
SPLR-092,2023-06,92.74,32,32,0
SPLR-093,2023-06,90.36,32,35,3
SPLR-094,2023-06,93.86,32,36,4
SPLR-095,2023-06,88.4,32,32,0
SPLR-096,2023-06,91.09,32,31,-1
SPLR-097,2023-06,91.31,32,34,2
SPLR-098,2023-06,92.54,32,37,5
SPLR-099,2023-06,89.88,32,28,-4
SPLR-100,2023-06,91.25,32,38,6
SPLR-001,2023-07,91.05,34,36,2
SPLR-002,2023-07,93.39,34,34,0
SPLR-003,2023-07,92.01,34,31,-3
SPLR-004,2023-07,87.44,34,30,-4
SPLR-005,2023-07,91.22,34,37,3
SPLR-006,2023-07,91.79,34,32,-2
SPLR-007,2023-07,90.22,34,36,2
SPLR-008,2023-07,94.72,34,37,3
SPLR-009,2023-07,93.21,34,29,-5
SPLR-010,2023-07,91.3,34,40,6
SPLR-011,2023-07,94.24,34,29,-5
SPLR-012,2023-07,91.89,34,35,1
SPLR-013,2023-07,90.48,34,27,-7
SPLR-014,2023-07,92.2,34,31,-3
SPLR-015,2023-07,90.43,34,33,-1
SPLR-016,2023-07,91.73,34,34,0
SPLR-017,2023-07,90.23,34,33,-1
SPLR-018,2023-07,88.49,34,35,1
SPLR-019,2023-07,86.29,34,33,-1
SPLR-020,2023-07,93.84,34,31,-3
SPLR-021,2023-07,93.43,34,37,3
SPLR-022,2023-07,85.38,34,33,-1
SPLR-023,2023-07,86.25,34,33,-1
SPLR-024,2023-07,91.99,34,26,-8
SPLR-025,2023-07,95.85,34,35,1
SPLR-026,2023-07,90.3,34,38,4
SPLR-027,2023-07,88.41,34,30,-4
SPLR-028,2023-07,87.4,34,39,5
SPLR-029,2023-07,92.66,34,36,2
SPLR-030,2023-07,92.6,34,36,2
SPLR-031,2023-07,92.16,34,35,1
SPLR-032,2023-07,92.22,34,32,-2
SPLR-033,2023-07,91.91,34,35,1
SPLR-034,2023-07,92.22,34,29,-5
SPLR-035,2023-07,89.31,34,37,3
SPLR-036,2023-07,91.39,34,36,2
SPLR-037,2023-07,89.82,34,29,-5
SPLR-038,2023-07,90.31,34,33,-1
SPLR-039,2023-07,90.67,34,38,4
SPLR-040,2023-07,92.36,34,39,5
SPLR-041,2023-07,92.81,34,27,-7
SPLR-042,2023-07,94.11,34,29,-5
SPLR-043,2023-07,92.46,34,32,-2
SPLR-044,2023-07,96.29,34,38,4
SPLR-045,2023-07,90.52,34,33,-1
SPLR-046,2023-07,92.49,34,36,2
SPLR-047,2023-07,92.06,34,31,-3
SPLR-048,2023-07,90.56,34,34,0
SPLR-049,2023-07,94.47,34,35,1
SPLR-050,2023-07,90.45,34,36,2
SPLR-051,2023-07,91.23,34,37,3
SPLR-052,2023-07,97.05,34,33,-1
SPLR-053,2023-07,93.6,34,32,-2
SPLR-054,2023-07,91.78,34,34,0
SPLR-055,2023-07,91.61,34,41,7
SPLR-056,2023-07,91.39,34,36,2
SPLR-057,2023-07,88.14,34,35,1
SPLR-058,2023-07,94.28,34,32,-2
SPLR-059,2023-07,86.98,34,34,0
SPLR-060,2023-07,92.03,34,36,2
SPLR-061,2023-07,96.02,34,33,-1
SPLR-062,2023-07,90.29,34,30,-4
SPLR-063,2023-07,92.4,34,35,1
SPLR-064,2023-07,90.91,34,36,2
SPLR-065,2023-07,92.93,34,34,0
SPLR-066,2023-07,90.2,34,32,-2
SPLR-067,2023-07,87.14,34,35,1
SPLR-068,2023-07,92.05,34,34,0
SPLR-069,2023-07,93.01,34,35,1
SPLR-070,2023-07,91.78,34,34,0
SPLR-071,2023-07,89.19,34,32,-2
SPLR-072,2023-07,92.1,34,32,-2
SPLR-073,2023-07,93.72,34,32,-2
SPLR-074,2023-07,92.43,34,34,0
SPLR-075,2023-07,93.49,34,37,3
SPLR-076,2023-07,93.39,34,28,-6
SPLR-077,2023-07,94.39,34,38,4
SPLR-078,2023-07,91.04,34,35,1
SPLR-079,2023-07,90.22,34,28,-6
SPLR-080,2023-07,90.52,34,32,-2
SPLR-081,2023-07,91.29,34,31,-3
SPLR-082,2023-07,90.53,34,34,0
SPLR-083,2023-07,90.46,34,35,1
SPLR-084,2023-07,93.36,34,41,7
SPLR-085,2023-07,94.25,34,35,1
SPLR-086,2023-07,90.76,34,35,1
SPLR-087,2023-07,92.65,34,32,-2
SPLR-088,2023-07,93.57,34,30,-4
SPLR-089,2023-07,91.51,34,35,1
SPLR-090,2023-07,91.42,34,33,-1
SPLR-091,2023-07,91.72,34,31,-3
SPLR-092,2023-07,94.35,34,31,-3
SPLR-093,2023-07,92.64,34,35,1
SPLR-094,2023-07,90.1,34,34,0
SPLR-095,2023-07,90.18,34,38,4
SPLR-096,2023-07,89.72,34,32,-2
SPLR-097,2023-07,89.55,34,30,-4
SPLR-098,2023-07,95.18,34,35,1
SPLR-099,2023-07,92.28,34,32,-2
SPLR-100,2023-07,93.82,34,31,-3
SPLR-001,2023-08,95.59,35,32,-3
SPLR-002,2023-08,92.71,35,37,2
SPLR-003,2023-08,95.73,35,36,1
SPLR-004,2023-08,91.9,35,33,-2
SPLR-005,2023-08,94.31,35,32,-3
SPLR-006,2023-08,96.74,35,27,-8
SPLR-007,2023-08,92.44,35,33,-2
SPLR-008,2023-08,88.31,35,30,-5
SPLR-009,2023-08,95.25,35,35,0
SPLR-010,2023-08,97.15,35,39,4
SPLR-011,2023-08,94.87,35,35,0
SPLR-012,2023-08,94.13,35,27,-8
SPLR-013,2023-08,91.21,35,35,0
SPLR-014,2023-08,95.23,35,35,0
SPLR-015,2023-08,92.22,35,37,2
SPLR-016,2023-08,96.96,35,37,2
SPLR-017,2023-08,95.98,35,33,-2
SPLR-018,2023-08,96.15,35,35,0
SPLR-019,2023-08,95.02,35,36,1
SPLR-020,2023-08,93.76,35,32,-3
SPLR-021,2023-08,93.84,35,37,2
SPLR-022,2023-08,93.12,35,37,2
SPLR-023,2023-08,95.47,35,34,-1
SPLR-024,2023-08,96.78,35,33,-2
SPLR-025,2023-08,97.02,35,36,1
SPLR-026,2023-08,93.97,35,32,-3
SPLR-027,2023-08,93.82,35,34,-1
SPLR-028,2023-08,91.48,35,34,-1
SPLR-029,2023-08,92.39,35,36,1
SPLR-030,2023-08,96.61,35,31,-4
SPLR-031,2023-08,97.42,35,34,-1
SPLR-032,2023-08,92.05,35,37,2
SPLR-033,2023-08,93.11,35,34,-1
SPLR-034,2023-08,93.19,35,32,-3
SPLR-035,2023-08,95.45,35,34,-1
SPLR-036,2023-08,91.13,35,36,1
SPLR-037,2023-08,91.59,35,31,-4
SPLR-038,2023-08,96.39,35,31,-4
SPLR-039,2023-08,89.37,35,36,1
SPLR-040,2023-08,93.39,35,34,-1
SPLR-041,2023-08,93.37,35,35,0
SPLR-042,2023-08,92.49,35,39,4
SPLR-043,2023-08,91.05,35,36,1
SPLR-044,2023-08,95.28,35,32,-3
SPLR-045,2023-08,91.95,35,38,3
SPLR-046,2023-08,92.02,35,33,-2
SPLR-047,2023-08,95.77,35,35,0
SPLR-048,2023-08,90.41,35,40,5
SPLR-049,2023-08,92.94,35,33,-2
SPLR-050,2023-08,94.51,35,36,1
SPLR-051,2023-08,97.92,35,30,-5
SPLR-052,2023-08,95.65,35,37,2
SPLR-053,2023-08,93.73,35,37,2
SPLR-054,2023-08,95.87,35,30,-5
SPLR-055,2023-08,97.5,35,30,-5
SPLR-056,2023-08,91.73,35,34,-1
SPLR-057,2023-08,97.85,35,34,-1
SPLR-058,2023-08,93.94,35,39,4
SPLR-059,2023-08,93.4,35,31,-4
SPLR-060,2023-08,93.17,35,39,4
SPLR-061,2023-08,94.14,35,40,5
SPLR-062,2023-08,95.48,35,33,-2
SPLR-063,2023-08,94.1,35,32,-3
SPLR-064,2023-08,92.66,35,48,13
SPLR-065,2023-08,96.04,35,37,2
SPLR-066,2023-08,92.75,35,39,4
SPLR-067,2023-08,96.2,35,40,5
SPLR-068,2023-08,97.67,35,30,-5
SPLR-069,2023-08,91.78,35,31,-4
SPLR-070,2023-08,92.11,35,35,0
SPLR-071,2023-08,92.87,35,41,6
SPLR-072,2023-08,97.81,35,34,-1
SPLR-073,2023-08,97.91,35,39,4
SPLR-074,2023-08,93.1,35,28,-7
SPLR-075,2023-08,93.56,35,33,-2
SPLR-076,2023-08,94.41,35,35,0
SPLR-077,2023-08,94.13,35,36,1
SPLR-078,2023-08,91.57,35,36,1
SPLR-079,2023-08,93.12,35,35,0
SPLR-080,2023-08,95.91,35,31,-4
SPLR-081,2023-08,93.44,35,34,-1
SPLR-082,2023-08,92.97,35,37,2
SPLR-083,2023-08,92.56,35,33,-2
SPLR-084,2023-08,92.58,35,38,3
SPLR-085,2023-08,93.02,35,36,1
SPLR-086,2023-08,97.95,35,34,-1
SPLR-087,2023-08,96.22,35,40,5
SPLR-088,2023-08,96.05,35,34,-1
SPLR-089,2023-08,95.28,35,31,-4
SPLR-090,2023-08,92.44,35,33,-2
SPLR-091,2023-08,98.48,35,32,-3
SPLR-092,2023-08,92.35,35,31,-4
SPLR-093,2023-08,95.12,35,35,0
SPLR-094,2023-08,96.17,35,37,2
SPLR-095,2023-08,91.24,35,32,-3
SPLR-096,2023-08,96.73,35,34,-1
SPLR-097,2023-08,96.38,35,34,-1
SPLR-098,2023-08,92.06,35,34,-1
SPLR-099,2023-08,92.06,35,33,-2
SPLR-100,2023-08,94.4,35,36,1
SPLR-001,2023-09,92.82,34,34,0
SPLR-002,2023-09,94.83,34,32,-2
SPLR-003,2023-09,96.27,34,32,-2
SPLR-004,2023-09,98.76,34,37,3
SPLR-005,2023-09,98.36,34,32,-2
SPLR-006,2023-09,94.08,34,34,0
SPLR-007,2023-09,95.7,34,32,-2
SPLR-008,2023-09,93.65,34,34,0
SPLR-009,2023-09,95.19,34,36,2
SPLR-010,2023-09,97.33,34,37,3
SPLR-011,2023-09,93.48,34,35,1
SPLR-012,2023-09,94.55,34,30,-4
SPLR-013,2023-09,95.14,34,37,3
SPLR-014,2023-09,95.26,34,39,5
SPLR-015,2023-09,97.1,34,33,-1
SPLR-016,2023-09,98.32,34,35,1
SPLR-017,2023-09,94.13,34,39,5
SPLR-018,2023-09,96.52,34,34,0
SPLR-019,2023-09,94.29,34,37,3
SPLR-020,2023-09,97.03,34,36,2
SPLR-021,2023-09,94.98,34,36,2
SPLR-022,2023-09,97.82,34,32,-2
SPLR-023,2023-09,93.17,34,36,2
SPLR-024,2023-09,92.85,34,34,0
SPLR-025,2023-09,95.11,34,37,3
SPLR-026,2023-09,95.21,34,37,3
SPLR-027,2023-09,94.97,34,37,3
SPLR-028,2023-09,100.0,34,31,-3
SPLR-029,2023-09,96.58,34,42,8
SPLR-030,2023-09,96.13,34,34,0
SPLR-031,2023-09,97.58,34,34,0
SPLR-032,2023-09,92.59,34,37,3
SPLR-033,2023-09,91.99,34,33,-1
SPLR-034,2023-09,98.41,34,33,-1
SPLR-035,2023-09,94.61,34,36,2
SPLR-036,2023-09,94.3,34,30,-4
SPLR-037,2023-09,96.55,34,33,-1
SPLR-038,2023-09,93.51,34,36,2
SPLR-039,2023-09,96.93,34,33,-1
SPLR-040,2023-09,95.42,34,35,1
SPLR-041,2023-09,98.38,34,33,-1
SPLR-042,2023-09,97.31,34,36,2
SPLR-043,2023-09,97.76,34,34,0
SPLR-044,2023-09,94.18,34,32,-2
SPLR-045,2023-09,96.69,34,39,5
SPLR-046,2023-09,95.03,34,36,2
SPLR-047,2023-09,95.34,34,34,0
SPLR-048,2023-09,99.03,34,36,2
SPLR-049,2023-09,93.52,34,32,-2
SPLR-050,2023-09,98.51,34,34,0
SPLR-051,2023-09,93.7,34,31,-3
SPLR-052,2023-09,97.41,34,37,3
SPLR-053,2023-09,96.04,34,41,7
SPLR-054,2023-09,97.65,34,33,-1
SPLR-055,2023-09,94.37,34,31,-3
SPLR-056,2023-09,96.67,34,32,-2
SPLR-057,2023-09,99.35,34,38,4
SPLR-058,2023-09,97.27,34,30,-4
SPLR-059,2023-09,94.66,34,38,4
SPLR-060,2023-09,94.87,34,37,3
SPLR-061,2023-09,96.95,34,34,0
SPLR-062,2023-09,94.59,34,34,0
SPLR-063,2023-09,96.38,34,37,3
SPLR-064,2023-09,94.23,34,33,-1
SPLR-065,2023-09,96.09,34,36,2
SPLR-066,2023-09,94.18,34,30,-4
SPLR-067,2023-09,97.35,34,29,-5
SPLR-068,2023-09,98.57,34,33,-1
SPLR-069,2023-09,92.9,34,32,-2
SPLR-070,2023-09,96.76,34,32,-2
SPLR-071,2023-09,96.04,34,36,2
SPLR-072,2023-09,95.6,34,31,-3
SPLR-073,2023-09,95.4,34,38,4
SPLR-074,2023-09,99.37,34,28,-6
SPLR-075,2023-09,98.18,34,35,1
SPLR-076,2023-09,97.85,34,32,-2
SPLR-077,2023-09,92.46,34,36,2
SPLR-078,2023-09,94.12,34,30,-4
SPLR-079,2023-09,93.36,34,36,2
SPLR-080,2023-09,96.28,34,36,2
SPLR-081,2023-09,97.34,34,33,-1
SPLR-082,2023-09,95.86,34,32,-2
SPLR-083,2023-09,95.58,34,31,-3
SPLR-084,2023-09,96.78,34,37,3
SPLR-085,2023-09,94.37,34,38,4
SPLR-086,2023-09,96.23,34,35,1
SPLR-087,2023-09,92.6,34,28,-6
SPLR-088,2023-09,96.29,34,36,2
SPLR-089,2023-09,94.66,34,39,5
SPLR-090,2023-09,97.47,34,31,-3
SPLR-091,2023-09,96.06,34,41,7
SPLR-092,2023-09,93.51,34,35,1
SPLR-093,2023-09,95.35,34,36,2
SPLR-094,2023-09,98.53,34,33,-1
SPLR-095,2023-09,98.24,34,40,6
SPLR-096,2023-09,96.13,34,36,2
SPLR-097,2023-09,94.82,34,34,0
SPLR-098,2023-09,95.65,34,36,2
SPLR-099,2023-09,98.41,34,34,0
SPLR-100,2023-09,99.07,34,38,4
SPLR-001,2023-10,99.16,32,30,-2
SPLR-002,2023-10,96.24,32,30,-2
SPLR-003,2023-10,99.36,32,28,-4
SPLR-004,2023-10,98.82,32,29,-3
SPLR-005,2023-10,99.11,32,32,0
SPLR-006,2023-10,100.0,32,35,3
SPLR-007,2023-10,100.0,32,36,4
SPLR-008,2023-10,97.75,32,29,-3
SPLR-009,2023-10,95.36,32,26,-6
SPLR-010,2023-10,95.3,32,32,0
SPLR-011,2023-10,96.34,32,31,-1
SPLR-012,2023-10,98.45,32,31,-1
SPLR-013,2023-10,95.22,32,32,0
SPLR-014,2023-10,95.67,32,31,-1
SPLR-015,2023-10,100.0,32,31,-1
SPLR-016,2023-10,100.0,32,36,4
SPLR-017,2023-10,96.31,32,29,-3
SPLR-018,2023-10,97.36,32,35,3
SPLR-019,2023-10,96.48,32,35,3
SPLR-020,2023-10,99.88,32,30,-2
SPLR-021,2023-10,96.11,32,34,2
SPLR-022,2023-10,97.77,32,30,-2
SPLR-023,2023-10,96.76,32,32,0
SPLR-024,2023-10,94.33,32,34,2
SPLR-025,2023-10,96.51,32,24,-8
SPLR-026,2023-10,97.42,32,30,-2
SPLR-027,2023-10,100.0,32,30,-2
SPLR-028,2023-10,95.27,32,34,2
SPLR-029,2023-10,96.14,32,30,-2
SPLR-030,2023-10,98.48,32,29,-3
SPLR-031,2023-10,94.55,32,37,5
SPLR-032,2023-10,98.62,32,31,-1
SPLR-033,2023-10,97.46,32,34,2
SPLR-034,2023-10,99.41,32,30,-2
SPLR-035,2023-10,98.2,32,30,-2
SPLR-036,2023-10,97.09,32,32,0
SPLR-037,2023-10,97.45,32,34,2
SPLR-038,2023-10,98.44,32,27,-5
SPLR-039,2023-10,94.75,32,31,-1
SPLR-040,2023-10,100.0,32,29,-3
SPLR-041,2023-10,97.05,32,30,-2
SPLR-042,2023-10,96.36,32,33,1
SPLR-043,2023-10,100.0,32,33,1
SPLR-044,2023-10,95.86,32,40,8
SPLR-045,2023-10,97.62,32,30,-2
SPLR-046,2023-10,100.0,32,31,-1
SPLR-047,2023-10,100.0,32,29,-3
SPLR-048,2023-10,100.0,32,33,1
SPLR-049,2023-10,100.0,32,38,6
SPLR-050,2023-10,95.2,32,36,4
SPLR-051,2023-10,94.65,32,29,-3
SPLR-052,2023-10,95.86,32,34,2
SPLR-053,2023-10,97.53,32,31,-1
SPLR-054,2023-10,97.76,32,34,2
SPLR-055,2023-10,98.8,32,35,3
SPLR-056,2023-10,100.0,32,32,0
SPLR-057,2023-10,96.42,32,34,2
SPLR-058,2023-10,95.18,32,30,-2
SPLR-059,2023-10,99.46,32,32,0
SPLR-060,2023-10,95.05,32,28,-4
SPLR-061,2023-10,97.56,32,35,3
SPLR-062,2023-10,99.72,32,32,0
SPLR-063,2023-10,100.0,32,32,0
SPLR-064,2023-10,97.19,32,24,-8
SPLR-065,2023-10,96.57,32,35,3
SPLR-066,2023-10,100.0,32,30,-2
SPLR-067,2023-10,98.39,32,35,3
SPLR-068,2023-10,97.49,32,25,-7
SPLR-069,2023-10,97.96,32,34,2
SPLR-070,2023-10,95.57,32,31,-1
SPLR-071,2023-10,95.15,32,24,-8
SPLR-072,2023-10,99.52,32,32,0
SPLR-073,2023-10,100.0,32,35,3
SPLR-074,2023-10,96.76,32,32,0
SPLR-075,2023-10,98.6,32,35,3
SPLR-076,2023-10,98.11,32,35,3
SPLR-077,2023-10,96.87,32,29,-3
SPLR-078,2023-10,97.33,32,33,1
SPLR-079,2023-10,95.06,32,28,-4
SPLR-080,2023-10,98.36,32,31,-1
SPLR-081,2023-10,97.13,32,31,-1
SPLR-082,2023-10,100.0,32,36,4
SPLR-083,2023-10,94.99,32,30,-2
SPLR-084,2023-10,99.16,32,34,2
SPLR-085,2023-10,97.38,32,29,-3
SPLR-086,2023-10,96.1,32,30,-2
SPLR-087,2023-10,98.02,32,37,5
SPLR-088,2023-10,96.09,32,29,-3
SPLR-089,2023-10,97.25,32,35,3
SPLR-090,2023-10,94.57,32,36,4
SPLR-091,2023-10,97.12,32,30,-2
SPLR-092,2023-10,94.26,32,34,2
SPLR-093,2023-10,97.12,32,33,1
SPLR-094,2023-10,95.66,32,31,-1
SPLR-095,2023-10,96.49,32,32,0
SPLR-096,2023-10,96.12,32,27,-5
SPLR-097,2023-10,100.0,32,28,-4
SPLR-098,2023-10,97.83,32,27,-5
SPLR-099,2023-10,93.47,32,32,0
SPLR-100,2023-10,97.81,32,36,4
SPLR-001,2023-11,98.8,30,29,-1
SPLR-002,2023-11,96.1,30,34,4
SPLR-003,2023-11,99.86,30,26,-4
SPLR-004,2023-11,98.08,30,30,0
SPLR-005,2023-11,97.31,30,32,2
SPLR-006,2023-11,99.66,30,29,-1
SPLR-007,2023-11,97.44,30,34,4
SPLR-008,2023-11,99.87,30,30,0
SPLR-009,2023-11,94.74,30,31,1
SPLR-010,2023-11,99.4,30,21,-9
SPLR-011,2023-11,98.5,30,28,-2
SPLR-012,2023-11,97.56,30,27,-3
SPLR-013,2023-11,97.7,30,34,4
SPLR-014,2023-11,97.11,30,32,2
SPLR-015,2023-11,96.39,30,32,2
SPLR-016,2023-11,98.0,30,31,1
SPLR-017,2023-11,98.01,30,31,1
SPLR-018,2023-11,92.86,30,25,-5
SPLR-019,2023-11,98.83,30,23,-7
SPLR-020,2023-11,96.94,30,29,-1
SPLR-021,2023-11,96.34,30,27,-3
SPLR-022,2023-11,98.54,30,33,3
SPLR-023,2023-11,96.08,30,28,-2
SPLR-024,2023-11,96.54,30,22,-8
SPLR-025,2023-11,98.28,30,32,2
SPLR-026,2023-11,100.0,30,27,-3
SPLR-027,2023-11,95.5,30,30,0
SPLR-028,2023-11,99.66,30,30,0
SPLR-029,2023-11,98.58,30,33,3
SPLR-030,2023-11,96.52,30,29,-1
SPLR-031,2023-11,100.0,30,29,-1
SPLR-032,2023-11,95.47,30,27,-3
SPLR-033,2023-11,96.12,30,31,1
SPLR-034,2023-11,96.21,30,30,0
SPLR-035,2023-11,96.53,30,23,-7
SPLR-036,2023-11,98.61,30,30,0
SPLR-037,2023-11,99.04,30,27,-3
SPLR-038,2023-11,96.44,30,31,1
SPLR-039,2023-11,100.0,30,30,0
SPLR-040,2023-11,98.85,30,29,-1
SPLR-041,2023-11,94.91,30,32,2
SPLR-042,2023-11,99.82,30,32,2
SPLR-043,2023-11,97.64,30,31,1
SPLR-044,2023-11,99.79,30,34,4
SPLR-045,2023-11,99.98,30,30,0
SPLR-046,2023-11,95.38,30,30,0
SPLR-047,2023-11,98.51,30,32,2
SPLR-048,2023-11,100.0,30,29,-1
SPLR-049,2023-11,100.0,30,24,-6
SPLR-050,2023-11,98.84,30,27,-3
SPLR-051,2023-11,94.19,30,29,-1
SPLR-052,2023-11,95.09,30,29,-1
SPLR-053,2023-11,98.07,30,33,3
SPLR-054,2023-11,94.98,30,32,2
SPLR-055,2023-11,98.2,30,33,3
SPLR-056,2023-11,97.14,30,26,-4
SPLR-057,2023-11,95.57,30,26,-4
SPLR-058,2023-11,98.96,30,34,4
SPLR-059,2023-11,96.87,30,31,1
SPLR-060,2023-11,94.95,30,30,0
SPLR-061,2023-11,99.34,30,25,-5
SPLR-062,2023-11,97.59,30,32,2
SPLR-063,2023-11,92.13,30,34,4
SPLR-064,2023-11,98.71,30,32,2
SPLR-065,2023-11,97.17,30,24,-6
SPLR-066,2023-11,99.07,30,29,-1
SPLR-067,2023-11,98.06,30,33,3
SPLR-068,2023-11,99.52,30,35,5
SPLR-069,2023-11,98.31,30,27,-3
SPLR-070,2023-11,97.62,30,31,1
SPLR-071,2023-11,100.0,30,25,-5
SPLR-072,2023-11,98.02,30,34,4
SPLR-073,2023-11,97.52,30,32,2
SPLR-074,2023-11,98.99,30,32,2
SPLR-075,2023-11,96.38,30,27,-3
SPLR-076,2023-11,98.04,30,25,-5
SPLR-077,2023-11,97.46,30,30,0
SPLR-078,2023-11,100.0,30,31,1
SPLR-079,2023-11,99.25,30,33,3
SPLR-080,2023-11,96.07,30,29,-1
SPLR-081,2023-11,100.0,30,29,-1
SPLR-082,2023-11,100.0,30,32,2
SPLR-083,2023-11,95.04,30,30,0
SPLR-084,2023-11,98.29,30,30,0
SPLR-085,2023-11,96.49,30,26,-4
SPLR-086,2023-11,97.05,30,29,-1
SPLR-087,2023-11,100.0,30,35,5
SPLR-088,2023-11,100.0,30,32,2
SPLR-089,2023-11,95.99,30,28,-2
SPLR-090,2023-11,98.42,30,28,-2
SPLR-091,2023-11,99.15,30,32,2
SPLR-092,2023-11,99.07,30,33,3
SPLR-093,2023-11,96.19,30,32,2
SPLR-094,2023-11,96.61,30,27,-3
SPLR-095,2023-11,99.06,30,33,3
SPLR-096,2023-11,98.98,30,30,0
SPLR-097,2023-11,98.62,30,30,0
SPLR-098,2023-11,95.75,30,26,-4
SPLR-099,2023-11,97.84,30,30,0
SPLR-100,2023-11,98.02,30,32,2
SPLR-001,2023-12,97.03,27,29,2
SPLR-002,2023-12,97.17,27,32,5
SPLR-003,2023-12,97.63,27,34,7
SPLR-004,2023-12,98.17,27,26,-1
SPLR-005,2023-12,95.67,27,23,-4
SPLR-006,2023-12,95.48,27,24,-3
SPLR-007,2023-12,98.25,27,25,-2
SPLR-008,2023-12,97.84,27,31,4
SPLR-009,2023-12,97.29,27,33,6
SPLR-010,2023-12,95.11,27,27,0
SPLR-011,2023-12,96.39,27,30,3
SPLR-012,2023-12,92.98,27,23,-4
SPLR-013,2023-12,97.25,27,32,5
SPLR-014,2023-12,97.92,27,23,-4
SPLR-015,2023-12,95.07,27,32,5
SPLR-016,2023-12,96.22,27,24,-3
SPLR-017,2023-12,100.0,27,30,3
SPLR-018,2023-12,100.0,27,24,-3
SPLR-019,2023-12,94.41,27,27,0
SPLR-020,2023-12,98.13,27,28,1
SPLR-021,2023-12,100.0,27,22,-5
SPLR-022,2023-12,99.18,27,24,-3
SPLR-023,2023-12,99.18,27,26,-1
SPLR-024,2023-12,95.84,27,25,-2
SPLR-025,2023-12,94.57,27,27,0
SPLR-026,2023-12,95.92,27,29,2
SPLR-027,2023-12,98.74,27,32,5
SPLR-028,2023-12,98.2,27,29,2
SPLR-029,2023-12,100.0,27,25,-2
SPLR-030,2023-12,94.49,27,28,1
SPLR-031,2023-12,94.62,27,34,7
SPLR-032,2023-12,100.0,27,33,6
SPLR-033,2023-12,97.59,27,29,2
SPLR-034,2023-12,96.55,27,30,3
SPLR-035,2023-12,95.03,27,19,-8
SPLR-036,2023-12,95.88,27,23,-4
SPLR-037,2023-12,100.0,27,32,5
SPLR-038,2023-12,94.66,27,31,4
SPLR-039,2023-12,99.37,27,22,-5
SPLR-040,2023-12,96.68,27,25,-2
SPLR-041,2023-12,98.96,27,23,-4
SPLR-042,2023-12,97.27,27,25,-2
SPLR-043,2023-12,98.41,27,26,-1
SPLR-044,2023-12,96.39,27,26,-1
SPLR-045,2023-12,100.0,27,26,-1
SPLR-046,2023-12,95.38,27,29,2
SPLR-047,2023-12,97.18,27,23,-4
SPLR-048,2023-12,100.0,27,26,-1
SPLR-049,2023-12,96.71,27,27,0
SPLR-050,2023-12,100.0,27,22,-5
SPLR-051,2023-12,98.02,27,33,6
SPLR-052,2023-12,97.72,27,23,-4
SPLR-053,2023-12,96.23,27,28,1
SPLR-054,2023-12,100.0,27,26,-1
SPLR-055,2023-12,99.12,27,23,-4
SPLR-056,2023-12,94.58,27,26,-1
SPLR-057,2023-12,100.0,27,27,0
SPLR-058,2023-12,98.04,27,28,1
SPLR-059,2023-12,99.68,27,25,-2
SPLR-060,2023-12,98.84,27,25,-2
SPLR-061,2023-12,100.0,27,25,-2
SPLR-062,2023-12,95.7,27,29,2
SPLR-063,2023-12,97.62,27,28,1
SPLR-064,2023-12,97.92,27,24,-3
SPLR-065,2023-12,100.0,27,30,3
SPLR-066,2023-12,100.0,27,25,-2
SPLR-067,2023-12,98.3,27,28,1
SPLR-068,2023-12,99.72,27,30,3
SPLR-069,2023-12,97.85,27,22,-5
SPLR-070,2023-12,100.0,27,29,2
SPLR-071,2023-12,96.25,27,28,1
SPLR-072,2023-12,94.44,27,30,3
SPLR-073,2023-12,94.52,27,26,-1
SPLR-074,2023-12,97.95,27,30,3
SPLR-075,2023-12,97.68,27,29,2
SPLR-076,2023-12,97.41,27,27,0
SPLR-077,2023-12,97.64,27,26,-1
SPLR-078,2023-12,94.09,27,25,-2
SPLR-079,2023-12,97.95,27,26,-1
SPLR-080,2023-12,97.15,27,26,-1
SPLR-081,2023-12,95.74,27,26,-1
SPLR-082,2023-12,96.85,27,27,0
SPLR-083,2023-12,98.25,27,26,-1
SPLR-084,2023-12,95.4,27,23,-4
SPLR-085,2023-12,100.0,27,24,-3
SPLR-086,2023-12,96.43,27,29,2
SPLR-087,2023-12,98.19,27,29,2
SPLR-088,2023-12,96.58,27,28,1
SPLR-089,2023-12,97.59,27,26,-1
SPLR-090,2023-12,97.95,27,30,3
SPLR-091,2023-12,97.42,27,27,0
SPLR-092,2023-12,99.6,27,30,3
SPLR-093,2023-12,100.0,27,22,-5
SPLR-094,2023-12,99.27,27,29,2
SPLR-095,2023-12,95.69,27,28,1
SPLR-096,2023-12,99.57,27,25,-2
SPLR-097,2023-12,98.35,27,30,3
SPLR-098,2023-12,95.32,27,27,0
SPLR-099,2023-12,98.07,27,25,-2
SPLR-100,2023-12,95.71,27,27,0
SPLR-001,2024-01,97.6,25,27,2
SPLR-002,2024-01,94.28,25,27,2
SPLR-003,2024-01,94.33,25,20,-5
SPLR-004,2024-01,95.27,25,29,4
SPLR-005,2024-01,97.31,25,25,0
SPLR-006,2024-01,95.17,25,24,-1
SPLR-007,2024-01,96.22,25,22,-3
SPLR-008,2024-01,95.3,25,25,0
SPLR-009,2024-01,93.3,25,23,-2
SPLR-010,2024-01,96.82,25,25,0
SPLR-011,2024-01,95.38,25,22,-3
SPLR-012,2024-01,99.15,25,23,-2
SPLR-013,2024-01,96.5,25,24,-1
SPLR-014,2024-01,96.07,25,27,2
SPLR-015,2024-01,93.26,25,25,0
SPLR-016,2024-01,98.38,25,30,5
SPLR-017,2024-01,95.74,25,25,0
SPLR-018,2024-01,100.0,25,29,4
SPLR-019,2024-01,94.77,25,23,-2
SPLR-020,2024-01,97.91,25,22,-3
SPLR-021,2024-01,98.18,25,26,1
SPLR-022,2024-01,97.04,25,24,-1
SPLR-023,2024-01,94.74,25,30,5
SPLR-024,2024-01,95.51,25,24,-1
SPLR-025,2024-01,95.84,25,26,1
SPLR-026,2024-01,93.94,25,23,-2
SPLR-027,2024-01,94.76,25,28,3
SPLR-028,2024-01,94.23,25,20,-5
SPLR-029,2024-01,92.07,25,21,-4
SPLR-030,2024-01,98.72,25,25,0
SPLR-031,2024-01,97.0,25,27,2
SPLR-032,2024-01,96.11,25,25,0
SPLR-033,2024-01,98.09,25,26,1
SPLR-034,2024-01,98.8,25,27,2
SPLR-035,2024-01,94.76,25,24,-1
SPLR-036,2024-01,94.55,25,29,4
SPLR-037,2024-01,95.19,25,23,-2
SPLR-038,2024-01,96.64,25,25,0
SPLR-039,2024-01,96.59,25,31,6
SPLR-040,2024-01,97.83,25,25,0
SPLR-041,2024-01,93.18,25,24,-1
SPLR-042,2024-01,97.42,25,22,-3
SPLR-043,2024-01,100.0,25,25,0
SPLR-044,2024-01,96.1,25,23,-2
SPLR-045,2024-01,96.99,25,22,-3
SPLR-046,2024-01,100.0,25,29,4
SPLR-047,2024-01,97.97,25,21,-4
SPLR-048,2024-01,96.41,25,29,4
SPLR-049,2024-01,97.19,25,22,-3
SPLR-050,2024-01,94.7,25,24,-1
SPLR-051,2024-01,94.79,25,30,5
SPLR-052,2024-01,92.16,25,27,2
SPLR-053,2024-01,93.42,25,22,-3
SPLR-054,2024-01,91.98,25,24,-1
SPLR-055,2024-01,99.02,25,26,1
SPLR-056,2024-01,93.6,25,28,3
SPLR-057,2024-01,98.46,25,25,0
SPLR-058,2024-01,100.0,25,28,3
SPLR-059,2024-01,97.37,25,23,-2
SPLR-060,2024-01,97.25,25,26,1
SPLR-061,2024-01,97.04,25,23,-2
SPLR-062,2024-01,96.26,25,23,-2
SPLR-063,2024-01,91.71,25,28,3
SPLR-064,2024-01,93.0,25,25,0
SPLR-065,2024-01,96.67,25,26,1
SPLR-066,2024-01,95.43,25,26,1
SPLR-067,2024-01,96.94,25,27,2
SPLR-068,2024-01,99.47,25,26,1
SPLR-069,2024-01,96.13,25,22,-3
SPLR-070,2024-01,96.87,25,27,2
SPLR-071,2024-01,95.62,25,27,2
SPLR-072,2024-01,95.41,25,27,2
SPLR-073,2024-01,97.83,25,28,3
SPLR-074,2024-01,96.24,25,22,-3
SPLR-075,2024-01,94.78,25,27,2
SPLR-076,2024-01,100.0,25,24,-1
SPLR-077,2024-01,96.91,25,24,-1
SPLR-078,2024-01,94.05,25,23,-2
SPLR-079,2024-01,91.84,25,29,4
SPLR-080,2024-01,91.54,25,24,-1
SPLR-081,2024-01,93.64,25,23,-2
SPLR-082,2024-01,98.75,25,26,1
SPLR-083,2024-01,94.07,25,23,-2
SPLR-084,2024-01,94.47,25,25,0
SPLR-085,2024-01,96.35,25,31,6
SPLR-086,2024-01,92.17,25,25,0
SPLR-087,2024-01,95.37,25,28,3
SPLR-088,2024-01,96.71,25,27,2
SPLR-089,2024-01,96.69,25,22,-3
SPLR-090,2024-01,98.42,25,28,3
SPLR-091,2024-01,97.83,25,29,4
SPLR-092,2024-01,96.84,25,30,5
SPLR-093,2024-01,96.76,25,25,0
SPLR-094,2024-01,95.99,25,25,0
SPLR-095,2024-01,94.96,25,30,5
SPLR-096,2024-01,96.59,25,25,0
SPLR-097,2024-01,96.78,25,34,9
SPLR-098,2024-01,93.74,25,23,-2
SPLR-099,2024-01,93.24,25,24,-1
SPLR-100,2024-01,96.49,25,24,-1
SPLR-001,2024-02,92.92,25,25,0
SPLR-002,2024-02,93.0,25,25,0
SPLR-003,2024-02,96.23,25,27,2
SPLR-004,2024-02,95.76,25,28,3
SPLR-005,2024-02,94.57,25,24,-1
SPLR-006,2024-02,92.46,25,23,-2
SPLR-007,2024-02,92.95,25,27,2
SPLR-008,2024-02,94.69,25,27,2
SPLR-009,2024-02,91.68,25,29,4
SPLR-010,2024-02,93.15,25,21,-4
SPLR-011,2024-02,93.12,25,32,7
SPLR-012,2024-02,93.22,25,24,-1
SPLR-013,2024-02,93.62,25,24,-1
SPLR-014,2024-02,92.44,25,25,0
SPLR-015,2024-02,96.15,25,25,0
SPLR-016,2024-02,91.78,25,23,-2
SPLR-017,2024-02,92.9,25,25,0
SPLR-018,2024-02,96.66,25,24,-1
SPLR-019,2024-02,93.82,25,30,5
SPLR-020,2024-02,95.75,25,26,1
SPLR-021,2024-02,97.92,25,26,1
SPLR-022,2024-02,90.03,25,27,2
SPLR-023,2024-02,90.82,25,26,1
SPLR-024,2024-02,90.57,25,23,-2
SPLR-025,2024-02,93.27,25,22,-3
SPLR-026,2024-02,93.3,25,28,3
SPLR-027,2024-02,92.57,25,26,1
SPLR-028,2024-02,92.07,25,24,-1
SPLR-029,2024-02,94.65,25,22,-3
SPLR-030,2024-02,91.38,25,26,1
SPLR-031,2024-02,96.25,25,24,-1
SPLR-032,2024-02,93.09,25,25,0
SPLR-033,2024-02,94.11,25,25,0
SPLR-034,2024-02,88.94,25,21,-4
SPLR-035,2024-02,92.31,25,25,0
SPLR-036,2024-02,94.37,25,26,1
SPLR-037,2024-02,94.52,25,21,-4
SPLR-038,2024-02,96.89,25,28,3
SPLR-039,2024-02,91.48,25,25,0
SPLR-040,2024-02,92.81,25,25,0
SPLR-041,2024-02,96.11,25,31,6
SPLR-042,2024-02,95.5,25,25,0
SPLR-043,2024-02,93.32,25,25,0
SPLR-044,2024-02,96.72,25,24,-1
SPLR-045,2024-02,92.23,25,20,-5
SPLR-046,2024-02,95.03,25,25,0
SPLR-047,2024-02,92.71,25,28,3
SPLR-048,2024-02,93.16,25,24,-1
SPLR-049,2024-02,93.97,25,23,-2
SPLR-050,2024-02,94.47,25,28,3
SPLR-051,2024-02,91.72,25,26,1
SPLR-052,2024-02,94.34,25,25,0
SPLR-053,2024-02,95.74,25,25,0
SPLR-054,2024-02,94.96,25,27,2
SPLR-055,2024-02,92.99,25,25,0
SPLR-056,2024-02,93.5,25,24,-1
SPLR-057,2024-02,93.36,25,26,1
SPLR-058,2024-02,94.16,25,26,1
SPLR-059,2024-02,93.96,25,20,-5
SPLR-060,2024-02,94.06,25,25,0
SPLR-061,2024-02,94.49,25,23,-2
SPLR-062,2024-02,91.61,25,26,1
SPLR-063,2024-02,93.45,25,25,0
SPLR-064,2024-02,93.44,25,24,-1
SPLR-065,2024-02,93.1,25,22,-3
SPLR-066,2024-02,94.95,25,23,-2
SPLR-067,2024-02,94.33,25,26,1
SPLR-068,2024-02,92.83,25,21,-4
SPLR-069,2024-02,98.85,25,23,-2
SPLR-070,2024-02,95.25,25,30,5
SPLR-071,2024-02,95.58,25,24,-1
SPLR-072,2024-02,93.87,25,22,-3
SPLR-073,2024-02,95.76,25,26,1
SPLR-074,2024-02,92.97,25,21,-4
SPLR-075,2024-02,91.36,25,27,2
SPLR-076,2024-02,94.24,25,25,0
SPLR-077,2024-02,92.35,25,20,-5
SPLR-078,2024-02,95.93,25,25,0
SPLR-079,2024-02,95.81,25,23,-2
SPLR-080,2024-02,93.53,25,27,2
SPLR-081,2024-02,95.46,25,27,2
SPLR-082,2024-02,93.41,25,26,1
SPLR-083,2024-02,96.22,25,24,-1
SPLR-084,2024-02,92.97,25,29,4
SPLR-085,2024-02,92.69,25,26,1
SPLR-086,2024-02,93.88,25,19,-6
SPLR-087,2024-02,96.26,25,16,-9
SPLR-088,2024-02,90.03,25,26,1
SPLR-089,2024-02,95.05,25,23,-2
SPLR-090,2024-02,94.3,25,17,-8
SPLR-091,2024-02,95.41,25,25,0
SPLR-092,2024-02,93.91,25,25,0
SPLR-093,2024-02,94.99,25,24,-1
SPLR-094,2024-02,90.25,25,31,6
SPLR-095,2024-02,96.4,25,21,-4
SPLR-096,2024-02,93.31,25,24,-1
SPLR-097,2024-02,96.16,25,18,-7
SPLR-098,2024-02,93.0,25,19,-6
SPLR-099,2024-02,93.43,25,23,-2
SPLR-100,2024-02,94.16,25,23,-2
SPLR-001,2024-03,85.5,25,25,0
SPLR-002,2024-03,87.91,25,24,-1
SPLR-003,2024-03,86.65,25,21,-4
SPLR-004,2024-03,86.76,25,24,-1
SPLR-005,2024-03,82.65,25,24,-1
SPLR-006,2024-03,87.62,25,23,-2
SPLR-007,2024-03,86.7,25,15,-10
SPLR-008,2024-03,86.12,25,28,3
SPLR-009,2024-03,87.03,25,22,-3
SPLR-010,2024-03,87.03,25,24,-1
SPLR-011,2024-03,88.32,25,22,-3
SPLR-012,2024-03,87.85,25,28,3
SPLR-013,2024-03,89.01,25,30,5
SPLR-014,2024-03,85.69,25,28,3
SPLR-015,2024-03,85.42,25,24,-1
SPLR-016,2024-03,88.46,25,21,-4
SPLR-017,2024-03,87.18,25,25,0
SPLR-018,2024-03,85.58,25,28,3
SPLR-019,2024-03,84.23,25,28,3
SPLR-020,2024-03,89.0,25,22,-3
SPLR-021,2024-03,86.19,25,21,-4
SPLR-022,2024-03,86.73,25,23,-2
SPLR-023,2024-03,89.51,25,29,4
SPLR-024,2024-03,87.4,25,20,-5
SPLR-025,2024-03,85.91,25,22,-3
SPLR-026,2024-03,84.94,25,19,-6
SPLR-027,2024-03,91.19,25,24,-1
SPLR-028,2024-03,85.33,25,25,0
SPLR-029,2024-03,84.64,25,19,-6
SPLR-030,2024-03,85.39,25,28,3
SPLR-031,2024-03,86.49,25,15,-10
SPLR-032,2024-03,89.42,25,22,-3
SPLR-033,2024-03,83.3,25,22,-3
SPLR-034,2024-03,88.04,25,24,-1
SPLR-035,2024-03,90.6,25,20,-5
SPLR-036,2024-03,87.09,25,21,-4
SPLR-037,2024-03,83.92,25,25,0
SPLR-038,2024-03,87.93,25,24,-1
SPLR-039,2024-03,87.85,25,21,-4
SPLR-040,2024-03,84.99,25,23,-2
SPLR-041,2024-03,89.32,25,27,2
SPLR-042,2024-03,88.59,25,23,-2
SPLR-043,2024-03,87.54,25,23,-2
SPLR-044,2024-03,84.95,25,23,-2
SPLR-045,2024-03,84.33,25,22,-3
SPLR-046,2024-03,90.27,25,25,0
SPLR-047,2024-03,85.15,25,22,-3
SPLR-048,2024-03,85.33,25,22,-3
SPLR-049,2024-03,89.08,25,25,0
SPLR-050,2024-03,91.97,25,26,1
SPLR-051,2024-03,87.41,25,25,0
SPLR-052,2024-03,86.6,25,19,-6
SPLR-053,2024-03,89.61,25,26,1
SPLR-054,2024-03,86.52,25,23,-2
SPLR-055,2024-03,89.48,25,25,0
SPLR-056,2024-03,84.07,25,23,-2
SPLR-057,2024-03,86.66,25,26,1
SPLR-058,2024-03,89.06,25,27,2
SPLR-059,2024-03,84.76,25,20,-5
SPLR-060,2024-03,89.23,25,21,-4
SPLR-061,2024-03,83.96,25,24,-1
SPLR-062,2024-03,85.91,25,28,3
SPLR-063,2024-03,87.59,25,23,-2
SPLR-064,2024-03,86.26,25,27,2
SPLR-065,2024-03,87.72,25,21,-4
SPLR-066,2024-03,85.41,25,22,-3
SPLR-067,2024-03,85.04,25,26,1
SPLR-068,2024-03,83.38,25,22,-3
SPLR-069,2024-03,88.22,25,24,-1
SPLR-070,2024-03,85.57,25,25,0
SPLR-071,2024-03,85.23,25,23,-2
SPLR-072,2024-03,88.3,25,24,-1
SPLR-073,2024-03,85.65,25,26,1
SPLR-074,2024-03,87.17,25,25,0
SPLR-075,2024-03,90.06,25,26,1
SPLR-076,2024-03,89.24,25,23,-2
SPLR-077,2024-03,88.59,25,23,-2
SPLR-078,2024-03,84.58,25,24,-1
SPLR-079,2024-03,87.51,25,24,-1
SPLR-080,2024-03,86.74,25,20,-5
SPLR-081,2024-03,88.31,25,19,-6
SPLR-082,2024-03,89.92,25,22,-3
SPLR-083,2024-03,87.49,25,24,-1
SPLR-084,2024-03,88.18,25,18,-7
SPLR-085,2024-03,88.65,25,24,-1
SPLR-086,2024-03,85.73,25,20,-5
SPLR-087,2024-03,86.33,25,19,-6
SPLR-088,2024-03,90.44,25,27,2
SPLR-089,2024-03,87.9,25,22,-3
SPLR-090,2024-03,86.61,25,25,0
SPLR-091,2024-03,90.52,25,21,-4
SPLR-092,2024-03,84.76,25,27,2
SPLR-093,2024-03,83.43,25,20,-5
SPLR-094,2024-03,86.51,25,18,-7
SPLR-095,2024-03,89.22,25,25,0
SPLR-096,2024-03,85.85,25,27,2
SPLR-097,2024-03,89.9,25,22,-3
SPLR-098,2024-03,86.1,25,29,4
SPLR-099,2024-03,88.44,25,23,-2
SPLR-100,2024-03,89.73,25,24,-1
SPLR-001,2024-04,89.52,27,27,0
SPLR-002,2024-04,92.61,27,21,-6
SPLR-003,2024-04,89.96,27,31,4
SPLR-004,2024-04,89.51,27,32,5
SPLR-005,2024-04,93.37,27,27,0
SPLR-006,2024-04,89.4,27,26,-1
SPLR-007,2024-04,95.87,27,33,6
SPLR-008,2024-04,90.79,27,25,-2
SPLR-009,2024-04,90.77,27,28,1
SPLR-010,2024-04,88.05,27,27,0
SPLR-011,2024-04,93.18,27,22,-5
SPLR-012,2024-04,92.19,27,31,4
SPLR-013,2024-04,89.41,27,32,5
SPLR-014,2024-04,89.16,27,28,1
SPLR-015,2024-04,89.92,27,26,-1
SPLR-016,2024-04,89.3,27,29,2
SPLR-017,2024-04,92.23,27,27,0
SPLR-018,2024-04,87.82,27,28,1
SPLR-019,2024-04,91.38,27,26,-1
SPLR-020,2024-04,94.27,27,22,-5
SPLR-021,2024-04,86.1,27,25,-2
SPLR-022,2024-04,91.96,27,24,-3
SPLR-023,2024-04,88.57,27,30,3
SPLR-024,2024-04,91.46,27,28,1
SPLR-025,2024-04,92.1,27,26,-1
SPLR-026,2024-04,89.78,27,29,2
SPLR-027,2024-04,87.85,27,21,-6
SPLR-028,2024-04,89.67,27,30,3
SPLR-029,2024-04,91.05,27,30,3
SPLR-030,2024-04,86.5,27,28,1
SPLR-031,2024-04,91.84,27,23,-4
SPLR-032,2024-04,92.26,27,27,0
SPLR-033,2024-04,96.68,27,20,-7
SPLR-034,2024-04,93.27,27,26,-1
SPLR-035,2024-04,87.3,27,25,-2
SPLR-036,2024-04,91.09,27,30,3
SPLR-037,2024-04,93.98,27,31,4
SPLR-038,2024-04,88.61,27,30,3
SPLR-039,2024-04,91.32,27,25,-2
SPLR-040,2024-04,90.11,27,25,-2
SPLR-041,2024-04,90.61,27,25,-2
SPLR-042,2024-04,88.48,27,28,1
SPLR-043,2024-04,91.79,27,26,-1
SPLR-044,2024-04,93.27,27,26,-1
SPLR-045,2024-04,89.93,27,29,2
SPLR-046,2024-04,90.27,27,27,0
SPLR-047,2024-04,85.5,27,27,0
SPLR-048,2024-04,86.88,27,23,-4
SPLR-049,2024-04,87.87,27,24,-3
SPLR-050,2024-04,89.44,27,26,-1
SPLR-051,2024-04,91.86,27,28,1
SPLR-052,2024-04,86.73,27,27,0
SPLR-053,2024-04,91.17,27,26,-1
SPLR-054,2024-04,90.41,27,28,1
SPLR-055,2024-04,92.07,27,22,-5
SPLR-056,2024-04,90.05,27,32,5
SPLR-057,2024-04,93.37,27,30,3
SPLR-058,2024-04,91.61,27,32,5
SPLR-059,2024-04,94.37,27,27,0
SPLR-060,2024-04,88.6,27,26,-1
SPLR-061,2024-04,96.73,27,22,-5
SPLR-062,2024-04,89.59,27,23,-4
SPLR-063,2024-04,90.79,27,23,-4
SPLR-064,2024-04,90.32,27,21,-6
SPLR-065,2024-04,91.77,27,31,4
SPLR-066,2024-04,89.77,27,27,0
SPLR-067,2024-04,90.21,27,28,1
SPLR-068,2024-04,90.46,27,29,2
SPLR-069,2024-04,93.0,27,25,-2
SPLR-070,2024-04,89.92,27,30,3
SPLR-071,2024-04,87.69,27,21,-6
SPLR-072,2024-04,90.99,27,28,1
SPLR-073,2024-04,89.09,27,25,-2
SPLR-074,2024-04,89.02,27,24,-3
SPLR-075,2024-04,91.92,27,23,-4
SPLR-076,2024-04,90.0,27,24,-3
SPLR-077,2024-04,87.63,27,30,3
SPLR-078,2024-04,89.5,27,28,1
SPLR-079,2024-04,87.52,27,25,-2
SPLR-080,2024-04,92.05,27,35,8
SPLR-081,2024-04,86.58,27,26,-1
SPLR-082,2024-04,91.36,27,25,-2
SPLR-083,2024-04,92.23,27,24,-3
SPLR-084,2024-04,90.84,27,25,-2
SPLR-085,2024-04,92.97,27,25,-2
SPLR-086,2024-04,89.83,27,30,3
SPLR-087,2024-04,88.48,27,27,0
SPLR-088,2024-04,86.89,27,24,-3
SPLR-089,2024-04,91.3,27,24,-3
SPLR-090,2024-04,89.45,27,28,1
SPLR-091,2024-04,89.38,27,29,2
SPLR-092,2024-04,90.97,27,28,1
SPLR-093,2024-04,93.02,27,28,1
SPLR-094,2024-04,93.61,27,30,3
SPLR-095,2024-04,89.49,27,31,4
SPLR-096,2024-04,91.06,27,26,-1
SPLR-097,2024-04,91.09,27,30,3
SPLR-098,2024-04,91.45,27,32,5
SPLR-099,2024-04,92.71,27,29,2
SPLR-100,2024-04,88.48,27,26,-1
SPLR-001,2024-05,90.14,30,32,2
SPLR-002,2024-05,91.27,30,30,0
SPLR-003,2024-05,90.24,30,32,2
SPLR-004,2024-05,88.28,30,35,5
SPLR-005,2024-05,85.91,30,34,4
SPLR-006,2024-05,89.91,30,33,3
SPLR-007,2024-05,90.73,30,31,1
SPLR-008,2024-05,91.11,30,32,2
SPLR-009,2024-05,89.34,30,33,3
SPLR-010,2024-05,87.83,30,29,-1
SPLR-011,2024-05,91.67,30,32,2
SPLR-012,2024-05,90.92,30,28,-2
SPLR-013,2024-05,91.79,30,27,-3
SPLR-014,2024-05,93.5,30,29,-1
SPLR-015,2024-05,86.92,30,26,-4
SPLR-016,2024-05,90.09,30,30,0
SPLR-017,2024-05,93.94,30,26,-4
SPLR-018,2024-05,90.08,30,26,-4
SPLR-019,2024-05,89.01,30,35,5
SPLR-020,2024-05,87.73,30,31,1
SPLR-021,2024-05,90.79,30,29,-1
SPLR-022,2024-05,91.04,30,26,-4
SPLR-023,2024-05,93.31,30,35,5
SPLR-024,2024-05,90.09,30,37,7
SPLR-025,2024-05,89.2,30,31,1
SPLR-026,2024-05,92.86,30,28,-2
SPLR-027,2024-05,87.24,30,25,-5
SPLR-028,2024-05,94.12,30,28,-2
SPLR-029,2024-05,89.63,30,26,-4
SPLR-030,2024-05,91.9,30,27,-3
SPLR-031,2024-05,89.02,30,30,0
SPLR-032,2024-05,87.87,30,29,-1
SPLR-033,2024-05,92.8,30,31,1
SPLR-034,2024-05,90.26,30,30,0
SPLR-035,2024-05,89.22,30,35,5
SPLR-036,2024-05,88.38,30,30,0
SPLR-037,2024-05,90.23,30,33,3
SPLR-038,2024-05,92.21,30,29,-1
SPLR-039,2024-05,90.58,30,30,0
SPLR-040,2024-05,85.46,30,25,-5
SPLR-041,2024-05,88.79,30,28,-2
SPLR-042,2024-05,87.6,30,32,2
SPLR-043,2024-05,90.0,30,29,-1
SPLR-044,2024-05,87.49,30,29,-1
SPLR-045,2024-05,84.75,30,29,-1
SPLR-046,2024-05,90.13,30,30,0
SPLR-047,2024-05,86.87,30,30,0
SPLR-048,2024-05,87.92,30,27,-3
SPLR-049,2024-05,91.44,30,36,6
SPLR-050,2024-05,90.1,30,27,-3
SPLR-051,2024-05,90.38,30,32,2
SPLR-052,2024-05,91.24,30,38,8
SPLR-053,2024-05,88.57,30,30,0
SPLR-054,2024-05,93.1,30,34,4
SPLR-055,2024-05,86.1,30,29,-1
SPLR-056,2024-05,92.97,30,38,8
SPLR-057,2024-05,91.41,30,28,-2
SPLR-058,2024-05,87.98,30,36,6
SPLR-059,2024-05,91.46,30,27,-3
SPLR-060,2024-05,89.59,30,30,0
SPLR-061,2024-05,91.09,30,27,-3
SPLR-062,2024-05,88.77,30,25,-5
SPLR-063,2024-05,92.08,30,28,-2
SPLR-064,2024-05,90.93,30,34,4
SPLR-065,2024-05,90.44,30,29,-1
SPLR-066,2024-05,90.39,30,30,0
SPLR-067,2024-05,92.49,30,30,0
SPLR-068,2024-05,88.91,30,33,3
SPLR-069,2024-05,92.46,30,25,-5
SPLR-070,2024-05,93.07,30,31,1
SPLR-071,2024-05,90.57,30,33,3
SPLR-072,2024-05,88.87,30,32,2
SPLR-073,2024-05,89.25,30,25,-5
SPLR-074,2024-05,88.0,30,31,1
SPLR-075,2024-05,88.11,30,34,4
SPLR-076,2024-05,92.38,30,34,4
SPLR-077,2024-05,90.25,30,30,0
SPLR-078,2024-05,87.61,30,32,2
SPLR-079,2024-05,90.76,30,31,1
SPLR-080,2024-05,93.38,30,28,-2
SPLR-081,2024-05,89.75,30,30,0
SPLR-082,2024-05,88.13,30,29,-1
SPLR-083,2024-05,90.99,30,29,-1
SPLR-084,2024-05,92.62,30,25,-5
SPLR-085,2024-05,92.25,30,31,1
SPLR-086,2024-05,88.86,30,27,-3
SPLR-087,2024-05,85.84,30,27,-3
SPLR-088,2024-05,92.09,30,29,-1
SPLR-089,2024-05,92.33,30,28,-2
SPLR-090,2024-05,91.41,30,27,-3
SPLR-091,2024-05,88.07,30,29,-1
SPLR-092,2024-05,88.67,30,25,-5
SPLR-093,2024-05,89.64,30,30,0
SPLR-094,2024-05,92.54,30,32,2
SPLR-095,2024-05,92.44,30,32,2
SPLR-096,2024-05,90.67,30,26,-4
SPLR-097,2024-05,90.3,30,31,1
SPLR-098,2024-05,92.91,30,32,2
SPLR-099,2024-05,92.48,30,26,-4
SPLR-100,2024-05,89.35,30,31,1
SPLR-001,2024-06,92.86,32,32,0
SPLR-002,2024-06,90.37,32,34,2
SPLR-003,2024-06,88.28,32,37,5
SPLR-004,2024-06,88.78,32,26,-6
SPLR-005,2024-06,90.56,32,37,5
SPLR-006,2024-06,91.71,32,34,2
SPLR-007,2024-06,90.62,32,32,0
SPLR-008,2024-06,87.45,32,25,-7
SPLR-009,2024-06,90.93,32,36,4
SPLR-010,2024-06,91.22,32,34,2
SPLR-011,2024-06,93.7,32,33,1
SPLR-012,2024-06,90.29,32,30,-2
SPLR-013,2024-06,94.58,32,34,2
SPLR-014,2024-06,88.65,32,28,-4
SPLR-015,2024-06,93.04,32,29,-3
SPLR-016,2024-06,94.24,32,24,-8
SPLR-017,2024-06,93.38,32,33,1
SPLR-018,2024-06,90.77,32,31,-1
SPLR-019,2024-06,94.32,32,34,2
SPLR-020,2024-06,88.73,32,27,-5
SPLR-021,2024-06,90.89,32,32,0
SPLR-022,2024-06,87.5,32,32,0
SPLR-023,2024-06,89.39,32,32,0
SPLR-024,2024-06,91.99,32,36,4
SPLR-025,2024-06,92.35,32,30,-2
SPLR-026,2024-06,91.27,32,32,0
SPLR-027,2024-06,87.87,32,33,1
SPLR-028,2024-06,94.25,32,32,0
SPLR-029,2024-06,87.35,32,32,0
SPLR-030,2024-06,88.11,32,35,3
SPLR-031,2024-06,91.59,32,31,-1
SPLR-032,2024-06,89.87,32,31,-1
SPLR-033,2024-06,90.55,32,30,-2
SPLR-034,2024-06,87.76,32,35,3
SPLR-035,2024-06,89.77,32,33,1
SPLR-036,2024-06,91.11,32,33,1
SPLR-037,2024-06,88.19,32,27,-5
SPLR-038,2024-06,89.36,32,33,1
SPLR-039,2024-06,89.08,32,31,-1
SPLR-040,2024-06,94.79,32,26,-6
SPLR-041,2024-06,89.03,32,38,6
SPLR-042,2024-06,90.45,32,30,-2
SPLR-043,2024-06,92.87,32,32,0
SPLR-044,2024-06,89.84,32,33,1
SPLR-045,2024-06,89.22,32,29,-3
SPLR-046,2024-06,90.31,32,29,-3
SPLR-047,2024-06,90.56,32,33,1
SPLR-048,2024-06,92.24,32,35,3
SPLR-049,2024-06,89.72,32,33,1
SPLR-050,2024-06,91.52,32,33,1
SPLR-051,2024-06,89.58,32,29,-3
SPLR-052,2024-06,91.54,32,27,-5
SPLR-053,2024-06,90.0,32,24,-8
SPLR-054,2024-06,87.86,32,29,-3
SPLR-055,2024-06,92.73,32,34,2
SPLR-056,2024-06,89.43,32,34,2
SPLR-057,2024-06,92.31,32,32,0
SPLR-058,2024-06,87.77,32,31,-1
SPLR-059,2024-06,90.34,32,28,-4
SPLR-060,2024-06,91.27,32,33,1
SPLR-061,2024-06,91.43,32,33,1
SPLR-062,2024-06,92.0,32,31,-1
SPLR-063,2024-06,90.94,32,31,-1
SPLR-064,2024-06,89.37,32,36,4
SPLR-065,2024-06,86.45,32,35,3
SPLR-066,2024-06,89.29,32,30,-2
SPLR-067,2024-06,91.06,32,28,-4
SPLR-068,2024-06,88.9,32,29,-3
SPLR-069,2024-06,90.09,32,30,-2
SPLR-070,2024-06,93.74,32,37,5
SPLR-071,2024-06,86.49,32,34,2
SPLR-072,2024-06,92.25,32,34,2
SPLR-073,2024-06,89.22,32,31,-1
SPLR-074,2024-06,89.04,32,31,-1
SPLR-075,2024-06,88.12,32,32,0
SPLR-076,2024-06,87.53,32,31,-1
SPLR-077,2024-06,88.04,32,33,1
SPLR-078,2024-06,89.18,32,33,1
SPLR-079,2024-06,92.7,32,37,5
SPLR-080,2024-06,85.48,32,29,-3
SPLR-081,2024-06,89.93,32,33,1
SPLR-082,2024-06,87.24,32,29,-3
SPLR-083,2024-06,90.8,32,32,0
SPLR-084,2024-06,91.29,32,33,1
SPLR-085,2024-06,91.21,32,33,1
SPLR-086,2024-06,90.65,32,34,2
SPLR-087,2024-06,86.06,32,37,5
SPLR-088,2024-06,86.13,32,29,-3
SPLR-089,2024-06,90.08,32,34,2
SPLR-090,2024-06,84.55,32,32,0
SPLR-091,2024-06,92.12,32,35,3
SPLR-092,2024-06,89.14,32,31,-1
SPLR-093,2024-06,89.3,32,31,-1
SPLR-094,2024-06,88.47,32,29,-3
SPLR-095,2024-06,91.4,32,32,0
SPLR-096,2024-06,91.52,32,33,1
SPLR-097,2024-06,91.94,32,35,3
SPLR-098,2024-06,87.05,32,29,-3
SPLR-099,2024-06,90.07,32,32,0
SPLR-100,2024-06,89.2,32,35,3
SPLR-001,2024-07,95.96,34,34,0
SPLR-002,2024-07,92.17,34,36,2
SPLR-003,2024-07,88.27,34,34,0
SPLR-004,2024-07,93.96,34,32,-2
SPLR-005,2024-07,89.55,34,33,-1
SPLR-006,2024-07,91.88,34,31,-3
SPLR-007,2024-07,96.19,34,32,-2
SPLR-008,2024-07,89.69,34,34,0
SPLR-009,2024-07,93.82,34,34,0
SPLR-010,2024-07,92.97,34,31,-3
SPLR-011,2024-07,94.98,34,36,2
SPLR-012,2024-07,94.1,34,35,1
SPLR-013,2024-07,93.65,34,31,-3
SPLR-014,2024-07,91.02,34,38,4
SPLR-015,2024-07,95.12,34,30,-4
SPLR-016,2024-07,92.5,34,33,-1
SPLR-017,2024-07,90.61,34,35,1
SPLR-018,2024-07,94.28,34,35,1
SPLR-019,2024-07,91.36,34,35,1
SPLR-020,2024-07,91.28,34,35,1
SPLR-021,2024-07,94.79,34,28,-6
SPLR-022,2024-07,93.59,34,29,-5
SPLR-023,2024-07,94.46,34,32,-2
SPLR-024,2024-07,89.56,34,36,2
SPLR-025,2024-07,92.73,34,31,-3
SPLR-026,2024-07,89.49,34,33,-1
SPLR-027,2024-07,89.59,34,31,-3
SPLR-028,2024-07,92.23,34,31,-3
SPLR-029,2024-07,92.85,34,38,4
SPLR-030,2024-07,91.7,34,34,0
SPLR-031,2024-07,96.04,34,30,-4
SPLR-032,2024-07,94.38,34,37,3
SPLR-033,2024-07,93.71,34,38,4
SPLR-034,2024-07,92.56,34,32,-2
SPLR-035,2024-07,94.19,34,37,3
SPLR-036,2024-07,94.21,34,34,0
SPLR-037,2024-07,90.57,34,34,0
SPLR-038,2024-07,93.88,34,37,3
SPLR-039,2024-07,91.14,34,35,1
SPLR-040,2024-07,89.38,34,37,3
SPLR-041,2024-07,90.43,34,36,2
SPLR-042,2024-07,89.7,34,37,3
SPLR-043,2024-07,92.64,34,31,-3
SPLR-044,2024-07,93.38,34,32,-2
SPLR-045,2024-07,93.5,34,33,-1
SPLR-046,2024-07,88.56,34,31,-3
SPLR-047,2024-07,91.14,34,38,4
SPLR-048,2024-07,93.8,34,39,5
SPLR-049,2024-07,95.31,34,32,-2
SPLR-050,2024-07,91.62,34,33,-1
SPLR-051,2024-07,90.66,34,28,-6
SPLR-052,2024-07,91.97,34,30,-4
SPLR-053,2024-07,91.93,34,40,6
SPLR-054,2024-07,90.98,34,34,0
SPLR-055,2024-07,93.81,34,35,1
SPLR-056,2024-07,92.58,34,33,-1
SPLR-057,2024-07,91.54,34,31,-3
SPLR-058,2024-07,93.69,34,29,-5
SPLR-059,2024-07,93.94,34,30,-4
SPLR-060,2024-07,93.93,34,33,-1
SPLR-061,2024-07,89.54,34,36,2
SPLR-062,2024-07,93.86,34,33,-1
SPLR-063,2024-07,93.44,34,27,-7
SPLR-064,2024-07,89.36,34,38,4
SPLR-065,2024-07,91.55,34,28,-6
SPLR-066,2024-07,90.6,34,31,-3
SPLR-067,2024-07,91.67,34,33,-1
SPLR-068,2024-07,92.36,34,34,0
SPLR-069,2024-07,94.72,34,35,1
SPLR-070,2024-07,92.92,34,37,3
SPLR-071,2024-07,91.22,34,30,-4
SPLR-072,2024-07,94.41,34,34,0
SPLR-073,2024-07,92.28,34,32,-2
SPLR-074,2024-07,90.77,34,36,2
SPLR-075,2024-07,93.97,34,36,2
SPLR-076,2024-07,93.59,34,36,2
SPLR-077,2024-07,92.26,34,33,-1
SPLR-078,2024-07,94.42,34,33,-1
SPLR-079,2024-07,92.74,34,31,-3
SPLR-080,2024-07,90.68,34,33,-1
SPLR-081,2024-07,90.39,34,36,2
SPLR-082,2024-07,89.3,34,34,0
SPLR-083,2024-07,92.27,34,28,-6
SPLR-084,2024-07,91.12,34,35,1
SPLR-085,2024-07,92.86,34,33,-1
SPLR-086,2024-07,93.35,34,34,0
SPLR-087,2024-07,92.03,34,35,1
SPLR-088,2024-07,93.85,34,32,-2
SPLR-089,2024-07,91.03,34,32,-2
SPLR-090,2024-07,91.34,34,38,4
SPLR-091,2024-07,93.15,34,30,-4
SPLR-092,2024-07,90.8,34,35,1
SPLR-093,2024-07,90.19,34,32,-2
SPLR-094,2024-07,94.69,34,32,-2
SPLR-095,2024-07,93.91,34,38,4
SPLR-096,2024-07,90.53,34,31,-3
SPLR-097,2024-07,91.45,34,31,-3
SPLR-098,2024-07,92.24,34,33,-1
SPLR-099,2024-07,92.72,34,38,4
SPLR-100,2024-07,93.63,34,35,1
SPLR-001,2024-08,90.07,35,36,1
SPLR-002,2024-08,97.45,35,25,-10
SPLR-003,2024-08,95.38,35,34,-1
SPLR-004,2024-08,92.3,35,37,2
SPLR-005,2024-08,97.42,35,37,2
SPLR-006,2024-08,93.26,35,32,-3
SPLR-007,2024-08,94.29,35,37,2
SPLR-008,2024-08,93.23,35,34,-1
SPLR-009,2024-08,99.64,35,38,3
SPLR-010,2024-08,96.3,35,30,-5
SPLR-011,2024-08,92.59,35,35,0
SPLR-012,2024-08,92.0,35,39,4
SPLR-013,2024-08,96.82,35,33,-2
SPLR-014,2024-08,97.57,35,34,-1
SPLR-015,2024-08,99.18,35,35,0
SPLR-016,2024-08,95.15,35,39,4
SPLR-017,2024-08,96.56,35,36,1
SPLR-018,2024-08,93.72,35,36,1
SPLR-019,2024-08,92.37,35,35,0
SPLR-020,2024-08,91.78,35,29,-6
SPLR-021,2024-08,94.1,35,38,3
SPLR-022,2024-08,95.85,35,34,-1
SPLR-023,2024-08,97.49,35,33,-2
SPLR-024,2024-08,90.16,35,28,-7
SPLR-025,2024-08,91.64,35,37,2
SPLR-026,2024-08,92.73,35,36,1
SPLR-027,2024-08,97.29,35,31,-4
SPLR-028,2024-08,94.96,35,36,1
SPLR-029,2024-08,92.28,35,39,4
SPLR-030,2024-08,93.42,35,33,-2
SPLR-031,2024-08,98.22,35,36,1
SPLR-032,2024-08,95.85,35,39,4
SPLR-033,2024-08,92.7,35,38,3
SPLR-034,2024-08,93.0,35,33,-2
SPLR-035,2024-08,93.46,35,33,-2
SPLR-036,2024-08,95.64,35,35,0
SPLR-037,2024-08,93.02,35,37,2
SPLR-038,2024-08,93.45,35,34,-1
SPLR-039,2024-08,94.1,35,36,1
SPLR-040,2024-08,94.78,35,33,-2
SPLR-041,2024-08,95.69,35,34,-1
SPLR-042,2024-08,92.69,35,30,-5
SPLR-043,2024-08,95.97,35,35,0
SPLR-044,2024-08,94.42,35,38,3
SPLR-045,2024-08,93.05,35,30,-5
SPLR-046,2024-08,94.14,35,35,0
SPLR-047,2024-08,93.47,35,39,4
SPLR-048,2024-08,89.03,35,38,3
SPLR-049,2024-08,95.58,35,36,1
SPLR-050,2024-08,87.33,35,38,3
SPLR-051,2024-08,91.95,35,33,-2
SPLR-052,2024-08,93.66,35,36,1
SPLR-053,2024-08,95.28,35,37,2
SPLR-054,2024-08,95.63,35,35,0
SPLR-055,2024-08,94.83,35,31,-4
SPLR-056,2024-08,92.5,35,37,2
SPLR-057,2024-08,95.67,35,37,2
SPLR-058,2024-08,92.97,35,37,2
SPLR-059,2024-08,91.68,35,38,3
SPLR-060,2024-08,93.48,35,40,5
SPLR-061,2024-08,90.96,35,40,5
SPLR-062,2024-08,93.28,35,33,-2
SPLR-063,2024-08,94.39,35,32,-3
SPLR-064,2024-08,93.86,35,32,-3
SPLR-065,2024-08,92.6,35,36,1
SPLR-066,2024-08,92.2,35,32,-3
SPLR-067,2024-08,91.25,35,33,-2
SPLR-068,2024-08,96.62,35,32,-3
SPLR-069,2024-08,92.54,35,35,0
SPLR-070,2024-08,93.26,35,41,6
SPLR-071,2024-08,93.67,35,36,1
SPLR-072,2024-08,95.89,35,37,2
SPLR-073,2024-08,94.47,35,34,-1
SPLR-074,2024-08,98.05,35,34,-1
SPLR-075,2024-08,93.12,35,33,-2
SPLR-076,2024-08,90.55,35,37,2
SPLR-077,2024-08,89.3,35,34,-1
SPLR-078,2024-08,93.59,35,41,6
SPLR-079,2024-08,90.34,35,32,-3
SPLR-080,2024-08,93.73,35,34,-1
SPLR-081,2024-08,92.9,35,34,-1
SPLR-082,2024-08,91.48,35,36,1
SPLR-083,2024-08,89.36,35,34,-1
SPLR-084,2024-08,92.8,35,38,3
SPLR-085,2024-08,97.51,35,34,-1
SPLR-086,2024-08,96.78,35,34,-1
SPLR-087,2024-08,92.07,35,40,5
SPLR-088,2024-08,95.04,35,35,0
SPLR-089,2024-08,95.37,35,35,0
SPLR-090,2024-08,93.86,35,31,-4
SPLR-091,2024-08,93.46,35,36,1
SPLR-092,2024-08,93.75,35,37,2
SPLR-093,2024-08,94.77,35,32,-3
SPLR-094,2024-08,91.36,35,34,-1
SPLR-095,2024-08,92.95,35,36,1
SPLR-096,2024-08,92.56,35,33,-2
SPLR-097,2024-08,96.11,35,35,0
SPLR-098,2024-08,92.59,35,35,0
SPLR-099,2024-08,96.76,35,35,0
SPLR-100,2024-08,95.19,35,32,-3
SPLR-001,2024-09,98.05,34,41,7
SPLR-002,2024-09,94.42,34,30,-4
SPLR-003,2024-09,96.35,34,36,2
SPLR-004,2024-09,95.82,34,31,-3
SPLR-005,2024-09,95.78,34,36,2
SPLR-006,2024-09,95.19,34,36,2
SPLR-007,2024-09,98.33,34,35,1
SPLR-008,2024-09,95.94,34,36,2
SPLR-009,2024-09,94.29,34,31,-3
SPLR-010,2024-09,95.47,34,32,-2
SPLR-011,2024-09,94.39,34,39,5
SPLR-012,2024-09,100.0,34,33,-1
SPLR-013,2024-09,96.18,34,33,-1
SPLR-014,2024-09,98.21,34,38,4
SPLR-015,2024-09,92.45,34,35,1
SPLR-016,2024-09,93.39,34,39,5
SPLR-017,2024-09,96.88,34,31,-3
SPLR-018,2024-09,95.52,34,33,-1
SPLR-019,2024-09,97.05,34,37,3
SPLR-020,2024-09,93.7,34,39,5
SPLR-021,2024-09,99.21,34,31,-3
SPLR-022,2024-09,96.15,34,39,5
SPLR-023,2024-09,98.47,34,33,-1
SPLR-024,2024-09,97.63,34,43,9
SPLR-025,2024-09,96.21,34,32,-2
SPLR-026,2024-09,96.34,34,35,1
SPLR-027,2024-09,94.95,34,35,1
SPLR-028,2024-09,93.49,34,32,-2
SPLR-029,2024-09,97.52,34,29,-5
SPLR-030,2024-09,97.81,34,28,-6
SPLR-031,2024-09,92.54,34,32,-2
SPLR-032,2024-09,96.57,34,38,4
SPLR-033,2024-09,96.12,34,33,-1
SPLR-034,2024-09,97.16,34,31,-3
SPLR-035,2024-09,96.28,34,30,-4
SPLR-036,2024-09,96.17,34,33,-1
SPLR-037,2024-09,94.39,34,34,0
SPLR-038,2024-09,96.32,34,37,3
SPLR-039,2024-09,92.79,34,34,0
SPLR-040,2024-09,94.48,34,36,2
SPLR-041,2024-09,97.51,34,35,1
SPLR-042,2024-09,94.59,34,36,2
SPLR-043,2024-09,92.94,34,29,-5
SPLR-044,2024-09,93.45,34,34,0
SPLR-045,2024-09,97.35,34,25,-9
SPLR-046,2024-09,98.65,34,34,0
SPLR-047,2024-09,92.86,34,34,0
SPLR-048,2024-09,98.19,34,36,2
SPLR-049,2024-09,98.2,34,30,-4
SPLR-050,2024-09,95.17,34,31,-3
SPLR-051,2024-09,99.44,34,36,2
SPLR-052,2024-09,100.0,34,32,-2
SPLR-053,2024-09,94.55,34,33,-1
SPLR-054,2024-09,98.76,34,33,-1
SPLR-055,2024-09,96.25,34,34,0
SPLR-056,2024-09,96.08,34,32,-2
SPLR-057,2024-09,95.73,34,33,-1
SPLR-058,2024-09,95.98,34,37,3
SPLR-059,2024-09,99.52,34,31,-3
SPLR-060,2024-09,95.22,34,31,-3
SPLR-061,2024-09,96.37,34,32,-2
SPLR-062,2024-09,96.48,34,37,3
SPLR-063,2024-09,90.95,34,35,1
SPLR-064,2024-09,95.08,34,35,1
SPLR-065,2024-09,94.21,34,37,3
SPLR-066,2024-09,97.83,34,36,2
SPLR-067,2024-09,97.59,34,32,-2
SPLR-068,2024-09,94.76,34,36,2
SPLR-069,2024-09,94.46,34,38,4
SPLR-070,2024-09,95.35,34,35,1
SPLR-071,2024-09,100.0,34,32,-2
SPLR-072,2024-09,96.14,34,37,3
SPLR-073,2024-09,97.9,34,33,-1
SPLR-074,2024-09,94.97,34,33,-1
SPLR-075,2024-09,98.9,34,33,-1
SPLR-076,2024-09,96.16,34,33,-1
SPLR-077,2024-09,97.41,34,34,0
SPLR-078,2024-09,93.99,34,31,-3
SPLR-079,2024-09,92.0,34,31,-3
SPLR-080,2024-09,97.59,34,38,4
SPLR-081,2024-09,97.37,34,35,1
SPLR-082,2024-09,95.75,34,36,2
SPLR-083,2024-09,96.57,34,39,5
SPLR-084,2024-09,95.8,34,38,4
SPLR-085,2024-09,97.75,34,36,2
SPLR-086,2024-09,91.98,34,37,3
SPLR-087,2024-09,95.74,34,32,-2
SPLR-088,2024-09,93.03,34,34,0
SPLR-089,2024-09,96.07,34,30,-4
SPLR-090,2024-09,93.05,34,35,1
SPLR-091,2024-09,97.74,34,34,0
SPLR-092,2024-09,98.3,34,34,0
SPLR-093,2024-09,95.89,34,31,-3
SPLR-094,2024-09,92.88,34,39,5
SPLR-095,2024-09,98.26,34,30,-4
SPLR-096,2024-09,96.31,34,34,0
SPLR-097,2024-09,95.45,34,33,-1
SPLR-098,2024-09,96.76,34,36,2
SPLR-099,2024-09,96.8,34,33,-1
SPLR-100,2024-09,95.69,34,37,3
SPLR-001,2024-10,98.39,32,32,0
SPLR-002,2024-10,97.39,32,33,1
SPLR-003,2024-10,96.53,32,34,2
SPLR-004,2024-10,95.31,32,31,-1
SPLR-005,2024-10,98.69,32,29,-3
SPLR-006,2024-10,94.32,32,32,0
SPLR-007,2024-10,94.07,32,28,-4
SPLR-008,2024-10,98.98,32,31,-1
SPLR-009,2024-10,100.0,32,28,-4
SPLR-010,2024-10,97.28,32,33,1
SPLR-011,2024-10,95.12,32,35,3
SPLR-012,2024-10,98.49,32,27,-5
SPLR-013,2024-10,97.39,32,33,1
SPLR-014,2024-10,96.28,32,28,-4
SPLR-015,2024-10,98.02,32,39,7
SPLR-016,2024-10,96.69,32,37,5
SPLR-017,2024-10,95.96,32,33,1
SPLR-018,2024-10,99.01,32,32,0
SPLR-019,2024-10,96.87,32,34,2
SPLR-020,2024-10,100.0,32,33,1
SPLR-021,2024-10,96.43,32,31,-1
SPLR-022,2024-10,100.0,32,32,0
SPLR-023,2024-10,96.28,32,29,-3
SPLR-024,2024-10,93.81,32,33,1
SPLR-025,2024-10,98.77,32,31,-1
SPLR-026,2024-10,97.43,32,28,-4
SPLR-027,2024-10,97.73,32,33,1
SPLR-028,2024-10,96.39,32,37,5
SPLR-029,2024-10,95.79,32,33,1
SPLR-030,2024-10,99.16,32,32,0
SPLR-031,2024-10,97.09,32,28,-4
SPLR-032,2024-10,100.0,32,31,-1
SPLR-033,2024-10,98.54,32,34,2
SPLR-034,2024-10,96.21,32,31,-1
SPLR-035,2024-10,100.0,32,29,-3
SPLR-036,2024-10,100.0,32,30,-2
SPLR-037,2024-10,95.11,32,32,0
SPLR-038,2024-10,100.0,32,26,-6
SPLR-039,2024-10,97.18,32,33,1
SPLR-040,2024-10,97.53,32,33,1
SPLR-041,2024-10,96.03,32,30,-2
SPLR-042,2024-10,97.17,32,29,-3
SPLR-043,2024-10,97.37,32,31,-1
SPLR-044,2024-10,96.52,32,33,1
SPLR-045,2024-10,93.82,32,31,-1
SPLR-046,2024-10,100.0,32,29,-3
SPLR-047,2024-10,100.0,32,32,0
SPLR-048,2024-10,96.26,32,28,-4
SPLR-049,2024-10,97.74,32,36,4
SPLR-050,2024-10,96.69,32,32,0
SPLR-051,2024-10,99.48,32,33,1
SPLR-052,2024-10,94.32,32,32,0
SPLR-053,2024-10,100.0,32,32,0
SPLR-054,2024-10,91.98,32,33,1
SPLR-055,2024-10,97.07,32,27,-5
SPLR-056,2024-10,94.11,32,35,3
SPLR-057,2024-10,96.0,32,29,-3
SPLR-058,2024-10,97.39,32,30,-2
SPLR-059,2024-10,97.66,32,31,-1
SPLR-060,2024-10,95.06,32,30,-2
SPLR-061,2024-10,98.35,32,32,0
SPLR-062,2024-10,97.3,32,38,6
SPLR-063,2024-10,98.93,32,35,3
SPLR-064,2024-10,97.13,32,33,1
SPLR-065,2024-10,96.6,32,34,2
SPLR-066,2024-10,97.24,32,33,1
SPLR-067,2024-10,97.79,32,32,0
SPLR-068,2024-10,100.0,32,30,-2
SPLR-069,2024-10,96.11,32,34,2
SPLR-070,2024-10,96.27,32,31,-1
SPLR-071,2024-10,95.29,32,33,1
SPLR-072,2024-10,98.47,32,31,-1
SPLR-073,2024-10,98.89,32,26,-6
SPLR-074,2024-10,96.05,32,31,-1
SPLR-075,2024-10,95.12,32,27,-5
SPLR-076,2024-10,96.85,32,34,2
SPLR-077,2024-10,100.0,32,30,-2
SPLR-078,2024-10,98.93,32,34,2
SPLR-079,2024-10,99.9,32,31,-1
SPLR-080,2024-10,93.87,32,32,0
SPLR-081,2024-10,95.44,32,30,-2
SPLR-082,2024-10,96.86,32,31,-1
SPLR-083,2024-10,97.75,32,34,2
SPLR-084,2024-10,96.73,32,33,1
SPLR-085,2024-10,97.49,32,35,3
SPLR-086,2024-10,97.09,32,32,0
SPLR-087,2024-10,96.72,32,32,0
SPLR-088,2024-10,95.9,32,29,-3
SPLR-089,2024-10,99.02,32,29,-3
SPLR-090,2024-10,96.83,32,35,3
SPLR-091,2024-10,96.76,32,34,2
SPLR-092,2024-10,96.28,32,29,-3
SPLR-093,2024-10,94.27,32,36,4
SPLR-094,2024-10,95.19,32,34,2
SPLR-095,2024-10,95.46,32,36,4
SPLR-096,2024-10,100.0,32,27,-5
SPLR-097,2024-10,95.29,32,34,2
SPLR-098,2024-10,98.49,32,34,2
SPLR-099,2024-10,96.32,32,38,6
SPLR-100,2024-10,97.7,32,28,-4
SPLR-001,2024-11,97.49,30,26,-4
SPLR-002,2024-11,100.0,30,28,-2
SPLR-003,2024-11,98.98,30,28,-2
SPLR-004,2024-11,96.77,30,24,-6
SPLR-005,2024-11,99.2,30,33,3
SPLR-006,2024-11,96.17,30,25,-5
SPLR-007,2024-11,99.61,30,25,-5
SPLR-008,2024-11,100.0,30,27,-3
SPLR-009,2024-11,95.79,30,30,0
SPLR-010,2024-11,95.92,30,27,-3
SPLR-011,2024-11,98.71,30,22,-8
SPLR-012,2024-11,100.0,30,30,0
SPLR-013,2024-11,95.41,30,26,-4
SPLR-014,2024-11,99.98,30,31,1
SPLR-015,2024-11,100.0,30,27,-3
SPLR-016,2024-11,98.59,30,31,1
SPLR-017,2024-11,99.39,30,33,3
SPLR-018,2024-11,96.57,30,29,-1
SPLR-019,2024-11,96.78,30,29,-1
SPLR-020,2024-11,99.4,30,25,-5
SPLR-021,2024-11,100.0,30,26,-4
SPLR-022,2024-11,97.39,30,33,3
SPLR-023,2024-11,98.66,30,31,1
SPLR-024,2024-11,95.64,30,26,-4
SPLR-025,2024-11,99.88,30,28,-2
SPLR-026,2024-11,97.01,30,32,2
SPLR-027,2024-11,95.9,30,30,0
SPLR-028,2024-11,98.09,30,29,-1
SPLR-029,2024-11,96.96,30,28,-2
SPLR-030,2024-11,95.84,30,31,1
SPLR-031,2024-11,96.66,30,32,2
SPLR-032,2024-11,97.55,30,26,-4
SPLR-033,2024-11,97.52,30,28,-2
SPLR-034,2024-11,100.0,30,28,-2
SPLR-035,2024-11,97.45,30,34,4
SPLR-036,2024-11,99.02,30,34,4
SPLR-037,2024-11,100.0,30,27,-3
SPLR-038,2024-11,99.98,30,34,4
SPLR-039,2024-11,100.0,30,32,2
SPLR-040,2024-11,99.94,30,29,-1
SPLR-041,2024-11,96.33,30,28,-2
SPLR-042,2024-11,94.67,30,34,4
SPLR-043,2024-11,97.43,30,33,3
SPLR-044,2024-11,95.54,30,33,3
SPLR-045,2024-11,97.01,30,26,-4
SPLR-046,2024-11,100.0,30,33,3
SPLR-047,2024-11,98.42,30,30,0
SPLR-048,2024-11,98.88,30,30,0
SPLR-049,2024-11,96.42,30,28,-2
SPLR-050,2024-11,100.0,30,38,8
SPLR-051,2024-11,100.0,30,31,1
SPLR-052,2024-11,97.32,30,27,-3
SPLR-053,2024-11,96.54,30,28,-2
SPLR-054,2024-11,100.0,30,35,5
SPLR-055,2024-11,99.49,30,27,-3
SPLR-056,2024-11,99.79,30,29,-1
SPLR-057,2024-11,93.69,30,30,0
SPLR-058,2024-11,96.32,30,27,-3
SPLR-059,2024-11,97.5,30,28,-2
SPLR-060,2024-11,97.93,30,29,-1
SPLR-061,2024-11,94.25,30,34,4
SPLR-062,2024-11,96.03,30,27,-3
SPLR-063,2024-11,97.34,30,29,-1
SPLR-064,2024-11,100.0,30,30,0
SPLR-065,2024-11,99.13,30,30,0
SPLR-066,2024-11,98.46,30,30,0
SPLR-067,2024-11,94.13,30,29,-1
SPLR-068,2024-11,100.0,30,41,11
SPLR-069,2024-11,95.59,30,31,1
SPLR-070,2024-11,96.86,30,36,6
SPLR-071,2024-11,95.29,30,31,1
SPLR-072,2024-11,95.19,30,29,-1
SPLR-073,2024-11,97.93,30,33,3
SPLR-074,2024-11,95.85,30,31,1
SPLR-075,2024-11,98.04,30,30,0
SPLR-076,2024-11,99.92,30,26,-4
SPLR-077,2024-11,99.62,30,28,-2
SPLR-078,2024-11,100.0,30,31,1
SPLR-079,2024-11,97.58,30,28,-2
SPLR-080,2024-11,99.65,30,33,3
SPLR-081,2024-11,96.93,30,26,-4
SPLR-082,2024-11,99.39,30,25,-5
SPLR-083,2024-11,95.39,30,26,-4
SPLR-084,2024-11,97.17,30,25,-5
SPLR-085,2024-11,94.12,30,26,-4
SPLR-086,2024-11,99.28,30,26,-4
SPLR-087,2024-11,97.32,30,35,5
SPLR-088,2024-11,97.9,30,31,1
SPLR-089,2024-11,96.11,30,36,6
SPLR-090,2024-11,96.92,30,29,-1
SPLR-091,2024-11,100.0,30,29,-1
SPLR-092,2024-11,98.1,30,29,-1
SPLR-093,2024-11,97.45,30,31,1
SPLR-094,2024-11,99.11,30,28,-2
SPLR-095,2024-11,96.47,30,28,-2
SPLR-096,2024-11,95.2,30,25,-5
SPLR-097,2024-11,98.59,30,32,2
SPLR-098,2024-11,99.74,30,22,-8
SPLR-099,2024-11,97.51,30,26,-4
SPLR-100,2024-11,98.29,30,28,-2
SPLR-001,2024-12,98.65,27,27,0
SPLR-002,2024-12,93.67,27,24,-3
SPLR-003,2024-12,97.48,27,27,0
SPLR-004,2024-12,94.65,27,22,-5
SPLR-005,2024-12,97.58,27,23,-4
SPLR-006,2024-12,94.13,27,26,-1
SPLR-007,2024-12,96.49,27,24,-3
SPLR-008,2024-12,96.06,27,27,0
SPLR-009,2024-12,96.02,27,27,0
SPLR-010,2024-12,96.7,27,28,1
SPLR-011,2024-12,99.22,27,30,3
SPLR-012,2024-12,100.0,27,30,3
SPLR-013,2024-12,97.94,27,26,-1
SPLR-014,2024-12,96.69,27,24,-3
SPLR-015,2024-12,97.47,27,29,2
SPLR-016,2024-12,96.01,27,27,0
SPLR-017,2024-12,96.11,27,28,1
SPLR-018,2024-12,96.37,27,25,-2
SPLR-019,2024-12,96.1,27,29,2
SPLR-020,2024-12,97.27,27,26,-1
SPLR-021,2024-12,97.99,27,26,-1
SPLR-022,2024-12,99.72,27,24,-3
SPLR-023,2024-12,97.09,27,23,-4
SPLR-024,2024-12,96.77,27,22,-5
SPLR-025,2024-12,98.96,27,29,2
SPLR-026,2024-12,99.03,27,27,0
SPLR-027,2024-12,95.7,27,25,-2
SPLR-028,2024-12,100.0,27,31,4
SPLR-029,2024-12,97.71,27,25,-2
SPLR-030,2024-12,100.0,27,25,-2
SPLR-031,2024-12,97.92,27,31,4
SPLR-032,2024-12,95.79,27,29,2
SPLR-033,2024-12,98.51,27,27,0
SPLR-034,2024-12,95.48,27,25,-2
SPLR-035,2024-12,98.04,27,23,-4
SPLR-036,2024-12,97.73,27,29,2
SPLR-037,2024-12,99.43,27,23,-4
SPLR-038,2024-12,100.0,27,32,5
SPLR-039,2024-12,98.28,27,24,-3
SPLR-040,2024-12,96.81,27,27,0
SPLR-041,2024-12,98.01,27,27,0
SPLR-042,2024-12,98.03,27,27,0
SPLR-043,2024-12,97.99,27,26,-1
SPLR-044,2024-12,96.79,27,25,-2
SPLR-045,2024-12,100.0,27,31,4
SPLR-046,2024-12,98.57,27,31,4
SPLR-047,2024-12,99.06,27,28,1
SPLR-048,2024-12,94.45,27,26,-1
SPLR-049,2024-12,96.79,27,24,-3
SPLR-050,2024-12,94.49,27,28,1
SPLR-051,2024-12,98.11,27,23,-4
SPLR-052,2024-12,95.97,27,30,3
SPLR-053,2024-12,95.71,27,28,1
SPLR-054,2024-12,97.08,27,29,2
SPLR-055,2024-12,95.75,27,27,0
SPLR-056,2024-12,97.8,27,28,1
SPLR-057,2024-12,97.62,27,28,1
SPLR-058,2024-12,100.0,27,35,8
SPLR-059,2024-12,96.19,27,20,-7
SPLR-060,2024-12,98.66,27,28,1
SPLR-061,2024-12,99.59,27,28,1
SPLR-062,2024-12,97.58,27,30,3
SPLR-063,2024-12,100.0,27,23,-4
SPLR-064,2024-12,95.83,27,27,0
SPLR-065,2024-12,97.66,27,26,-1
SPLR-066,2024-12,98.33,27,30,3
SPLR-067,2024-12,100.0,27,29,2
SPLR-068,2024-12,95.76,27,27,0
SPLR-069,2024-12,97.31,27,29,2
SPLR-070,2024-12,98.24,27,33,6
SPLR-071,2024-12,96.54,27,28,1
SPLR-072,2024-12,100.0,27,25,-2
SPLR-073,2024-12,97.75,27,24,-3
SPLR-074,2024-12,97.63,27,25,-2
SPLR-075,2024-12,99.56,27,27,0
SPLR-076,2024-12,95.59,27,30,3
SPLR-077,2024-12,97.82,27,30,3
SPLR-078,2024-12,95.17,27,28,1
SPLR-079,2024-12,99.01,27,26,-1
SPLR-080,2024-12,94.95,27,27,0
SPLR-081,2024-12,99.92,27,30,3
SPLR-082,2024-12,96.61,27,23,-4
SPLR-083,2024-12,96.6,27,26,-1
SPLR-084,2024-12,98.36,27,27,0
SPLR-085,2024-12,95.96,27,30,3
SPLR-086,2024-12,97.74,27,28,1
SPLR-087,2024-12,94.01,27,20,-7
SPLR-088,2024-12,94.59,27,26,-1
SPLR-089,2024-12,98.62,27,20,-7
SPLR-090,2024-12,100.0,27,28,1
SPLR-091,2024-12,100.0,27,24,-3
SPLR-092,2024-12,98.47,27,27,0
SPLR-093,2024-12,99.1,27,26,-1
SPLR-094,2024-12,98.41,27,30,3
SPLR-095,2024-12,96.16,27,28,1
SPLR-096,2024-12,93.69,27,29,2
SPLR-097,2024-12,100.0,27,23,-4
SPLR-098,2024-12,97.28,27,30,3
SPLR-099,2024-12,97.53,27,27,0
SPLR-100,2024-12,96.68,27,26,-1
SPLR-001,2025-01,95.83,25,25,0
SPLR-002,2025-01,93.64,25,25,0
SPLR-003,2025-01,99.14,25,24,-1
SPLR-004,2025-01,93.53,25,25,0
SPLR-005,2025-01,94.57,25,21,-4
SPLR-006,2025-01,96.28,25,23,-2
SPLR-007,2025-01,94.75,25,26,1
SPLR-008,2025-01,92.93,25,20,-5
SPLR-009,2025-01,97.34,25,19,-6
SPLR-010,2025-01,94.05,25,20,-5
SPLR-011,2025-01,95.03,25,26,1
SPLR-012,2025-01,96.22,25,32,7
SPLR-013,2025-01,98.17,25,22,-3
SPLR-014,2025-01,93.61,25,33,8
SPLR-015,2025-01,98.13,25,27,2
SPLR-016,2025-01,96.15,25,26,1
SPLR-017,2025-01,93.04,25,26,1
SPLR-018,2025-01,96.14,25,22,-3
SPLR-019,2025-01,94.92,25,30,5
SPLR-020,2025-01,95.75,25,31,6
SPLR-021,2025-01,92.52,25,24,-1
SPLR-022,2025-01,92.91,25,22,-3
SPLR-023,2025-01,94.34,25,26,1
SPLR-024,2025-01,96.53,25,23,-2
SPLR-025,2025-01,91.54,25,30,5
SPLR-026,2025-01,95.43,25,22,-3
SPLR-027,2025-01,96.55,25,26,1
SPLR-028,2025-01,95.35,25,26,1
SPLR-029,2025-01,93.69,25,27,2
SPLR-030,2025-01,94.01,25,23,-2
SPLR-031,2025-01,97.3,25,29,4
SPLR-032,2025-01,99.17,25,28,3
SPLR-033,2025-01,95.35,25,21,-4
SPLR-034,2025-01,98.81,25,29,4
SPLR-035,2025-01,94.66,25,28,3
SPLR-036,2025-01,95.34,25,30,5
SPLR-037,2025-01,94.97,25,31,6
SPLR-038,2025-01,97.57,25,31,6
SPLR-039,2025-01,95.07,25,26,1
SPLR-040,2025-01,94.06,25,28,3
SPLR-041,2025-01,97.8,25,32,7
SPLR-042,2025-01,96.96,25,27,2
SPLR-043,2025-01,95.06,25,27,2
SPLR-044,2025-01,95.24,25,26,1
SPLR-045,2025-01,96.35,25,24,-1
SPLR-046,2025-01,96.13,25,24,-1
SPLR-047,2025-01,95.24,25,28,3
SPLR-048,2025-01,96.35,25,26,1
SPLR-049,2025-01,93.09,25,26,1
SPLR-050,2025-01,97.06,25,24,-1
SPLR-051,2025-01,100.0,25,18,-7
SPLR-052,2025-01,97.57,25,27,2
SPLR-053,2025-01,97.08,25,26,1
SPLR-054,2025-01,97.1,25,28,3
SPLR-055,2025-01,94.55,25,26,1
SPLR-056,2025-01,95.63,25,22,-3
SPLR-057,2025-01,97.43,25,23,-2
SPLR-058,2025-01,93.0,25,24,-1
SPLR-059,2025-01,94.4,25,28,3
SPLR-060,2025-01,96.31,25,29,4
SPLR-061,2025-01,94.67,25,28,3
SPLR-062,2025-01,100.0,25,26,1
SPLR-063,2025-01,97.72,25,27,2
SPLR-064,2025-01,93.16,25,27,2
SPLR-065,2025-01,96.61,25,24,-1
SPLR-066,2025-01,94.23,25,27,2
SPLR-067,2025-01,94.06,25,32,7
SPLR-068,2025-01,96.23,25,21,-4
SPLR-069,2025-01,94.97,25,24,-1
SPLR-070,2025-01,100.0,25,23,-2
SPLR-071,2025-01,95.77,25,24,-1
SPLR-072,2025-01,97.0,25,24,-1
SPLR-073,2025-01,93.72,25,25,0
SPLR-074,2025-01,95.4,25,23,-2
SPLR-075,2025-01,94.92,25,29,4
SPLR-076,2025-01,95.36,25,22,-3
SPLR-077,2025-01,95.08,25,25,0
SPLR-078,2025-01,93.33,25,30,5
SPLR-079,2025-01,97.74,25,29,4
SPLR-080,2025-01,96.78,25,19,-6
SPLR-081,2025-01,99.07,25,23,-2
SPLR-082,2025-01,94.44,25,26,1
SPLR-083,2025-01,98.76,25,28,3
SPLR-084,2025-01,97.81,25,24,-1
SPLR-085,2025-01,95.34,25,26,1
SPLR-086,2025-01,95.74,25,28,3
SPLR-087,2025-01,97.66,25,27,2
SPLR-088,2025-01,90.95,25,26,1
SPLR-089,2025-01,95.78,25,26,1
SPLR-090,2025-01,94.49,25,21,-4
SPLR-091,2025-01,96.93,25,24,-1
SPLR-092,2025-01,97.15,25,23,-2
SPLR-093,2025-01,98.83,25,28,3
SPLR-094,2025-01,96.59,25,25,0
SPLR-095,2025-01,97.7,25,26,1
SPLR-096,2025-01,96.48,25,28,3
SPLR-097,2025-01,98.85,25,21,-4
SPLR-098,2025-01,93.9,25,23,-2
SPLR-099,2025-01,93.0,25,25,0
SPLR-100,2025-01,97.2,25,25,0
SPLR-001,2025-02,92.93,25,28,3
SPLR-002,2025-02,94.28,25,26,1
SPLR-003,2025-02,96.31,25,24,-1
SPLR-004,2025-02,98.12,25,23,-2
SPLR-005,2025-02,98.0,25,22,-3
SPLR-006,2025-02,95.03,25,23,-2
SPLR-007,2025-02,96.24,25,23,-2
SPLR-008,2025-02,94.58,25,23,-2
SPLR-009,2025-02,95.87,25,23,-2
SPLR-010,2025-02,97.37,25,22,-3
SPLR-011,2025-02,91.31,25,27,2
SPLR-012,2025-02,92.82,25,24,-1
SPLR-013,2025-02,93.36,25,21,-4
SPLR-014,2025-02,93.85,25,28,3
SPLR-015,2025-02,96.01,25,25,0
SPLR-016,2025-02,96.22,25,21,-4
SPLR-017,2025-02,93.35,25,26,1
SPLR-018,2025-02,93.74,25,24,-1
SPLR-019,2025-02,91.6,25,18,-7
SPLR-020,2025-02,95.64,25,25,0
SPLR-021,2025-02,95.8,25,23,-2
SPLR-022,2025-02,92.57,25,25,0
SPLR-023,2025-02,95.71,25,24,-1
SPLR-024,2025-02,95.6,25,21,-4
SPLR-025,2025-02,93.68,25,24,-1
SPLR-026,2025-02,96.45,25,25,0
SPLR-027,2025-02,97.49,25,20,-5
SPLR-028,2025-02,94.26,25,25,0
SPLR-029,2025-02,95.24,25,22,-3
SPLR-030,2025-02,97.37,25,25,0
SPLR-031,2025-02,91.83,25,24,-1
SPLR-032,2025-02,93.37,25,33,8
SPLR-033,2025-02,96.1,25,25,0
SPLR-034,2025-02,93.78,25,27,2
SPLR-035,2025-02,96.0,25,16,-9
SPLR-036,2025-02,95.29,25,25,0
SPLR-037,2025-02,91.38,25,27,2
SPLR-038,2025-02,98.49,25,26,1
SPLR-039,2025-02,96.2,25,30,5
SPLR-040,2025-02,92.34,25,19,-6
SPLR-041,2025-02,95.31,25,24,-1
SPLR-042,2025-02,91.25,25,24,-1
SPLR-043,2025-02,95.46,25,24,-1
SPLR-044,2025-02,92.43,25,24,-1
SPLR-045,2025-02,93.96,25,19,-6
SPLR-046,2025-02,93.71,25,20,-5
SPLR-047,2025-02,95.32,25,20,-5
SPLR-048,2025-02,96.03,25,23,-2
SPLR-049,2025-02,92.91,25,25,0
SPLR-050,2025-02,92.27,25,25,0
SPLR-051,2025-02,92.54,25,23,-2
SPLR-052,2025-02,94.81,25,21,-4
SPLR-053,2025-02,91.47,25,25,0
SPLR-054,2025-02,93.95,25,25,0
SPLR-055,2025-02,94.66,25,25,0
SPLR-056,2025-02,95.22,25,25,0
SPLR-057,2025-02,89.99,25,19,-6
SPLR-058,2025-02,97.86,25,25,0
SPLR-059,2025-02,95.9,25,23,-2
SPLR-060,2025-02,93.88,25,23,-2
SPLR-061,2025-02,98.93,25,25,0
SPLR-062,2025-02,92.93,25,20,-5
SPLR-063,2025-02,97.95,25,24,-1
SPLR-064,2025-02,95.49,25,27,2
SPLR-065,2025-02,93.07,25,27,2
SPLR-066,2025-02,92.79,25,22,-3
SPLR-067,2025-02,96.33,25,24,-1
SPLR-068,2025-02,95.04,25,26,1
SPLR-069,2025-02,95.28,25,20,-5
SPLR-070,2025-02,92.83,25,24,-1
SPLR-071,2025-02,92.34,25,26,1
SPLR-072,2025-02,96.37,25,29,4
SPLR-073,2025-02,93.32,25,25,0
SPLR-074,2025-02,94.89,25,26,1
SPLR-075,2025-02,92.24,25,30,5
SPLR-076,2025-02,95.85,25,27,2
SPLR-077,2025-02,96.41,25,26,1
SPLR-078,2025-02,91.95,25,24,-1
SPLR-079,2025-02,90.7,25,26,1
SPLR-080,2025-02,93.66,25,24,-1
SPLR-081,2025-02,96.41,25,23,-2
SPLR-082,2025-02,93.5,25,25,0
SPLR-083,2025-02,90.32,25,24,-1
SPLR-084,2025-02,89.03,25,23,-2
SPLR-085,2025-02,95.71,25,26,1
SPLR-086,2025-02,92.81,25,25,0
SPLR-087,2025-02,91.85,25,24,-1
SPLR-088,2025-02,99.86,25,30,5
SPLR-089,2025-02,94.11,25,25,0
SPLR-090,2025-02,92.04,25,22,-3
SPLR-091,2025-02,94.72,25,23,-2
SPLR-092,2025-02,95.81,25,29,4
SPLR-093,2025-02,94.67,25,25,0
SPLR-094,2025-02,90.64,25,27,2
SPLR-095,2025-02,91.71,25,23,-2
SPLR-096,2025-02,95.92,25,28,3
SPLR-097,2025-02,93.07,25,23,-2
SPLR-098,2025-02,92.6,25,21,-4
SPLR-099,2025-02,92.73,25,20,-5
SPLR-100,2025-02,95.37,25,26,1
SPLR-001,2025-03,93.12,25,22,-3
SPLR-002,2025-03,89.61,25,25,0
SPLR-003,2025-03,92.13,25,25,0
SPLR-004,2025-03,91.42,25,30,5
SPLR-005,2025-03,92.85,25,31,6
SPLR-006,2025-03,94.54,25,30,5
SPLR-007,2025-03,89.85,25,27,2
SPLR-008,2025-03,91.14,25,20,-5
SPLR-009,2025-03,94.99,25,24,-1
SPLR-010,2025-03,89.89,25,24,-1
SPLR-011,2025-03,90.41,25,23,-2
SPLR-012,2025-03,91.56,25,30,5
SPLR-013,2025-03,90.67,25,30,5
SPLR-014,2025-03,93.7,25,26,1
SPLR-015,2025-03,93.5,25,25,0
SPLR-016,2025-03,94.57,25,27,2
SPLR-017,2025-03,88.67,25,26,1
SPLR-018,2025-03,93.57,25,24,-1
SPLR-019,2025-03,92.25,25,23,-2
SPLR-020,2025-03,89.24,25,21,-4
SPLR-021,2025-03,88.93,25,27,2
SPLR-022,2025-03,87.02,25,23,-2
SPLR-023,2025-03,90.47,25,24,-1
SPLR-024,2025-03,88.29,25,26,1
SPLR-025,2025-03,89.45,25,29,4
SPLR-026,2025-03,90.76,25,25,0
SPLR-027,2025-03,92.01,25,26,1
SPLR-028,2025-03,92.07,25,24,-1
SPLR-029,2025-03,92.69,25,27,2
SPLR-030,2025-03,90.47,25,26,1
SPLR-031,2025-03,94.38,25,27,2
SPLR-032,2025-03,93.86,25,26,1
SPLR-033,2025-03,90.13,25,23,-2
SPLR-034,2025-03,92.64,25,28,3
SPLR-035,2025-03,97.57,25,28,3
SPLR-036,2025-03,89.66,25,23,-2
SPLR-037,2025-03,96.56,25,25,0
SPLR-038,2025-03,92.1,25,22,-3
SPLR-039,2025-03,95.13,25,27,2
SPLR-040,2025-03,90.45,25,22,-3
SPLR-041,2025-03,92.61,25,25,0
SPLR-042,2025-03,93.66,25,27,2
SPLR-043,2025-03,91.47,25,24,-1
SPLR-044,2025-03,91.68,25,24,-1
SPLR-045,2025-03,91.74,25,25,0
SPLR-046,2025-03,90.2,25,27,2
SPLR-047,2025-03,91.26,25,23,-2
SPLR-048,2025-03,91.3,25,26,1
SPLR-049,2025-03,92.17,25,26,1
SPLR-050,2025-03,93.8,25,29,4
SPLR-051,2025-03,92.57,25,22,-3
SPLR-052,2025-03,91.46,25,22,-3
SPLR-053,2025-03,95.39,25,31,6
SPLR-054,2025-03,93.3,25,28,3
SPLR-055,2025-03,92.5,25,26,1
SPLR-056,2025-03,88.81,25,25,0
SPLR-057,2025-03,90.24,25,26,1
SPLR-058,2025-03,91.88,25,31,6
SPLR-059,2025-03,93.83,25,26,1
SPLR-060,2025-03,91.47,25,30,5
SPLR-061,2025-03,91.94,25,26,1
SPLR-062,2025-03,92.08,25,24,-1
SPLR-063,2025-03,92.07,25,19,-6
SPLR-064,2025-03,88.9,25,26,1
SPLR-065,2025-03,95.14,25,26,1
SPLR-066,2025-03,90.56,25,21,-4
SPLR-067,2025-03,93.57,25,23,-2
SPLR-068,2025-03,93.29,25,26,1
SPLR-069,2025-03,92.96,25,25,0
SPLR-070,2025-03,92.77,25,25,0
SPLR-071,2025-03,90.73,25,22,-3
SPLR-072,2025-03,87.23,25,25,0
SPLR-073,2025-03,95.04,25,27,2
SPLR-074,2025-03,92.46,25,23,-2
SPLR-075,2025-03,93.99,25,25,0
SPLR-076,2025-03,95.15,25,22,-3
SPLR-077,2025-03,90.5,25,23,-2
SPLR-078,2025-03,89.04,25,22,-3
SPLR-079,2025-03,92.21,25,23,-2
SPLR-080,2025-03,84.29,25,28,3
SPLR-081,2025-03,88.63,25,27,2
SPLR-082,2025-03,92.06,25,32,7
SPLR-083,2025-03,93.99,25,24,-1
SPLR-084,2025-03,90.6,25,30,5
SPLR-085,2025-03,89.05,25,26,1
SPLR-086,2025-03,91.74,25,24,-1
SPLR-087,2025-03,92.71,25,26,1
SPLR-088,2025-03,92.91,25,26,1
SPLR-089,2025-03,92.84,25,25,0
SPLR-090,2025-03,90.68,25,25,0
SPLR-091,2025-03,90.57,25,23,-2
SPLR-092,2025-03,91.33,25,25,0
SPLR-093,2025-03,92.07,25,28,3
SPLR-094,2025-03,91.0,25,26,1
SPLR-095,2025-03,92.24,25,23,-2
SPLR-096,2025-03,92.15,25,28,3
SPLR-097,2025-03,92.37,25,26,1
SPLR-098,2025-03,90.59,25,31,6
SPLR-099,2025-03,90.7,25,20,-5
SPLR-100,2025-03,93.72,25,25,0
SPLR-001,2025-04,89.93,27,25,-2
SPLR-002,2025-04,94.28,27,28,1
SPLR-003,2025-04,91.64,27,27,0
SPLR-004,2025-04,91.08,27,31,4
SPLR-005,2025-04,90.03,27,23,-4
SPLR-006,2025-04,92.27,27,28,1
SPLR-007,2025-04,90.75,27,28,1
SPLR-008,2025-04,89.79,27,27,0
SPLR-009,2025-04,90.27,27,25,-2
SPLR-010,2025-04,92.91,27,23,-4
SPLR-011,2025-04,95.26,27,30,3
SPLR-012,2025-04,86.98,27,26,-1
SPLR-013,2025-04,90.2,27,28,1
SPLR-014,2025-04,88.56,27,27,0
SPLR-015,2025-04,90.29,27,25,-2
SPLR-016,2025-04,88.78,27,30,3
SPLR-017,2025-04,87.14,27,28,1
SPLR-018,2025-04,92.13,27,26,-1
SPLR-019,2025-04,90.64,27,30,3
SPLR-020,2025-04,89.13,27,25,-2
SPLR-021,2025-04,89.54,27,30,3
SPLR-022,2025-04,93.12,27,23,-4
SPLR-023,2025-04,92.55,27,29,2
SPLR-024,2025-04,93.64,27,28,1
SPLR-025,2025-04,90.45,27,30,3
SPLR-026,2025-04,91.93,27,34,7
SPLR-027,2025-04,92.45,27,27,0
SPLR-028,2025-04,88.19,27,25,-2
SPLR-029,2025-04,87.66,27,26,-1
SPLR-030,2025-04,92.39,27,27,0
SPLR-031,2025-04,92.58,27,28,1
SPLR-032,2025-04,89.73,27,27,0
SPLR-033,2025-04,91.48,27,27,0
SPLR-034,2025-04,90.84,27,25,-2
SPLR-035,2025-04,89.67,27,34,7
SPLR-036,2025-04,92.99,27,23,-4
SPLR-037,2025-04,85.8,27,27,0
SPLR-038,2025-04,92.32,27,25,-2
SPLR-039,2025-04,92.58,27,27,0
SPLR-040,2025-04,90.21,27,29,2
SPLR-041,2025-04,89.47,27,26,-1
SPLR-042,2025-04,91.88,27,27,0
SPLR-043,2025-04,94.35,27,29,2
SPLR-044,2025-04,91.79,27,27,0
SPLR-045,2025-04,92.29,27,26,-1
SPLR-046,2025-04,91.1,27,24,-3
SPLR-047,2025-04,92.61,27,28,1
SPLR-048,2025-04,94.5,27,34,7
SPLR-049,2025-04,92.06,27,27,0
SPLR-050,2025-04,88.64,27,30,3
SPLR-051,2025-04,90.96,27,29,2
SPLR-052,2025-04,94.0,27,25,-2
SPLR-053,2025-04,88.69,27,26,-1
SPLR-054,2025-04,92.18,27,29,2
SPLR-055,2025-04,88.74,27,29,2
SPLR-056,2025-04,88.13,27,24,-3
SPLR-057,2025-04,90.3,27,25,-2
SPLR-058,2025-04,92.32,27,28,1
SPLR-059,2025-04,94.07,27,26,-1
SPLR-060,2025-04,90.29,27,31,4
SPLR-061,2025-04,90.35,27,31,4
SPLR-062,2025-04,91.62,27,20,-7
SPLR-063,2025-04,92.89,27,30,3
SPLR-064,2025-04,92.44,27,21,-6
SPLR-065,2025-04,89.21,27,25,-2
SPLR-066,2025-04,88.85,27,32,5
SPLR-067,2025-04,90.51,27,27,0
SPLR-068,2025-04,91.64,27,29,2
SPLR-069,2025-04,83.87,27,25,-2
SPLR-070,2025-04,87.71,27,28,1
SPLR-071,2025-04,89.96,27,27,0
SPLR-072,2025-04,86.38,27,26,-1
SPLR-073,2025-04,92.77,27,31,4
SPLR-074,2025-04,91.97,27,23,-4
SPLR-075,2025-04,93.05,27,29,2
SPLR-076,2025-04,90.3,27,21,-6
SPLR-077,2025-04,92.44,27,25,-2
SPLR-078,2025-04,91.23,27,27,0
SPLR-079,2025-04,93.61,27,27,0
SPLR-080,2025-04,90.51,27,32,5
SPLR-081,2025-04,89.22,27,29,2
SPLR-082,2025-04,90.14,27,24,-3
SPLR-083,2025-04,90.54,27,29,2
SPLR-084,2025-04,93.24,27,31,4
SPLR-085,2025-04,89.95,27,24,-3
SPLR-086,2025-04,89.9,27,23,-4
SPLR-087,2025-04,90.1,27,26,-1
SPLR-088,2025-04,91.99,27,20,-7
SPLR-089,2025-04,89.07,27,25,-2
SPLR-090,2025-04,92.91,27,24,-3
SPLR-091,2025-04,90.99,27,27,0
SPLR-092,2025-04,92.62,27,29,2
SPLR-093,2025-04,90.78,27,25,-2
SPLR-094,2025-04,86.83,27,28,1
SPLR-095,2025-04,91.6,27,22,-5
SPLR-096,2025-04,88.07,27,28,1
SPLR-097,2025-04,91.21,27,24,-3
SPLR-098,2025-04,89.39,27,21,-6
SPLR-099,2025-04,93.29,27,23,-4
SPLR-100,2025-04,91.62,27,27,0
