supplier_id,country,assessment_date,current_ratio,debt_to_equity_ratio,altman_z_score,credit_rating,geopolitical_risk_score,sanctions_flag,trade_embargo_flag,esg_controversy_score,anti_bribery_compliance,trade_compliance,sanctions_compliance
SPLR-082,Vietnam,2024-08-15,1.75,0.93,3.65,AAA,75,False,False,45,In Review,Compliant,In Review
SPLR-012,Korea,2025-02-09,1.38,1.79,3.77,AAA,35,False,False,60,In Review,Compliant,In Review
SPLR-092,Korea,2024-10-17,1.27,0.77,3.24,AA,20,False,False,15,Compliant,Compliant,In Review
SPLR-044,United States,2024-11-19,1.22,0.49,3.31,AA,20,False,False,21,Compliant,Non-Compliant,Compliant
SPLR-045,United States,2024-12-22,2.23,0.89,3.07,BB,15,False,False,39,Non-Compliant,Compliant,In Review
SPLR-081,Taiwan,2025-01-22,1.56,0.42,3.38,BBB,28,False,False,44,Compliant,Non-Compliant,Compliant
SPLR-013,Korea,2024-06-12,1.2,1.93,2.99,A,29,False,False,66,Non-Compliant,Non-Compliant,Compliant
SPLR-035,Vietnam,2025-01-03,0.89,1.1,1.04,BBB,46,False,False,53,Compliant,Non-Compliant,Non-Compliant
SPLR-082,Mexico,2024-10-28,1.87,1.09,2.88,BBB,51,False,False,20,Compliant,Compliant,Non-Compliant
SPLR-035,Vietnam,2024-09-08,1.14,0.77,4.06,AA,63,False,False,14,Non-Compliant,Compliant,In Review
SPLR-051,India,2024-07-26,1.66,0.81,2.32,AA,71,False,False,70,In Review,Non-Compliant,In Review
SPLR-055,Korea,2025-03-26,1.97,0.58,2.69,A,43,False,False,69,Non-Compliant,Compliant,Compliant
SPLR-020,Malaysia,2024-08-24,1.26,0.91,1.89,BB,38,False,False,66,Non-Compliant,In Review,Non-Compliant
SPLR-033,China,2025-03-25,2.18,0.96,4.0,BBB,73,False,False,37,Non-Compliant,In Review,Non-Compliant
SPLR-038,Korea,2025-02-19,1.68,1.77,2.96,AA,55,True,False,0,In Review,Non-Compliant,In Review
SPLR-065,Vietnam,2024-11-11,1.91,1.04,2.7,B,60,False,False,10,In Review,Compliant,Compliant
SPLR-098,Malaysia,2024-09-13,1.39,1.18,4.48,BBB,44,False,False,33,Compliant,In Review,Non-Compliant
SPLR-003,Vietnam,2025-01-18,1.25,1.46,3.33,B,54,False,False,60,Non-Compliant,Compliant,Compliant
SPLR-073,Vietnam,2024-06-18,1.55,1.48,2.3,AAA,56,False,False,42,In Review,Compliant,Compliant
SPLR-061,Malaysia,2024-06-02,0.77,1.15,3.26,A,50,False,False,45,Compliant,In Review,In Review
SPLR-026,United States,2025-01-15,0.79,0.79,2.66,A,21,False,False,46,In Review,Non-Compliant,Compliant
SPLR-029,Vietnam,2024-05-24,1.7,1.94,3.17,A,62,False,False,48,Compliant,Compliant,Compliant
SPLR-081,China,2024-12-30,0.54,0.99,3.06,AA,94,False,False,46,Compliant,In Review,Compliant
SPLR-086,India,2025-01-17,1.65,0.98,1.83,AA,76,False,False,65,In Review,In Review,Non-Compliant
SPLR-061,Korea,2025-04-24,1.9,0.55,4.4,AA,25,False,False,61,Non-Compliant,Non-Compliant,Non-Compliant
SPLR-087,Vietnam,2025-02-13,2.6,0.5,2.43,AAA,60,False,False,39,Compliant,Compliant,Compliant
SPLR-069,India,2025-04-01,0.72,1.03,1.94,AA,69,False,False,31,Compliant,Non-Compliant,In Review
SPLR-007,China,2024-09-17,2.27,0.61,2.68,CCC,78,False,False,25,Compliant,Non-Compliant,Non-Compliant
SPLR-028,Korea,2024-12-26,1.61,1.65,1.39,B,41,False,True,55,Non-Compliant,Non-Compliant,Non-Compliant
SPLR-055,India,2025-04-20,1.89,0.38,1.68,AA,70,False,False,55,In Review,In Review,In Review
SPLR-096,Taiwan,2024-09-03,1.63,1.17,2.32,AAA,37,False,False,55,In Review,Compliant,Compliant
SPLR-011,Malaysia,2025-01-15,1.14,1.93,3.47,AAA,38,False,False,63,Non-Compliant,Compliant,In Review
SPLR-075,China,2025-02-06,1.01,1.39,4.16,BBB,61,False,False,69,In Review,Non-Compliant,Non-Compliant
SPLR-086,Taiwan,2025-04-14,1.71,1.41,4.9,AA,32,False,False,34,Non-Compliant,Non-Compliant,Non-Compliant
SPLR-002,India,2025-01-06,1.06,0.59,2.92,BBB,68,False,False,55,In Review,Compliant,In Review
SPLR-017,Taiwan,2024-05-26,1.91,1.01,4.45,B,32,False,False,100,Compliant,Non-Compliant,In Review
SPLR-039,China,2025-03-23,1.81,0.57,1.93,BBB,74,False,False,45,Compliant,Compliant,Non-Compliant
SPLR-014,Malaysia,2025-01-06,1.86,1.24,2.93,A,41,False,False,19,Compliant,In Review,In Review
SPLR-065,India,2025-04-29,1.28,1.43,3.21,A,52,False,False,53,In Review,Non-Compliant,Non-Compliant
SPLR-001,Taiwan,2024-05-25,1.69,0.56,3.15,BB,35,False,False,27,In Review,Non-Compliant,In Review
SPLR-055,China,2024-11-13,1.68,1.28,4.08,AA,80,False,False,22,Compliant,In Review,Compliant
SPLR-075,Malaysia,2024-06-06,1.03,1.26,3.51,A,55,True,False,100,Compliant,Non-Compliant,Compliant
SPLR-032,Vietnam,2025-01-20,1.79,1.57,3.95,A,66,False,False,43,In Review,In Review,Compliant
SPLR-021,Malaysia,2025-01-14,1.88,0.61,2.76,B,45,True,False,51,Non-Compliant,Non-Compliant,In Review
SPLR-035,Malaysia,2024-09-28,2.66,0.07,3.69,BB,33,False,False,40,Non-Compliant,Compliant,Compliant
SPLR-045,United States,2024-12-04,2.04,1.03,1.92,BB,22,False,False,63,In Review,Compliant,Non-Compliant
SPLR-036,Vietnam,2024-12-03,1.13,1.11,3.05,CCC,53,False,False,92,Non-Compliant,In Review,In Review
SPLR-004,Vietnam,2024-07-20,1.82,0.0,3.19,B,53,False,False,67,Non-Compliant,Compliant,Compliant
SPLR-056,Taiwan,2024-07-30,1.1,0.94,3.5,BB,43,False,False,25,In Review,Compliant,Non-Compliant
SPLR-025,United States,2024-06-12,1.33,0.76,2.35,AAA,47,False,False,58,In Review,In Review,In Review
SPLR-026,Taiwan,2025-03-19,0.87,1.46,5.12,A,45,False,False,19,In Review,Non-Compliant,In Review
SPLR-093,United States,2025-03-17,1.26,1.63,2.29,BBB,34,False,False,65,In Review,Non-Compliant,In Review
SPLR-025,Korea,2024-12-18,1.04,0.97,-0.24,BBB,29,False,False,44,Compliant,In Review,In Review
SPLR-052,China,2024-09-25,0.88,1.82,1.57,A,65,False,False,52,In Review,In Review,Non-Compliant
SPLR-057,India,2025-04-08,2.22,0.28,4.16,BBB,65,False,False,30,In Review,Compliant,In Review
SPLR-037,Taiwan,2025-03-07,1.73,1.1,2.4,AAA,35,False,False,42,Non-Compliant,Compliant,Compliant
SPLR-004,China,2024-07-03,1.56,1.33,4.59,AA,57,False,False,92,Compliant,Non-Compliant,Non-Compliant
SPLR-074,Mexico,2025-05-19,0.52,0.92,3.59,BB,57,False,False,37,Compliant,In Review,In Review
SPLR-097,Vietnam,2025-04-26,1.4,0.75,2.41,BB,68,False,False,57,In Review,In Review,Non-Compliant
SPLR-072,Mexico,2024-08-08,1.15,1.45,3.31,B,63,False,False,62,Non-Compliant,In Review,In Review
SPLR-077,Taiwan,2024-08-14,1.09,0.72,3.75,CCC,41,False,False,49,In Review,In Review,Non-Compliant
SPLR-058,Malaysia,2024-08-28,1.56,1.64,2.41,BB,55,False,False,45,Compliant,In Review,Non-Compliant
SPLR-063,Mexico,2024-08-18,1.39,1.55,3.83,A,63,False,False,76,Non-Compliant,Non-Compliant,Non-Compliant
SPLR-011,Malaysia,2024-10-25,1.51,1.34,2.69,AA,53,False,False,47,Compliant,Compliant,Non-Compliant
SPLR-043,India,2024-07-31,1.55,1.3,2.18,A,85,False,False,29,In Review,In Review,Compliant
SPLR-049,India,2024-08-15,0.89,1.58,3.79,AAA,71,False,False,62,Non-Compliant,In Review,In Review
SPLR-078,Mexico,2024-06-08,1.49,0.55,3.08,BBB,48,False,False,69,Non-Compliant,Non-Compliant,In Review
SPLR-052,Malaysia,2024-07-22,1.43,0.59,2.68,BB,54,False,False,38,In Review,Compliant,Non-Compliant
SPLR-073,China,2024-11-08,1.09,1.12,3.24,AAA,64,False,False,40,Compliant,Compliant,Non-Compliant
SPLR-042,Mexico,2025-04-10,1.62,0.28,1.59,BBB,47,False,False,45,Non-Compliant,Non-Compliant,Non-Compliant
SPLR-061,China,2024-06-22,1.66,1.74,3.86,BB,68,False,False,49,Compliant,In Review,Compliant
SPLR-006,China,2024-09-21,1.0,0.99,2.71,B,73,False,False,33,Compliant,Compliant,Compliant
SPLR-086,Vietnam,2024-07-15,1.76,1.77,2.89,BBB,64,False,False,63,Non-Compliant,Compliant,In Review
SPLR-096,Vietnam,2024-07-31,1.3,1.11,3.01,BB,60,False,False,34,In Review,Compliant,Non-Compliant
SPLR-087,Korea,2025-03-30,1.51,1.25,4.45,A,49,False,False,93,In Review,In Review,Compliant
SPLR-090,United States,2024-08-22,1.12,1.44,3.18,B,51,False,False,33,In Review,Compliant,Non-Compliant
SPLR-055,Taiwan,2024-10-12,1.08,0.7,0.88,AAA,29,False,True,34,Non-Compliant,Non-Compliant,Compliant
SPLR-047,India,2024-08-19,1.58,1.17,4.88,BB,74,False,False,38,In Review,Non-Compliant,In Review
SPLR-100,India,2024-12-30,1.05,1.25,1.68,BBB,83,False,False,73,Non-Compliant,Compliant,Compliant
SPLR-058,Mexico,2024-12-06,1.27,0.14,4.35,BB,53,False,False,74,Non-Compliant,Compliant,Non-Compliant
SPLR-024,India,2024-08-10,0.7,0.7,3.01,AA,65,False,False,40,In Review,In Review,Non-Compliant
SPLR-002,Mexico,2024-06-25,1.81,0.47,2.86,AAA,56,False,False,60,Compliant,In Review,Non-Compliant
SPLR-092,India,2024-12-16,1.86,0.44,1.47,A,77,True,False,56,Non-Compliant,In Review,Compliant
SPLR-085,Taiwan,2024-11-22,1.13,1.78,3.12,BBB,46,False,False,51,In Review,In Review,Non-Compliant
SPLR-090,India,2024-08-20,2.53,1.88,2.75,A,74,False,False,62,Compliant,Non-Compliant,Compliant
SPLR-098,Malaysia,2024-12-28,2.18,0.52,3.69,AA,60,False,False,14,In Review,In Review,In Review
SPLR-013,Mexico,2025-01-01,0.91,0.0,2.73,A,62,False,False,80,In Review,In Review,Compliant
SPLR-006,China,2024-08-01,1.54,1.81,1.62,BBB,52,False,False,48,Non-Compliant,Compliant,Compliant
SPLR-037,India,2025-04-18,1.69,0.98,0.93,BBB,64,False,False,23,Non-Compliant,Non-Compliant,Compliant
SPLR-052,India,2025-04-08,1.83,1.18,2.06,AAA,59,False,False,28,Compliant,In Review,Non-Compliant
SPLR-032,Vietnam,2024-11-08,1.47,1.48,2.01,BBB,65,False,False,39,In Review,Compliant,In Review
SPLR-058,India,2024-07-13,1.1,0.95,1.96,A,59,False,False,26,In Review,In Review,Compliant
SPLR-095,Vietnam,2025-01-19,2.48,1.02,2.3,B,62,False,False,47,In Review,Compliant,Compliant
SPLR-023,Vietnam,2025-01-23,1.39,1.31,3.76,AA,54,False,False,38,Non-Compliant,Non-Compliant,Compliant
SPLR-037,United States,2024-06-17,1.36,0.0,1.48,BB,43,False,False,82,Non-Compliant,In Review,In Review
SPLR-026,Korea,2025-04-21,1.38,1.29,3.31,AA,70,False,False,72,Non-Compliant,Compliant,Compliant
SPLR-022,United States,2024-06-03,1.44,0.52,1.39,BBB,32,False,False,34,Non-Compliant,Compliant,Non-Compliant
SPLR-039,Korea,2024-10-12,0.79,0.68,1.92,B,56,False,False,67,Compliant,In Review,Compliant
SPLR-095,Taiwan,2025-05-11,1.5,1.74,3.08,BBB,26,True,False,80,In Review,In Review,In Review
SPLR-098,United States,2024-12-30,1.77,0.48,2.81,BBB,21,False,False,22,In Review,In Review,Non-Compliant
SPLR-024,Korea,2024-12-08,1.96,1.95,1.6,BBB,45,False,False,36,Non-Compliant,Non-Compliant,Non-Compliant
SPLR-086,Vietnam,2024-08-13,1.26,0.7,2.14,B,60,False,False,33,Non-Compliant,In Review,Non-Compliant
SPLR-005,India,2024-06-19,1.64,0.97,2.76,AAA,55,False,False,38,Non-Compliant,In Review,Compliant
SPLR-070,India,2025-04-25,1.88,1.25,2.02,A,65,False,False,65,Non-Compliant,In Review,Non-Compliant
SPLR-027,United States,2025-05-07,0.67,1.27,2.34,BBB,35,False,False,34,In Review,Non-Compliant,Compliant
SPLR-081,Mexico,2025-03-24,0.6,0.19,3.05,BB,57,False,True,31,Non-Compliant,Compliant,Compliant
SPLR-060,Vietnam,2025-01-02,1.82,0.17,2.93,BBB,47,False,False,36,Non-Compliant,In Review,In Review
SPLR-054,India,2024-09-03,1.52,0.57,2.62,CCC,75,False,False,38,Non-Compliant,Compliant,In Review
SPLR-096,Malaysia,2025-01-05,1.92,0.44,3.53,B,64,False,False,0,Non-Compliant,Non-Compliant,In Review
SPLR-001,United States,2024-10-05,1.1,1.29,2.8,BB,33,False,False,37,In Review,Non-Compliant,Compliant
SPLR-069,India,2024-05-29,1.54,0.92,4.17,A,67,False,False,56,Non-Compliant,Non-Compliant,Compliant
SPLR-031,Korea,2024-11-07,1.29,0.76,2.57,AA,43,False,False,41,In Review,Non-Compliant,In Review
SPLR-050,Malaysia,2024-10-08,1.64,2.04,3.87,BBB,46,True,False,74,In Review,Non-Compliant,Compliant
SPLR-013,India,2025-01-06,1.3,0.0,1.99,AAA,46,False,False,42,Compliant,Compliant,Non-Compliant
SPLR-044,Korea,2024-07-05,1.51,1.84,3.33,BBB,37,False,False,66,In Review,Non-Compliant,Non-Compliant
SPLR-092,India,2025-01-25,0.39,1.12,3.77,B,50,True,False,72,In Review,In Review,Non-Compliant
SPLR-096,Vietnam,2024-05-31,1.67,0.79,3.63,A,82,False,False,53,Compliant,Non-Compliant,Compliant
SPLR-039,China,2025-01-16,1.62,0.77,2.15,AAA,78,False,False,32,Non-Compliant,Non-Compliant,Compliant
SPLR-068,Korea,2024-07-08,1.54,0.76,3.48,BBB,43,False,False,70,Compliant,In Review,Non-Compliant
SPLR-088,Mexico,2025-01-11,1.24,0.87,2.02,BBB,50,False,False,57,In Review,Non-Compliant,Non-Compliant
SPLR-086,China,2024-10-07,1.88,0.54,3.87,B,83,False,False,58,In Review,Compliant,Compliant
SPLR-045,United States,2024-09-16,2.44,0.61,1.76,BBB,12,False,False,79,Non-Compliant,Compliant,Non-Compliant
SPLR-014,Mexico,2024-06-18,1.83,0.97,3.28,A,43,False,False,98,In Review,Non-Compliant,Compliant
SPLR-051,United States,2024-09-09,1.56,1.05,3.73,AAA,34,False,False,54,Compliant,In Review,In Review
SPLR-037,Mexico,2024-06-18,1.1,1.24,4.88,BBB,68,False,False,81,In Review,Non-Compliant,In Review
SPLR-088,Malaysia,2024-07-29,1.24,0.51,2.87,BBB,50,False,False,71,Non-Compliant,Non-Compliant,Compliant
SPLR-047,Malaysia,2024-08-18,0.65,1.76,2.84,AAA,45,False,False,29,Compliant,Compliant,Compliant
SPLR-047,United States,2024-11-29,0.67,1.41,3.07,BB,17,False,False,24,Non-Compliant,Non-Compliant,In Review
SPLR-015,India,2024-10-30,1.33,1.83,2.74,CCC,49,False,False,45,In Review,In Review,In Review
SPLR-072,Taiwan,2024-06-11,1.36,0.0,2.95,AAA,32,False,False,63,Compliant,Non-Compliant,Non-Compliant
SPLR-096,United States,2024-09-22,2.42,1.56,2.73,BBB,18,False,False,100,Compliant,In Review,Compliant
SPLR-004,Taiwan,2024-06-23,1.53,1.01,2.98,B,36,False,False,47,Non-Compliant,In Review,Non-Compliant
SPLR-053,Vietnam,2025-01-21,1.21,0.73,2.97,AA,54,False,False,35,Non-Compliant,Compliant,Compliant
SPLR-069,Malaysia,2024-07-25,1.55,0.87,4.5,A,23,False,False,71,In Review,In Review,Non-Compliant
SPLR-096,Malaysia,2025-05-05,2.12,0.0,2.66,B,46,False,False,21,In Review,Non-Compliant,Non-Compliant
SPLR-089,Taiwan,2024-11-14,1.11,0.44,4.75,AA,44,False,False,75,Non-Compliant,Compliant,In Review
SPLR-070,Taiwan,2025-02-02,1.86,0.44,2.48,AAA,39,False,False,25,Non-Compliant,Compliant,In Review
SPLR-083,China,2024-08-11,1.86,0.88,2.63,AAA,77,False,False,58,In Review,Compliant,Compliant
SPLR-027,Mexico,2025-03-08,1.32,1.58,1.92,BB,61,False,False,61,In Review,Compliant,Non-Compliant
SPLR-017,United States,2025-01-20,1.35,1.16,1.75,BB,39,False,False,46,Compliant,Compliant,Non-Compliant
SPLR-076,Taiwan,2025-04-19,1.24,1.52,2.3,AAA,20,False,False,18,Non-Compliant,In Review,Compliant
SPLR-061,India,2025-04-29,1.8,0.36,4.75,BB,44,False,False,83,In Review,Compliant,In Review
SPLR-094,United States,2024-06-04,1.61,0.95,2.46,BBB,33,False,False,49,Non-Compliant,Non-Compliant,Non-Compliant
SPLR-014,India,2025-04-18,2.05,1.06,3.15,BB,61,False,False,48,Non-Compliant,In Review,Compliant
SPLR-017,United States,2024-12-22,1.65,0.14,1.65,BBB,37,False,False,53,Non-Compliant,In Review,In Review
SPLR-059,Korea,2025-01-31,1.41,1.01,3.35,AAA,34,False,False,34,In Review,In Review,In Review
SPLR-056,India,2025-04-03,1.6,0.51,3.41,B,47,False,False,70,Non-Compliant,Non-Compliant,In Review
SPLR-041,Korea,2025-04-05,1.74,1.13,3.98,A,56,False,False,70,In Review,Non-Compliant,Compliant
SPLR-011,Vietnam,2024-07-25,0.58,0.36,2.38,A,60,False,False,60,Compliant,In Review,Compliant
SPLR-072,Taiwan,2024-12-25,1.14,1.09,2.24,BBB,28,False,False,21,Non-Compliant,In Review,Compliant
SPLR-077,United States,2025-03-27,1.04,0.32,2.02,A,40,False,False,31,In Review,Non-Compliant,Compliant
SPLR-045,Taiwan,2024-07-11,2.82,1.25,3.18,AA,26,False,False,64,Non-Compliant,In Review,In Review
SPLR-087,China,2024-05-27,1.21,1.06,5.56,BBB,69,False,False,72,Compliant,Compliant,Non-Compliant
SPLR-098,United States,2024-10-28,1.15,0.98,4.77,B,23,False,False,86,Compliant,In Review,In Review
SPLR-009,Malaysia,2024-10-19,1.85,0.72,3.63,BB,59,False,False,62,In Review,Compliant,Non-Compliant
SPLR-059,Taiwan,2025-04-25,0.71,0.64,2.75,AA,34,False,False,62,In Review,In Review,Compliant
SPLR-020,Malaysia,2024-09-15,1.59,0.33,3.38,BB,56,True,False,61,Non-Compliant,In Review,Non-Compliant
SPLR-078,India,2024-12-27,2.04,1.42,3.46,A,64,False,False,16,Non-Compliant,Non-Compliant,Compliant
SPLR-087,India,2025-02-06,1.71,1.1,3.27,BBB,52,False,False,28,In Review,Compliant,Compliant
SPLR-039,Mexico,2024-10-13,2.03,0.98,3.68,BB,55,False,False,50,Compliant,Compliant,Non-Compliant
SPLR-023,Malaysia,2024-10-30,1.97,0.74,3.1,A,45,False,False,41,In Review,Non-Compliant,Compliant
SPLR-095,China,2024-08-01,1.35,1.11,2.52,A,82,False,False,32,Non-Compliant,In Review,Non-Compliant
SPLR-052,Korea,2024-06-02,1.41,0.78,4.45,A,41,False,False,70,Compliant,In Review,Non-Compliant
SPLR-047,Vietnam,2024-10-31,0.76,1.13,3.89,A,60,False,False,71,Non-Compliant,In Review,Compliant
SPLR-040,Taiwan,2024-09-02,1.24,1.7,5.3,AA,31,False,False,41,In Review,Compliant,In Review
SPLR-025,Taiwan,2025-03-08,2.23,1.79,2.48,A,30,False,False,44,Compliant,Compliant,Compliant
SPLR-033,Mexico,2024-09-11,0.83,0.54,2.0,AA,47,False,False,49,Compliant,Compliant,In Review
SPLR-060,India,2024-12-11,1.62,1.78,2.0,BBB,74,False,False,45,In Review,Non-Compliant,In Review
SPLR-020,India,2024-11-22,1.48,1.34,1.88,AAA,68,False,False,53,Non-Compliant,In Review,Compliant
SPLR-065,Vietnam,2025-04-05,1.75,1.14,5.46,A,53,False,False,39,Non-Compliant,Compliant,In Review
SPLR-079,Korea,2024-06-22,1.19,0.72,2.36,BBB,51,False,False,78,Compliant,Non-Compliant,In Review
SPLR-025,Taiwan,2024-05-21,1.21,0.58,3.47,BBB,29,False,False,62,Non-Compliant,Compliant,Non-Compliant
SPLR-011,Malaysia,2025-03-01,1.6,0.24,4.55,AAA,67,False,False,37,In Review,In Review,In Review
SPLR-047,Taiwan,2024-07-02,1.31,1.14,3.33,B,41,False,False,90,In Review,In Review,Compliant
SPLR-083,Taiwan,2024-06-19,1.41,0.6,1.62,AAA,27,False,False,49,Non-Compliant,Non-Compliant,In Review
SPLR-078,Malaysia,2024-05-29,2.4,0.74,3.22,A,49,False,False,73,Non-Compliant,Non-Compliant,In Review
SPLR-085,Korea,2024-12-04,2.76,0.73,2.51,AA,50,False,False,63,In Review,Non-Compliant,In Review
SPLR-017,Vietnam,2025-02-01,2.42,1.29,2.64,BBB,65,False,False,72,Non-Compliant,Non-Compliant,Compliant
SPLR-044,India,2024-08-18,1.91,1.25,4.07,AA,76,False,False,77,Non-Compliant,Compliant,In Review
SPLR-095,China,2025-02-27,1.82,0.92,3.15,BBB,82,False,False,33,In Review,Non-Compliant,Compliant
SPLR-024,Malaysia,2024-07-13,1.68,0.8,3.03,BB,62,True,False,53,In Review,Compliant,Non-Compliant
SPLR-037,India,2024-06-08,1.52,0.32,3.75,AA,71,False,False,93,Non-Compliant,Compliant,Non-Compliant
SPLR-074,India,2025-02-08,1.35,1.11,3.25,BBB,80,False,False,48,In Review,Non-Compliant,Compliant
SPLR-078,Malaysia,2024-05-22,1.64,1.3,3.19,B,45,False,False,53,Non-Compliant,In Review,Compliant
SPLR-067,Vietnam,2025-04-05,2.04,0.49,3.13,A,52,False,False,73,In Review,Compliant,Non-Compliant
SPLR-029,India,2025-01-21,0.74,0.72,3.38,B,80,False,False,48,Non-Compliant,In Review,Non-Compliant
SPLR-050,Vietnam,2025-03-08,1.22,1.94,1.55,A,38,True,False,58,In Review,In Review,Non-Compliant
SPLR-018,China,2024-10-04,1.25,0.49,3.71,A,72,False,False,38,Compliant,In Review,Non-Compliant
SPLR-079,China,2024-07-14,0.86,1.44,3.65,B,69,True,False,86,Compliant,In Review,In Review
SPLR-068,Korea,2024-06-28,0.96,0.24,2.31,AA,39,False,False,54,Compliant,Compliant,Non-Compliant
SPLR-080,India,2024-08-31,1.38,1.18,1.75,AAA,79,False,False,48,In Review,Compliant,In Review
SPLR-074,Mexico,2024-10-20,2.06,1.17,3.46,BB,60,False,True,58,Non-Compliant,Compliant,In Review
SPLR-024,Vietnam,2024-08-11,1.82,1.66,3.2,BBB,67,False,False,48,In Review,In Review,In Review
SPLR-003,Korea,2025-05-13,2.22,0.66,4.8,B,39,True,False,21,Non-Compliant,Non-Compliant,In Review
SPLR-046,Vietnam,2025-03-14,1.56,0.66,3.84,A,53,False,False,41,In Review,In Review,Non-Compliant
SPLR-006,Taiwan,2024-09-18,0.56,0.77,0.58,BBB,19,False,False,65,In Review,Non-Compliant,In Review
SPLR-081,Malaysia,2025-02-07,1.89,1.21,2.03,BB,49,False,False,49,Non-Compliant,Compliant,Non-Compliant
SPLR-006,Mexico,2025-01-12,0.92,1.75,3.88,B,52,False,False,50,Non-Compliant,In Review,Non-Compliant
SPLR-005,Mexico,2025-03-19,1.6,0.0,2.75,A,48,False,False,29,In Review,Non-Compliant,Non-Compliant
SPLR-048,Korea,2024-09-09,1.36,1.9,3.64,B,34,False,False,61,Non-Compliant,Non-Compliant,Compliant
SPLR-089,India,2025-04-11,2.2,1.46,3.06,A,58,False,False,63,Compliant,In Review,Non-Compliant
SPLR-056,Malaysia,2024-10-05,1.7,1.45,3.64,BBB,60,False,False,39,In Review,Non-Compliant,Non-Compliant
SPLR-078,Korea,2024-10-11,2.16,1.1,5.08,AA,33,False,False,84,In Review,Non-Compliant,In Review
SPLR-036,China,2025-05-06,1.6,0.67,2.52,AAA,66,False,False,58,In Review,In Review,Compliant
SPLR-019,India,2024-08-04,1.76,0.71,2.98,AAA,86,False,False,84,Non-Compliant,Non-Compliant,Non-Compliant
SPLR-005,Malaysia,2024-08-23,1.72,1.02,3.12,BBB,56,False,False,29,Compliant,In Review,Compliant
SPLR-047,Korea,2024-09-08,1.37,0.17,3.4,A,46,False,False,40,Compliant,In Review,Compliant
SPLR-067,Korea,2024-07-12,2.29,0.39,1.54,B,42,False,False,70,In Review,Non-Compliant,Compliant
SPLR-037,India,2025-04-07,2.34,0.77,4.08,AA,64,False,False,46,Compliant,In Review,Non-Compliant
SPLR-088,Taiwan,2024-05-22,1.94,1.33,1.42,BBB,49,False,False,77,Non-Compliant,Non-Compliant,Compliant
SPLR-091,Malaysia,2024-09-11,1.19,1.2,3.49,BB,52,False,False,38,Compliant,Compliant,Compliant
SPLR-004,Taiwan,2025-04-07,1.16,0.99,4.17,BBB,40,False,False,42,In Review,Compliant,In Review
SPLR-009,United States,2025-04-14,1.89,0.0,4.15,A,12,False,False,42,Non-Compliant,Non-Compliant,In Review
SPLR-017,Taiwan,2024-06-28,0.94,0.35,4.16,BBB,30,False,False,56,Non-Compliant,Compliant,In Review
SPLR-076,Malaysia,2025-03-04,1.48,1.24,3.08,BB,37,False,False,69,Compliant,Compliant,In Review
SPLR-039,Malaysia,2025-01-13,1.25,0.22,2.57,AA,65,False,False,67,In Review,Non-Compliant,Compliant
SPLR-026,United States,2024-07-22,1.33,0.83,2.68,AA,50,False,False,57,In Review,In Review,Compliant
SPLR-075,Malaysia,2025-05-07,1.72,1.52,3.24,AA,47,False,False,46,Non-Compliant,In Review,Compliant
SPLR-011,China,2024-07-09,1.46,0.98,3.73,B,70,False,False,64,Compliant,In Review,Non-Compliant
SPLR-082,China,2024-06-05,1.46,1.04,1.0,BBB,79,False,False,56,Non-Compliant,Non-Compliant,Compliant
SPLR-052,United States,2025-02-06,2.0,0.0,5.09,BBB,28,False,False,72,Non-Compliant,Non-Compliant,Non-Compliant
SPLR-044,Malaysia,2024-11-13,0.98,1.31,1.95,A,43,False,False,88,Non-Compliant,Non-Compliant,Compliant
SPLR-066,Vietnam,2025-04-26,1.4,1.11,3.87,A,64,False,False,53,Compliant,Compliant,Compliant
SPLR-038,Korea,2024-12-12,1.68,2.2,2.94,B,42,False,False,71,Compliant,Non-Compliant,In Review
SPLR-025,Malaysia,2025-04-05,2.05,1.59,3.64,BBB,38,False,False,82,Non-Compliant,Non-Compliant,Compliant
SPLR-051,India,2024-07-20,0.93,1.15,2.25,CCC,64,False,False,56,Compliant,Non-Compliant,Non-Compliant
SPLR-084,India,2024-11-15,1.66,1.21,4.61,A,69,True,False,45,Compliant,Non-Compliant,In Review
SPLR-098,Korea,2024-12-25,1.98,1.59,1.77,A,45,False,False,64,Compliant,Non-Compliant,In Review
SPLR-010,Korea,2025-03-22,1.35,1.69,2.85,BBB,41,False,False,46,In Review,In Review,In Review
SPLR-017,Vietnam,2024-07-17,1.51,0.45,1.56,A,75,False,False,33,Non-Compliant,Compliant,Compliant
SPLR-066,Korea,2024-09-30,1.0,0.0,2.36,BBB,26,True,False,82,Non-Compliant,Non-Compliant,In Review
SPLR-020,Malaysia,2024-07-22,2.0,0.66,5.25,A,59,False,False,43,In Review,In Review,Non-Compliant
SPLR-044,India,2025-03-26,0.25,2.15,1.61,BB,48,False,False,70,Non-Compliant,Non-Compliant,In Review
SPLR-054,United States,2025-01-06,2.72,1.69,3.56,BB,35,False,False,67,Compliant,In Review,Non-Compliant
SPLR-084,Mexico,2024-11-08,1.88,1.14,3.1,BB,54,False,False,34,In Review,In Review,In Review
SPLR-019,Mexico,2024-10-19,1.36,0.15,2.9,AAA,45,False,False,27,Compliant,Non-Compliant,Non-Compliant
SPLR-020,Korea,2025-04-20,1.59,1.7,3.92,BBB,24,False,False,30,Non-Compliant,In Review,In Review
SPLR-091,Malaysia,2024-12-12,1.97,0.51,2.78,BBB,55,False,False,30,Non-Compliant,In Review,Non-Compliant
SPLR-023,India,2024-06-01,1.55,0.33,2.4,B,68,False,False,18,In Review,In Review,In Review
SPLR-034,India,2024-05-26,1.72,0.99,3.55,AA,67,False,False,77,Compliant,Non-Compliant,Non-Compliant
SPLR-027,India,2025-03-20,1.56,0.79,3.12,A,70,False,False,50,In Review,Non-Compliant,Non-Compliant
SPLR-074,Korea,2024-12-25,1.52,0.65,2.34,B,25,False,False,84,Compliant,Non-Compliant,Compliant
SPLR-092,Vietnam,2024-08-19,0.88,0.65,2.28,A,68,False,False,44,Non-Compliant,Compliant,Compliant
SPLR-035,United States,2024-08-23,2.12,0.66,3.28,AA,21,False,False,92,Compliant,Compliant,In Review
SPLR-029,Mexico,2025-05-19,0.91,1.15,3.63,AAA,59,False,False,46,Compliant,In Review,Compliant
SPLR-071,Malaysia,2024-12-25,1.44,1.02,2.85,A,59,False,False,94,Non-Compliant,In Review,Compliant
SPLR-042,United States,2025-05-02,1.22,0.32,2.91,BBB,55,False,False,33,In Review,Compliant,In Review
SPLR-023,Korea,2024-12-24,2.32,1.84,2.45,B,45,False,False,82,Non-Compliant,Non-Compliant,Compliant
SPLR-005,China,2024-06-27,1.31,0.9,2.42,A,59,False,False,37,Non-Compliant,Non-Compliant,Non-Compliant
SPLR-070,India,2024-12-03,0.89,1.02,2.23,B,67,False,False,18,Non-Compliant,Compliant,Compliant
SPLR-021,India,2024-06-10,1.67,1.42,1.01,BBB,68,False,True,74,Non-Compliant,Non-Compliant,In Review
SPLR-097,Mexico,2025-04-07,0.9,1.84,3.42,AA,47,False,False,48,Non-Compliant,In Review,Non-Compliant
SPLR-052,Vietnam,2024-11-06,1.78,1.04,3.54,AA,50,False,False,53,Compliant,Compliant,Non-Compliant
SPLR-031,India,2025-01-08,0.79,0.94,2.1,BB,57,False,False,74,In Review,In Review,Compliant
SPLR-084,Taiwan,2024-06-04,2.05,1.3,1.91,BBB,31,False,False,74,Non-Compliant,Compliant,Non-Compliant
SPLR-065,United States,2025-01-29,1.57,2.16,3.39,BBB,31,False,False,43,Non-Compliant,In Review,Compliant
SPLR-018,India,2024-09-22,1.57,0.92,3.71,AA,74,False,False,34,Non-Compliant,In Review,In Review
SPLR-097,Mexico,2024-08-24,0.83,0.08,3.51,BB,43,False,False,6,Compliant,In Review,Non-Compliant
SPLR-091,Taiwan,2024-08-01,1.69,2.25,2.99,AAA,43,False,False,51,In Review,In Review,Compliant
SPLR-069,Malaysia,2024-07-27,1.45,1.46,2.71,AA,52,False,False,56,In Review,Compliant,In Review
SPLR-063,Vietnam,2024-09-30,1.17,1.5,2.83,B,52,False,False,60,Compliant,In Review,Non-Compliant
SPLR-073,China,2025-05-20,1.05,1.01,2.99,BBB,80,False,False,59,Compliant,Non-Compliant,Non-Compliant
SPLR-096,Mexico,2025-04-16,1.49,1.41,4.39,BBB,60,True,False,50,Compliant,In Review,Compliant
SPLR-061,China,2024-10-18,0.84,0.47,2.69,A,63,False,False,46,In Review,In Review,In Review
SPLR-048,Korea,2024-08-18,1.53,1.26,2.93,A,44,False,False,51,Compliant,In Review,In Review
SPLR-018,Taiwan,2025-05-20,0.51,0.53,2.86,AA,22,False,False,61,Compliant,In Review,Compliant
SPLR-097,China,2025-01-24,2.27,1.61,2.79,CCC,84,False,False,52,Non-Compliant,In Review,Non-Compliant
SPLR-032,India,2024-06-17,1.33,0.69,2.7,A,61,False,False,53,In Review,Compliant,Compliant
SPLR-054,China,2024-05-26,1.58,1.0,3.44,AA,81,False,False,68,Non-Compliant,In Review,In Review
SPLR-007,Mexico,2024-09-06,0.76,0.0,3.93,BB,41,False,False,45,Compliant,Compliant,Compliant
SPLR-038,Mexico,2025-01-20,0.91,0.1,3.54,BB,62,False,False,38,In Review,In Review,Non-Compliant
SPLR-039,Malaysia,2024-07-23,0.2,0.73,3.39,CCC,35,False,False,53,Non-Compliant,Compliant,In Review
SPLR-095,Malaysia,2024-11-07,1.49,1.29,3.12,BBB,40,False,False,73,Non-Compliant,In Review,In Review
SPLR-068,Taiwan,2025-01-18,1.42,0.99,2.07,BBB,30,False,False,32,Compliant,In Review,Non-Compliant
SPLR-029,United States,2024-10-20,1.41,1.86,1.63,B,13,False,False,79,Compliant,In Review,Non-Compliant
SPLR-072,Malaysia,2025-04-04,1.4,0.67,4.04,A,43,False,False,86,Compliant,Non-Compliant,Non-Compliant
SPLR-069,Mexico,2024-07-25,1.84,0.76,5.16,AAA,48,False,False,64,Compliant,Compliant,Compliant
SPLR-093,Mexico,2025-03-22,1.65,1.65,4.56,BBB,55,False,False,34,Compliant,Compliant,Compliant
SPLR-096,India,2024-12-08,1.73,0.66,5.01,B,66,False,False,42,Non-Compliant,Compliant,In Review
SPLR-100,United States,2024-09-09,1.59,0.33,2.03,A,42,False,False,36,Non-Compliant,Non-Compliant,In Review
SPLR-060,Vietnam,2024-12-12,0.98,1.27,4.19,BB,67,False,False,69,Non-Compliant,Compliant,Non-Compliant
SPLR-053,China,2024-07-29,1.12,0.29,4.5,BBB,66,False,False,44,Non-Compliant,In Review,In Review
SPLR-093,Korea,2024-08-13,2.16,1.28,3.46,A,61,False,False,37,In Review,Compliant,Non-Compliant
SPLR-084,Taiwan,2024-09-28,1.96,1.03,3.27,A,50,False,False,60,In Review,In Review,Non-Compliant
SPLR-022,Taiwan,2024-08-26,1.77,1.54,2.64,AA,26,False,False,29,In Review,In Review,Compliant
SPLR-005,Vietnam,2025-01-23,0.52,2.03,1.9,B,57,False,False,44,Non-Compliant,Compliant,In Review
SPLR-009,Malaysia,2024-07-10,1.65,1.41,3.86,AAA,44,False,False,46,In Review,In Review,In Review
SPLR-062,India,2025-01-01,1.64,0.88,4.61,AAA,69,False,False,64,Compliant,In Review,In Review
SPLR-069,United States,2024-08-26,1.83,1.59,3.18,AAA,17,False,False,57,Compliant,Compliant,Compliant
SPLR-020,Mexico,2024-11-11,1.17,0.74,3.59,AA,67,False,False,50,Non-Compliant,Non-Compliant,Compliant
SPLR-052,India,2024-06-23,1.65,1.85,3.24,BBB,91,False,False,61,In Review,Compliant,In Review
SPLR-098,China,2024-05-27,0.62,1.38,3.38,AAA,82,False,False,63,Compliant,In Review,Compliant
SPLR-022,Vietnam,2025-04-30,1.43,0.39,2.79,BBB,51,False,False,38,In Review,Compliant,In Review
SPLR-030,Mexico,2024-06-05,1.79,1.83,3.39,B,43,False,False,58,Non-Compliant,Compliant,Compliant
SPLR-036,China,2024-05-22,2.1,0.7,2.87,AA,70,False,True,34,Compliant,In Review,Compliant
SPLR-051,Vietnam,2024-12-03,1.82,0.94,3.42,A,51,False,False,41,Non-Compliant,In Review,In Review
SPLR-050,Malaysia,2025-04-01,1.86,0.81,4.73,BB,46,False,False,54,In Review,Non-Compliant,Compliant
SPLR-056,Mexico,2025-05-06,1.97,0.29,1.24,BB,39,False,False,75,In Review,Non-Compliant,Non-Compliant
SPLR-082,United States,2025-02-15,1.22,2.28,2.44,BB,31,False,False,80,In Review,Non-Compliant,Non-Compliant
SPLR-088,Korea,2025-01-04,2.5,2.03,4.21,AAA,50,False,False,61,In Review,Compliant,Compliant
SPLR-020,Korea,2025-04-05,1.89,0.72,2.18,BB,39,False,False,46,Non-Compliant,Non-Compliant,Compliant
SPLR-001,United States,2024-10-04,1.27,1.35,3.96,A,30,False,False,79,Compliant,Compliant,Non-Compliant
SPLR-072,Korea,2024-11-05,0.93,0.9,2.28,AA,21,False,False,48,In Review,In Review,Non-Compliant
SPLR-002,United States,2024-08-28,1.44,1.76,3.63,A,19,False,False,87,In Review,Compliant,In Review
SPLR-022,Korea,2024-10-11,2.11,1.29,2.77,AA,30,False,False,42,Compliant,Compliant,Compliant
SPLR-036,Korea,2024-09-10,2.04,1.94,4.54,A,35,False,False,27,Compliant,In Review,In Review
SPLR-077,Mexico,2024-11-08,1.57,0.12,3.32,BBB,53,False,True,40,Non-Compliant,Non-Compliant,In Review
SPLR-043,India,2024-12-08,0.7,1.26,2.47,A,53,False,False,0,In Review,Compliant,Non-Compliant
SPLR-078,Mexico,2024-05-31,1.49,1.89,4.66,BBB,50,False,False,37,Non-Compliant,Non-Compliant,In Review
SPLR-082,India,2025-03-24,1.73,0.5,3.3,CCC,72,False,False,74,Non-Compliant,Non-Compliant,Non-Compliant
SPLR-073,Mexico,2024-09-27,1.45,0.9,2.12,BBB,46,False,False,45,In Review,Compliant,In Review
SPLR-091,Mexico,2025-03-11,1.68,1.46,2.2,A,69,False,False,44,Non-Compliant,In Review,Non-Compliant
SPLR-082,United States,2024-07-19,1.49,0.63,0.58,AA,38,False,False,64,Non-Compliant,Compliant,Non-Compliant
SPLR-062,Korea,2024-11-18,1.36,1.03,3.52,BBB,24,False,False,39,Non-Compliant,In Review,Compliant
SPLR-090,Vietnam,2025-04-29,1.9,0.37,3.29,AA,46,False,False,59,Compliant,In Review,In Review
SPLR-073,Korea,2025-01-09,1.48,0.19,4.16,CCC,32,False,False,33,Compliant,Compliant,Compliant
SPLR-029,Mexico,2025-03-05,1.6,1.57,1.98,A,55,False,False,58,In Review,In Review,In Review
SPLR-045,China,2025-03-10,1.85,1.09,2.63,BBB,61,False,False,51,Compliant,Compliant,In Review
SPLR-045,United States,2024-10-09,0.96,0.0,3.44,A,39,False,False,2,Non-Compliant,Non-Compliant,Compliant
SPLR-093,India,2024-06-24,1.0,1.31,5.06,A,65,False,False,35,Compliant,Compliant,Non-Compliant
SPLR-014,Malaysia,2024-08-08,1.41,1.69,2.35,B,42,False,False,40,In Review,Compliant,Non-Compliant
SPLR-055,India,2024-10-31,1.02,1.06,4.62,AA,68,False,False,44,In Review,In Review,Non-Compliant
SPLR-004,Mexico,2024-05-26,1.35,0.22,3.88,A,54,False,True,46,Compliant,Compliant,Non-Compliant
SPLR-009,Vietnam,2025-01-07,3.1,1.15,2.25,BB,55,False,False,72,Compliant,Non-Compliant,Compliant
SPLR-086,India,2025-03-24,1.56,0.28,3.92,BBB,58,False,False,87,In Review,Non-Compliant,In Review
SPLR-045,Taiwan,2024-07-23,2.04,0.78,4.28,BB,35,False,False,67,In Review,Non-Compliant,In Review
SPLR-011,Malaysia,2024-09-02,1.74,0.58,2.36,A,60,False,False,43,Non-Compliant,In Review,Compliant
SPLR-050,Korea,2024-05-31,1.3,0.52,3.42,BBB,60,False,False,28,Non-Compliant,In Review,In Review
SPLR-083,Malaysia,2025-04-24,1.51,1.71,2.92,BBB,54,False,False,28,Non-Compliant,Non-Compliant,In Review
SPLR-046,China,2024-09-10,1.71,0.91,3.99,BBB,81,False,False,100,In Review,In Review,In Review
SPLR-053,India,2025-01-29,1.79,1.16,3.19,A,61,False,False,56,Compliant,In Review,Compliant
SPLR-038,China,2024-09-10,1.35,1.08,4.32,A,59,False,False,72,Non-Compliant,In Review,In Review
SPLR-071,Vietnam,2024-10-08,2.16,0.94,0.88,BBB,53,False,False,75,Non-Compliant,In Review,Compliant
SPLR-070,Mexico,2024-10-03,1.49,0.5,2.5,CCC,63,False,False,60,Compliant,Non-Compliant,Compliant
SPLR-034,Taiwan,2024-07-24,1.38,0.82,2.61,B,25,False,False,82,Compliant,Compliant,Compliant
SPLR-089,Taiwan,2025-02-05,1.34,1.61,4.52,B,44,False,False,41,In Review,Compliant,Compliant
SPLR-008,Taiwan,2024-08-01,1.7,0.99,2.1,BBB,38,False,False,26,In Review,Non-Compliant,Non-Compliant
SPLR-035,Vietnam,2025-03-18,2.09,0.77,3.2,AA,62,False,False,44,Compliant,Non-Compliant,In Review
SPLR-090,Malaysia,2025-03-10,1.79,0.76,3.87,AA,36,False,False,52,In Review,Non-Compliant,Non-Compliant
SPLR-074,United States,2024-12-30,2.47,0.5,2.32,BBB,35,False,False,53,Compliant,Non-Compliant,In Review
SPLR-089,Taiwan,2024-09-29,1.68,1.24,3.63,BBB,46,False,False,58,In Review,Compliant,In Review
SPLR-082,Taiwan,2025-01-04,1.38,1.34,4.9,B,33,False,False,30,Non-Compliant,Compliant,Non-Compliant
SPLR-042,United States,2025-04-27,2.05,0.94,0.83,A,38,False,False,39,Non-Compliant,Non-Compliant,In Review
SPLR-006,Vietnam,2025-05-21,1.45,1.17,3.19,BBB,67,False,True,41,Compliant,Non-Compliant,Non-Compliant
SPLR-055,Mexico,2025-04-04,1.76,0.87,3.74,CCC,61,False,False,31,Non-Compliant,Compliant,Non-Compliant
SPLR-084,Taiwan,2024-07-05,2.04,0.73,3.81,A,38,False,False,86,Compliant,Compliant,Non-Compliant
SPLR-040,Mexico,2025-03-15,1.39,0.83,2.98,A,51,False,False,65,Compliant,Non-Compliant,Compliant
SPLR-076,Mexico,2024-05-31,0.69,0.47,1.93,BBB,64,False,True,84,Non-Compliant,Compliant,Non-Compliant
SPLR-017,India,2024-11-14,1.45,0.92,3.07,AAA,76,False,False,31,Compliant,Compliant,Non-Compliant
SPLR-039,Malaysia,2025-04-16,1.62,1.49,3.5,A,51,False,False,70,In Review,In Review,Compliant
SPLR-068,China,2025-03-05,0.15,1.34,2.35,BBB,51,False,False,60,Compliant,In Review,In Review
SPLR-053,India,2024-11-06,2.19,0.93,3.95,B,81,False,False,76,Compliant,In Review,In Review
SPLR-045,Korea,2024-07-18,2.32,1.37,3.08,A,23,False,False,45,Compliant,Compliant,In Review
SPLR-077,United States,2024-08-29,1.08,2.09,2.82,BB,31,False,False,61,In Review,Non-Compliant,Compliant
SPLR-078,Mexico,2025-03-25,1.52,1.85,2.38,BB,56,False,False,35,Compliant,Non-Compliant,Non-Compliant
SPLR-031,India,2025-03-15,0.84,0.69,2.96,BBB,60,False,False,36,Compliant,Non-Compliant,Non-Compliant
SPLR-050,Korea,2025-04-17,0.8,0.96,1.5,A,47,False,False,51,Compliant,Compliant,In Review
SPLR-002,United States,2024-07-04,0.77,0.85,2.25,AA,33,False,False,76,Non-Compliant,In Review,Non-Compliant
SPLR-092,Korea,2024-12-30,0.56,1.06,2.84,A,46,False,False,54,In Review,In Review,Compliant
SPLR-011,United States,2024-11-02,1.12,0.84,2.2,AAA,40,False,False,50,Compliant,In Review,Non-Compliant
SPLR-076,Vietnam,2025-04-07,2.45,0.97,2.29,A,44,False,False,13,Compliant,Compliant,Compliant
SPLR-056,Vietnam,2025-02-21,0.71,1.13,3.51,BBB,44,False,False,67,In Review,In Review,In Review
SPLR-016,China,2025-01-09,1.26,1.07,4.61,BB,78,False,False,44,Non-Compliant,In Review,In Review
SPLR-022,Taiwan,2024-10-14,1.05,0.0,2.28,AA,32,False,False,30,Compliant,Compliant,Non-Compliant
SPLR-035,Vietnam,2024-11-18,1.43,1.04,2.78,A,53,False,False,53,Non-Compliant,Non-Compliant,In Review
SPLR-008,India,2025-03-23,1.72,0.45,4.41,B,64,False,False,50,Compliant,In Review,In Review
SPLR-030,China,2025-03-06,1.85,1.12,3.95,AAA,72,False,False,37,Non-Compliant,Non-Compliant,Non-Compliant
SPLR-023,China,2025-01-14,1.68,0.43,3.11,BBB,69,False,False,45,Non-Compliant,Compliant,Non-Compliant
SPLR-054,Taiwan,2025-02-19,1.44,0.06,2.45,A,35,False,False,53,In Review,In Review,Compliant
SPLR-029,China,2025-04-07,0.99,1.63,2.13,CCC,79,False,False,58,Non-Compliant,Non-Compliant,Non-Compliant
SPLR-071,India,2025-01-17,1.18,1.89,1.81,AAA,74,False,False,70,Non-Compliant,In Review,In Review
SPLR-060,Taiwan,2025-01-16,1.16,1.7,2.75,BBB,37,False,False,55,Compliant,In Review,In Review
SPLR-020,China,2024-12-01,1.43,1.41,3.79,B,52,True,False,76,In Review,In Review,Compliant
SPLR-001,Korea,2024-09-12,0.67,1.52,4.13,BB,29,False,False,41,In Review,Compliant,Non-Compliant
SPLR-008,Malaysia,2024-11-12,0.95,0.89,2.69,BB,57,False,False,76,In Review,Non-Compliant,In Review
SPLR-059,Vietnam,2024-08-04,2.2,0.72,2.79,BBB,43,False,False,33,Non-Compliant,Compliant,In Review
SPLR-008,Korea,2024-12-05,1.98,1.81,1.77,BBB,34,False,False,49,Non-Compliant,Non-Compliant,In Review
SPLR-041,India,2025-03-28,1.64,0.6,3.42,A,60,False,False,49,In Review,Compliant,Compliant
SPLR-022,India,2024-09-26,1.77,1.0,2.56,BBB,63,False,False,48,Compliant,Non-Compliant,Non-Compliant
SPLR-034,Vietnam,2025-05-01,1.31,0.87,4.6,AAA,65,False,False,44,In Review,In Review,In Review
SPLR-028,Taiwan,2024-06-09,1.85,0.83,4.17,AA,38,False,False,47,Non-Compliant,In Review,Compliant
SPLR-039,United States,2024-08-13,1.72,0.21,1.87,BB,18,False,False,52,Non-Compliant,In Review,In Review
SPLR-032,Vietnam,2025-03-16,2.37,2.12,3.64,BBB,65,False,False,13,Compliant,Compliant,Compliant
SPLR-026,Korea,2025-04-13,1.23,0.61,2.38,A,38,False,False,40,In Review,In Review,Non-Compliant
SPLR-003,Vietnam,2025-04-30,0.51,1.37,1.93,AA,62,False,False,91,Compliant,Non-Compliant,Compliant
SPLR-060,China,2024-11-07,1.04,0.0,2.71,AA,81,False,False,89,Non-Compliant,Non-Compliant,Compliant
SPLR-088,Korea,2025-05-04,0.89,1.25,2.53,AA,38,False,False,100,Non-Compliant,Non-Compliant,Compliant
SPLR-079,Mexico,2024-12-29,0.75,1.13,3.47,BBB,65,False,False,51,Non-Compliant,Compliant,Compliant
SPLR-050,Malaysia,2025-05-12,1.65,0.8,3.27,A,46,False,False,62,Compliant,In Review,In Review
SPLR-049,Taiwan,2024-11-04,1.32,1.19,2.97,BBB,46,False,False,48,In Review,In Review,Non-Compliant
SPLR-035,Malaysia,2024-08-23,0.61,1.63,2.09,AAA,43,False,False,38,Non-Compliant,Compliant,Non-Compliant
SPLR-046,Mexico,2025-04-23,2.19,0.0,6.14,CCC,65,False,False,54,Non-Compliant,In Review,In Review
SPLR-098,Mexico,2024-07-22,1.47,1.14,3.52,BBB,61,False,False,61,Compliant,Compliant,Compliant
SPLR-041,Taiwan,2024-08-06,1.54,0.9,2.85,B,33,True,False,72,In Review,In Review,Compliant
SPLR-025,India,2025-01-29,1.8,0.0,3.66,BBB,66,False,False,49,Compliant,Compliant,In Review
SPLR-003,India,2025-02-20,1.31,1.56,3.95,AAA,57,False,False,58,Compliant,Non-Compliant,In Review
SPLR-042,China,2025-04-14,1.01,0.31,2.37,AAA,78,False,False,69,Compliant,In Review,Non-Compliant
SPLR-048,Korea,2024-06-28,1.76,1.36,3.52,BBB,33,False,False,58,Compliant,In Review,Non-Compliant
SPLR-063,Taiwan,2024-06-15,1.9,1.38,4.19,AA,42,False,False,57,In Review,Non-Compliant,Compliant
SPLR-076,Malaysia,2024-05-27,2.04,0.99,2.12,A,48,False,False,35,Compliant,In Review,Compliant
SPLR-074,Korea,2024-07-12,1.16,0.93,2.21,B,36,False,False,12,Compliant,In Review,Non-Compliant
SPLR-029,Vietnam,2025-02-25,1.61,1.0,2.18,B,66,False,False,68,Compliant,Non-Compliant,Non-Compliant
SPLR-082,Vietnam,2025-01-06,0.7,0.62,2.23,BB,50,False,False,66,Non-Compliant,Non-Compliant,Compliant
SPLR-027,Mexico,2024-11-05,1.4,0.87,1.0,BBB,61,False,False,25,In Review,Compliant,Compliant
SPLR-057,Korea,2024-11-10,1.53,1.14,4.36,CCC,26,False,False,0,Non-Compliant,Non-Compliant,In Review
SPLR-013,India,2025-04-14,1.59,1.9,4.24,BB,67,False,False,40,Compliant,Compliant,Non-Compliant
SPLR-005,United States,2025-02-28,1.9,0.51,3.48,AAA,35,False,False,71,Non-Compliant,Compliant,Non-Compliant
SPLR-094,Vietnam,2024-05-26,2.88,1.2,2.49,BBB,59,False,False,14,In Review,In Review,Non-Compliant
SPLR-004,Korea,2024-12-03,1.15,0.8,2.48,B,41,False,False,33,Compliant,Compliant,Compliant
SPLR-027,Mexico,2024-12-28,2.06,1.0,2.99,A,51,False,False,53,In Review,Non-Compliant,In Review
SPLR-039,Mexico,2024-11-18,1.91,0.57,2.34,AAA,51,False,False,23,Non-Compliant,Compliant,Compliant
SPLR-001,Korea,2025-05-08,1.09,0.76,3.87,AAA,42,False,False,53,Non-Compliant,Compliant,Compliant
SPLR-027,Malaysia,2024-09-22,1.93,0.93,3.39,BBB,48,False,False,55,Compliant,Non-Compliant,Non-Compliant
SPLR-063,United States,2024-10-05,1.21,0.0,2.87,AAA,44,False,False,68,Non-Compliant,Non-Compliant,Compliant
SPLR-006,United States,2024-05-30,1.98,1.62,3.09,A,31,False,False,37,In Review,Compliant,Compliant
SPLR-086,Vietnam,2025-04-20,1.34,1.31,4.2,AAA,58,False,False,40,In Review,Compliant,In Review
SPLR-050,Korea,2024-12-19,1.5,1.3,1.56,CCC,17,False,False,38,In Review,Compliant,Non-Compliant
SPLR-011,Korea,2024-07-08,0.89,0.75,2.85,B,35,False,False,79,In Review,In Review,In Review
SPLR-019,Vietnam,2025-03-18,1.66,1.15,3.62,B,48,False,False,70,Compliant,Compliant,Compliant
SPLR-006,Korea,2025-01-09,1.46,1.34,1.93,AAA,24,False,False,66,In Review,Compliant,In Review
SPLR-041,Vietnam,2025-05-15,1.69,0.55,2.13,AAA,71,False,False,26,Non-Compliant,In Review,Non-Compliant
SPLR-090,Korea,2024-08-06,2.32,0.55,3.64,AA,36,False,False,62,In Review,Compliant,Compliant
SPLR-100,Vietnam,2024-06-20,1.23,0.92,3.04,BB,49,False,False,64,Non-Compliant,Non-Compliant,Non-Compliant
SPLR-063,India,2024-10-28,1.24,0.89,2.01,AAA,39,False,False,46,In Review,In Review,In Review
SPLR-005,Korea,2024-11-12,2.71,1.39,2.98,B,37,False,False,50,In Review,Non-Compliant,Non-Compliant
SPLR-003,Taiwan,2025-04-01,1.77,0.41,4.11,BB,42,False,False,64,Non-Compliant,In Review,In Review
SPLR-030,Malaysia,2024-10-20,1.72,1.01,3.67,A,55,False,False,42,Non-Compliant,Non-Compliant,In Review
SPLR-078,Vietnam,2024-11-11,1.21,1.05,4.55,AA,47,False,False,20,In Review,Non-Compliant,In Review
SPLR-008,Malaysia,2025-02-22,1.58,1.03,3.17,AAA,52,False,False,45,In Review,In Review,Compliant
SPLR-025,Mexico,2025-01-01,2.24,0.2,2.17,BB,53,False,False,17,Non-Compliant,In Review,Compliant
SPLR-048,India,2024-09-13,1.41,1.83,3.02,BBB,67,False,False,24,Compliant,Compliant,Non-Compliant
SPLR-077,India,2025-01-09,1.19,0.81,2.68,AA,77,False,False,61,Non-Compliant,Non-Compliant,Compliant
SPLR-096,Vietnam,2024-06-24,0.94,1.12,3.5,A,71,False,False,81,In Review,Compliant,Compliant
SPLR-029,Mexico,2025-03-15,0.99,0.59,1.74,A,52,False,False,59,In Review,Compliant,Non-Compliant
SPLR-083,Malaysia,2024-06-26,1.99,0.96,2.68,BBB,51,True,False,33,Non-Compliant,In Review,In Review
SPLR-036,Korea,2024-06-09,2.54,0.2,3.18,B,60,False,False,50,Compliant,Non-Compliant,Non-Compliant
SPLR-067,Korea,2024-07-21,1.4,0.82,2.82,BBB,53,True,False,5,Non-Compliant,In Review,In Review
SPLR-078,United States,2024-12-31,2.27,0.29,2.73,A,25,False,False,61,Non-Compliant,In Review,Non-Compliant
SPLR-034,United States,2024-06-17,0.7,1.23,5.02,AA,16,False,False,53,Compliant,In Review,Non-Compliant
SPLR-041,Malaysia,2024-11-04,1.17,1.21,3.02,BB,43,False,False,59,Non-Compliant,Non-Compliant,Non-Compliant
SPLR-095,China,2025-01-28,2.4,0.9,3.72,BBB,57,False,False,30,Non-Compliant,In Review,In Review
SPLR-088,India,2025-02-18,1.74,1.74,3.36,B,61,False,False,49,Compliant,In Review,In Review
SPLR-038,Vietnam,2024-12-01,0.87,1.3,3.88,BBB,55,False,False,40,In Review,Compliant,In Review
SPLR-084,Vietnam,2025-01-08,1.63,0.78,2.93,AA,80,False,False,45,Non-Compliant,Non-Compliant,Non-Compliant
SPLR-075,United States,2024-07-08,1.32,0.68,3.74,BBB,28,False,False,37,In Review,In Review,In Review
SPLR-010,India,2024-10-22,2.16,1.71,2.4,B,46,False,False,70,Non-Compliant,In Review,Non-Compliant
SPLR-007,Malaysia,2024-12-11,1.16,1.4,1.03,AA,58,False,False,25,In Review,Non-Compliant,Compliant
SPLR-092,Malaysia,2025-04-22,1.87,1.01,2.05,BB,45,False,False,63,Compliant,Non-Compliant,In Review
SPLR-001,India,2025-03-16,1.55,1.29,4.98,A,49,False,False,82,Compliant,Non-Compliant,Compliant
SPLR-079,Korea,2024-08-21,1.55,0.55,1.67,BBB,38,False,False,68,Non-Compliant,Compliant,Compliant
SPLR-026,Taiwan,2024-06-09,1.44,1.76,1.55,CCC,34,False,False,24,In Review,Compliant,Compliant
SPLR-001,Mexico,2024-07-24,1.68,1.44,2.58,AA,28,False,False,53,Compliant,Non-Compliant,In Review
SPLR-040,Malaysia,2024-07-20,1.72,1.2,4.24,AAA,39,True,False,63,Non-Compliant,In Review,In Review
SPLR-068,Taiwan,2025-02-26,2.1,0.11,3.32,A,29,False,False,48,Non-Compliant,Non-Compliant,Compliant
SPLR-052,China,2024-09-05,1.67,0.76,2.32,AA,70,False,False,28,In Review,Compliant,In Review
SPLR-022,Vietnam,2024-07-06,0.96,1.34,1.85,A,66,False,False,59,In Review,Non-Compliant,In Review
SPLR-007,China,2024-10-06,0.64,0.66,4.19,BBB,60,False,True,40,In Review,Compliant,Non-Compliant
SPLR-049,Vietnam,2025-05-17,1.73,1.39,2.75,BBB,54,False,False,78,In Review,In Review,In Review
SPLR-039,Korea,2024-10-19,2.37,1.49,3.09,BBB,31,False,False,33,In Review,In Review,Compliant
SPLR-014,Vietnam,2024-08-27,1.76,1.21,4.4,A,66,False,False,19,In Review,Compliant,Non-Compliant
SPLR-026,Taiwan,2024-09-17,2.03,0.5,2.62,BB,37,False,False,89,Non-Compliant,Compliant,In Review
SPLR-043,Mexico,2025-03-06,3.05,1.3,2.82,AAA,60,False,False,67,In Review,In Review,Non-Compliant
SPLR-012,Vietnam,2025-01-06,1.34,1.9,3.23,BB,64,False,False,63,Compliant,Non-Compliant,Non-Compliant
SPLR-060,China,2024-12-12,1.71,1.42,2.38,AAA,64,False,False,27,Non-Compliant,Non-Compliant,In Review
SPLR-055,Vietnam,2025-02-23,1.72,1.39,3.46,AAA,76,False,False,49,Compliant,In Review,In Review
SPLR-043,Taiwan,2024-11-27,1.83,0.45,2.61,B,41,False,False,66,In Review,Compliant,Non-Compliant
SPLR-024,Vietnam,2024-10-18,1.35,0.96,1.48,A,56,False,False,67,Non-Compliant,In Review,Non-Compliant
SPLR-084,Malaysia,2024-07-23,1.79,1.25,3.05,AA,50,False,False,36,Compliant,Compliant,Non-Compliant
SPLR-062,India,2025-03-16,1.85,1.21,3.49,AA,59,False,False,6,Compliant,In Review,In Review
SPLR-062,India,2025-05-15,2.05,0.76,2.14,AA,71,False,False,42,Non-Compliant,In Review,Non-Compliant
SPLR-091,Mexico,2024-07-09,2.03,1.31,3.68,CCC,41,False,False,74,In Review,In Review,In Review
SPLR-013,Korea,2025-03-06,1.63,0.82,3.14,BBB,22,False,False,58,In Review,In Review,Non-Compliant
SPLR-072,China,2025-04-13,0.99,0.32,1.48,AAA,81,False,False,37,Non-Compliant,Non-Compliant,Compliant
SPLR-097,India,2024-06-26,2.27,0.73,1.29,A,53,False,False,74,In Review,Compliant,In Review
SPLR-049,Korea,2024-09-08,1.42,0.73,3.16,BB,45,False,False,72,In Review,Non-Compliant,Compliant
SPLR-058,Taiwan,2025-05-03,2.22,0.82,1.67,AA,30,False,False,55,Compliant,Non-Compliant,Non-Compliant
SPLR-072,China,2024-08-07,1.02,0.52,3.34,BB,69,False,False,50,In Review,Non-Compliant,In Review
SPLR-027,India,2024-08-08,1.12,0.88,2.08,CCC,73,False,False,70,Compliant,Non-Compliant,Non-Compliant
SPLR-099,India,2025-05-20,0.58,0.54,1.5,BB,58,False,False,48,Compliant,In Review,Compliant
SPLR-044,Taiwan,2025-03-28,0.78,0.54,2.0,BB,37,False,False,51,In Review,Non-Compliant,In Review
SPLR-006,Malaysia,2024-07-13,1.14,1.09,2.45,BBB,47,False,False,83,Non-Compliant,Compliant,Non-Compliant
SPLR-026,Mexico,2025-03-27,2.17,0.35,3.83,AA,63,False,False,27,Compliant,In Review,Non-Compliant
SPLR-097,Korea,2024-06-18,1.91,1.77,1.88,AAA,30,False,False,70,Compliant,Non-Compliant,Non-Compliant
SPLR-076,Malaysia,2024-09-16,1.64,1.28,3.34,CCC,53,True,False,23,In Review,Non-Compliant,In Review
SPLR-066,Malaysia,2024-07-18,2.02,1.58,2.77,BBB,49,False,False,19,Compliant,Non-Compliant,In Review
SPLR-078,Taiwan,2024-10-30,1.76,1.29,2.94,BBB,46,False,False,43,In Review,Compliant,Non-Compliant
SPLR-044,United States,2024-12-19,1.78,0.49,2.98,BBB,28,False,False,54,In Review,In Review,In Review
SPLR-090,Taiwan,2024-05-21,1.32,0.93,3.83,BB,30,False,False,17,Compliant,Compliant,In Review
SPLR-038,Taiwan,2024-05-31,2.37,1.69,1.71,B,41,False,False,39,Compliant,In Review,In Review
SPLR-082,Taiwan,2024-05-23,1.63,1.15,2.77,BB,27,False,False,36,In Review,In Review,In Review
SPLR-054,United States,2025-03-08,1.04,0.58,2.93,B,22,False,True,63,Compliant,Compliant,Non-Compliant
SPLR-007,China,2025-03-08,2.24,0.71,3.24,AA,74,False,False,59,Non-Compliant,In Review,Non-Compliant
SPLR-008,United States,2024-06-10,1.54,1.37,3.48,AA,17,False,False,67,Non-Compliant,Compliant,In Review
SPLR-095,Mexico,2024-06-15,1.94,0.62,3.04,BB,61,False,False,45,In Review,Non-Compliant,In Review
SPLR-007,Korea,2025-05-15,2.04,2.18,2.21,A,26,False,False,56,Non-Compliant,In Review,Compliant
SPLR-096,United States,2024-05-26,1.86,0.88,4.45,AA,16,False,False,63,Non-Compliant,Compliant,In Review
SPLR-091,Taiwan,2024-10-04,1.2,1.86,4.99,BB,27,False,False,39,In Review,Compliant,Non-Compliant
SPLR-023,Vietnam,2024-12-30,1.93,0.81,2.95,AA,60,False,False,11,Non-Compliant,Compliant,Non-Compliant
SPLR-072,United States,2025-03-03,1.49,0.66,2.51,AA,44,False,False,24,Non-Compliant,Non-Compliant,In Review
SPLR-006,Malaysia,2024-12-18,1.91,0.86,2.72,B,57,False,False,56,In Review,In Review,In Review
SPLR-063,Taiwan,2024-09-05,1.79,1.48,2.67,AAA,28,False,False,28,Compliant,In Review,Compliant
SPLR-021,Korea,2024-12-03,1.09,2.47,4.24,BBB,26,False,False,23,Compliant,In Review,Non-Compliant
SPLR-047,United States,2025-03-24,1.74,1.27,3.55,AA,27,False,False,47,In Review,In Review,Compliant
SPLR-086,Taiwan,2024-06-06,1.66,1.04,0.78,A,32,False,False,32,In Review,Compliant,Compliant
SPLR-042,Korea,2025-05-09,1.59,2.49,3.37,B,36,False,False,68,In Review,In Review,Non-Compliant
SPLR-067,Taiwan,2024-12-08,1.74,1.21,3.61,BBB,55,False,False,27,Non-Compliant,In Review,Compliant
SPLR-066,Vietnam,2024-07-05,1.74,0.54,3.56,B,50,False,False,41,In Review,In Review,Compliant
SPLR-009,Mexico,2024-08-19,1.35,1.49,3.92,BBB,42,False,False,51,Non-Compliant,Compliant,Compliant
SPLR-090,Korea,2024-12-03,1.15,0.37,2.78,BBB,36,False,False,98,Compliant,Compliant,Non-Compliant
SPLR-005,Vietnam,2025-01-09,1.72,0.31,2.44,AAA,70,False,False,91,Compliant,In Review,Compliant
SPLR-053,Korea,2024-08-21,0.71,0.06,4.87,BBB,43,False,False,32,Non-Compliant,In Review,Compliant
SPLR-001,Vietnam,2025-03-28,1.77,0.0,3.0,BB,63,False,False,68,Compliant,Non-Compliant,In Review
SPLR-038,United States,2025-05-06,0.99,1.04,2.07,BBB,32,False,False,32,Non-Compliant,Non-Compliant,In Review
SPLR-061,Malaysia,2025-03-09,1.3,0.5,3.65,BBB,58,False,False,45,In Review,Non-Compliant,In Review
SPLR-039,Taiwan,2025-05-19,1.52,0.28,2.7,CCC,34,True,False,100,Compliant,Compliant,Compliant
SPLR-074,Korea,2024-11-26,0.94,1.73,4.0,BBB,42,False,False,85,In Review,In Review,In Review
SPLR-028,Korea,2025-01-12,1.69,1.19,2.95,B,52,False,False,71,Compliant,Compliant,In Review
SPLR-025,Vietnam,2024-08-13,1.19,0.34,2.8,AA,51,False,False,48,In Review,Non-Compliant,In Review
SPLR-010,United States,2024-11-20,2.12,0.77,2.96,BBB,30,False,False,66,In Review,Non-Compliant,Non-Compliant
SPLR-017,Mexico,2024-12-04,0.38,0.7,3.21,AA,67,False,False,40,Non-Compliant,Non-Compliant,Non-Compliant
SPLR-079,United States,2025-05-19,0.56,1.31,2.36,BBB,18,False,False,37,Non-Compliant,Non-Compliant,Compliant
SPLR-041,Mexico,2024-06-08,1.41,0.7,0.79,BB,63,False,False,75,Non-Compliant,Non-Compliant,Compliant
SPLR-094,Taiwan,2025-03-27,1.83,0.43,2.8,B,34,False,False,61,Non-Compliant,Non-Compliant,In Review
SPLR-023,Vietnam,2024-07-05,1.83,0.63,3.08,BB,64,False,False,79,In Review,Compliant,Non-Compliant
SPLR-010,Vietnam,2024-07-23,1.85,1.39,3.08,B,74,False,False,58,In Review,In Review,Non-Compliant
SPLR-028,China,2024-11-15,1.07,1.7,3.7,BBB,65,False,False,40,Non-Compliant,In Review,Compliant
SPLR-051,Mexico,2024-09-02,1.65,1.23,3.2,B,58,False,False,83,Compliant,Non-Compliant,In Review
SPLR-012,Korea,2024-08-31,2.04,1.1,3.94,A,29,True,False,57,In Review,In Review,Compliant
SPLR-018,India,2024-09-16,2.4,0.89,2.15,AA,58,False,False,28,Compliant,In Review,In Review
SPLR-046,China,2024-06-13,1.11,0.81,1.59,AA,70,False,False,68,Non-Compliant,Compliant,Compliant
SPLR-027,Taiwan,2025-03-30,1.05,1.76,3.51,A,45,False,False,36,Compliant,In Review,Non-Compliant
SPLR-091,United States,2024-11-09,1.93,0.45,3.89,BB,31,False,False,61,Compliant,Non-Compliant,In Review
SPLR-047,Vietnam,2024-11-26,0.91,0.55,3.6,BBB,50,False,False,59,In Review,Non-Compliant,Non-Compliant
SPLR-063,India,2025-04-12,0.82,1.42,1.77,B,70,True,False,62,Non-Compliant,Compliant,Compliant
SPLR-066,United States,2025-01-24,1.15,1.29,3.26,AA,24,False,False,29,In Review,Compliant,In Review
SPLR-054,Taiwan,2024-06-24,0.52,1.17,1.44,BB,35,False,False,44,Compliant,In Review,Compliant
SPLR-053,China,2025-05-01,1.84,0.85,2.67,AA,77,False,False,56,Compliant,In Review,In Review
SPLR-074,Malaysia,2024-06-29,1.66,1.23,1.46,AAA,57,False,False,62,Non-Compliant,In Review,In Review
SPLR-003,United States,2025-01-29,0.99,0.88,2.96,B,28,False,False,56,Non-Compliant,Non-Compliant,Compliant
SPLR-053,Malaysia,2025-02-25,2.22,1.54,1.69,BB,56,False,False,76,In Review,In Review,Non-Compliant
SPLR-093,Taiwan,2025-03-27,1.69,1.55,5.01,B,45,False,False,54,Non-Compliant,Non-Compliant,Compliant
SPLR-003,Mexico,2025-02-20,2.02,1.07,3.02,BBB,51,False,False,81,Compliant,In Review,Compliant
SPLR-061,China,2025-03-16,1.09,1.77,3.5,B,56,False,False,57,Compliant,Non-Compliant,In Review
SPLR-078,China,2025-04-29,0.45,1.31,3.89,B,64,False,False,52,In Review,Non-Compliant,Non-Compliant
SPLR-090,Korea,2024-05-30,2.48,0.75,1.94,AA,54,False,False,89,Non-Compliant,Non-Compliant,In Review
SPLR-074,Vietnam,2024-08-16,1.5,1.51,4.34,A,52,False,False,40,Compliant,Non-Compliant,In Review
SPLR-053,United States,2024-08-28,2.12,1.84,3.56,AA,21,False,False,89,In Review,In Review,Compliant
SPLR-001,Korea,2024-10-15,1.23,0.83,3.34,BBB,55,False,False,67,Non-Compliant,Compliant,Compliant
SPLR-084,United States,2024-10-30,1.71,1.23,3.04,A,35,False,False,0,In Review,Non-Compliant,In Review
SPLR-097,Mexico,2024-09-16,1.35,1.12,1.85,A,58,False,False,45,Non-Compliant,In Review,In Review
SPLR-033,United States,2025-01-24,2.38,1.79,2.53,BBB,28,False,False,48,Compliant,In Review,Compliant
SPLR-058,Malaysia,2024-06-05,1.27,1.1,2.24,AA,38,False,False,62,In Review,In Review,In Review
SPLR-091,China,2024-07-18,1.81,0.6,3.9,AA,63,False,True,55,Compliant,Compliant,Non-Compliant
SPLR-056,Vietnam,2024-10-28,1.91,0.98,3.45,AAA,54,False,False,46,Compliant,In Review,Non-Compliant
SPLR-079,United States,2024-10-09,1.4,0.63,2.82,BB,14,False,False,40,Compliant,In Review,Non-Compliant
SPLR-002,Mexico,2024-09-02,1.36,0.87,2.76,B,54,False,False,59,Compliant,Compliant,In Review
SPLR-067,Mexico,2025-04-07,1.94,0.68,1.8,BBB,44,False,False,40,In Review,Compliant,Compliant
SPLR-036,Korea,2024-05-26,1.32,0.62,1.7,A,35,False,False,53,In Review,Compliant,In Review
SPLR-009,Vietnam,2024-12-31,1.8,0.72,2.59,BBB,50,False,False,49,In Review,Non-Compliant,Non-Compliant
SPLR-029,Mexico,2025-03-28,1.08,1.29,1.21,BBB,51,False,True,56,Compliant,Non-Compliant,In Review
SPLR-072,Vietnam,2024-07-31,1.59,2.35,3.35,BBB,49,False,False,48,In Review,Non-Compliant,In Review
SPLR-033,India,2024-09-28,0.61,0.96,2.17,CCC,74,False,False,39,Non-Compliant,Non-Compliant,In Review
SPLR-076,China,2025-01-24,1.44,0.68,4.74,BBB,66,False,False,86,Compliant,In Review,In Review
SPLR-041,Korea,2025-04-04,1.91,1.24,3.37,CCC,43,False,True,11,Non-Compliant,Compliant,Non-Compliant
SPLR-052,Taiwan,2025-01-04,1.36,1.42,2.95,AAA,20,False,False,48,Non-Compliant,Compliant,In Review
SPLR-024,Mexico,2025-02-07,2.35,1.62,2.94,BBB,64,False,False,42,Non-Compliant,Compliant,Compliant
SPLR-032,Taiwan,2024-07-11,0.65,0.54,4.56,AA,32,False,False,45,In Review,In Review,Non-Compliant
SPLR-001,China,2025-02-17,1.35,1.95,4.63,BB,92,False,False,46,In Review,Non-Compliant,Non-Compliant
SPLR-098,United States,2024-08-18,1.65,0.24,4.48,A,18,False,False,54,In Review,Non-Compliant,Non-Compliant
SPLR-005,Taiwan,2024-09-28,0.95,0.71,2.16,A,28,False,False,39,Compliant,In Review,In Review
SPLR-041,China,2025-01-09,1.23,1.42,1.9,AAA,72,False,False,74,Non-Compliant,Non-Compliant,In Review
SPLR-024,United States,2024-10-16,1.24,0.64,2.77,AA,41,False,False,53,Non-Compliant,Compliant,Non-Compliant
SPLR-027,Korea,2024-08-02,1.23,1.24,1.9,BB,46,False,False,58,Non-Compliant,Non-Compliant,Compliant
SPLR-017,Mexico,2025-02-10,1.35,0.58,2.11,BB,60,False,False,74,In Review,Non-Compliant,Non-Compliant
SPLR-019,Malaysia,2024-08-21,1.18,1.23,0.91,BBB,44,True,False,49,Compliant,In Review,In Review
SPLR-093,Taiwan,2025-04-01,1.05,0.53,2.33,BB,37,False,False,46,In Review,Compliant,Non-Compliant
SPLR-089,Malaysia,2024-12-01,0.38,0.0,2.39,AAA,54,False,False,0,In Review,Compliant,Non-Compliant
SPLR-034,Taiwan,2025-03-20,1.25,0.74,4.39,A,31,False,False,57,Non-Compliant,Compliant,Non-Compliant
SPLR-045,Mexico,2024-06-11,1.57,0.0,3.77,BBB,57,False,False,60,Non-Compliant,Non-Compliant,Non-Compliant
SPLR-066,India,2024-07-02,3.46,0.0,4.72,BB,62,False,False,55,In Review,Non-Compliant,Non-Compliant
SPLR-019,Malaysia,2025-04-15,1.48,0.79,2.43,BBB,53,False,False,19,In Review,In Review,Non-Compliant
SPLR-011,Malaysia,2024-06-25,1.88,0.79,1.87,A,45,False,False,75,In Review,Non-Compliant,In Review
SPLR-051,United States,2024-10-03,1.23,1.18,2.27,B,37,False,False,63,In Review,In Review,In Review
SPLR-053,Malaysia,2024-05-28,2.42,0.91,3.67,AA,50,True,False,75,In Review,Non-Compliant,In Review
SPLR-096,Vietnam,2025-05-08,1.14,1.37,2.81,AA,59,False,False,51,Non-Compliant,In Review,Compliant
SPLR-099,Korea,2024-06-20,1.63,0.94,3.21,BBB,55,False,False,69,In Review,Compliant,Compliant
SPLR-050,United States,2025-02-23,1.93,0.77,2.11,AA,39,False,False,67,Compliant,Compliant,In Review
SPLR-004,China,2025-01-02,2.24,0.7,2.77,BBB,53,False,False,42,Non-Compliant,Non-Compliant,In Review
SPLR-071,India,2024-07-02,2.0,0.77,3.64,AA,63,False,False,56,In Review,In Review,Non-Compliant
SPLR-096,Korea,2025-01-25,0.93,1.04,0.01,BBB,38,False,False,17,Non-Compliant,Non-Compliant,In Review
SPLR-012,India,2025-03-13,2.1,1.39,3.47,A,80,False,False,31,Compliant,Compliant,In Review
SPLR-045,United States,2024-10-13,2.37,1.47,2.76,BBB,41,True,False,27,Non-Compliant,Non-Compliant,Compliant
SPLR-038,Mexico,2025-01-14,1.09,0.7,2.47,BB,44,False,False,74,In Review,Non-Compliant,Non-Compliant
SPLR-021,Korea,2024-07-12,1.37,1.18,2.43,BB,21,False,False,55,In Review,Compliant,In Review
SPLR-089,United States,2025-02-17,0.54,0.97,1.63,A,49,False,False,68,Non-Compliant,Compliant,Compliant
SPLR-018,United States,2025-02-14,1.55,1.63,2.15,AA,35,False,False,53,In Review,In Review,Non-Compliant
SPLR-042,China,2025-03-18,1.63,1.64,3.73,AA,72,False,False,16,Compliant,Non-Compliant,Non-Compliant
SPLR-092,India,2024-10-18,1.02,0.94,3.09,BB,53,False,False,98,Non-Compliant,Compliant,Non-Compliant
SPLR-040,India,2025-04-23,2.26,1.3,3.07,CCC,62,False,False,30,Non-Compliant,Compliant,Compliant
SPLR-035,Korea,2025-03-20,1.54,1.13,1.76,AAA,43,False,False,46,Non-Compliant,Non-Compliant,Compliant
SPLR-099,Mexico,2025-04-03,0.55,0.57,2.59,A,73,False,False,61,Compliant,Compliant,Non-Compliant
SPLR-067,Mexico,2025-04-30,0.83,1.24,1.45,BBB,65,False,False,40,Non-Compliant,Compliant,In Review
SPLR-096,Vietnam,2025-03-25,1.45,1.66,1.71,A,46,False,False,38,Compliant,In Review,Compliant
SPLR-031,Korea,2025-05-17,2.02,0.24,0.17,A,35,False,False,61,Compliant,Non-Compliant,Compliant
SPLR-006,India,2025-04-05,2.1,0.77,2.59,BBB,76,False,False,12,Compliant,Compliant,Non-Compliant
SPLR-088,Taiwan,2025-03-04,1.31,1.1,3.45,B,29,False,False,50,Compliant,Non-Compliant,In Review
SPLR-090,Vietnam,2025-02-12,0.26,0.67,3.45,AA,50,False,False,51,In Review,Non-Compliant,Non-Compliant
SPLR-003,Korea,2024-08-08,1.72,0.83,3.17,A,30,False,False,45,Non-Compliant,In Review,Non-Compliant
SPLR-038,India,2024-07-19,1.81,1.08,2.41,AA,67,False,False,64,In Review,Non-Compliant,Non-Compliant
SPLR-071,Malaysia,2024-10-01,0.48,1.58,2.66,AAA,54,False,False,73,Non-Compliant,In Review,Non-Compliant
SPLR-001,Korea,2024-12-08,0.81,0.65,2.71,BB,32,False,False,84,Non-Compliant,In Review,Compliant
SPLR-093,Vietnam,2024-08-12,1.07,0.72,3.2,BBB,47,False,False,42,In Review,In Review,Non-Compliant
SPLR-020,United States,2025-04-29,1.66,0.83,2.91,A,24,False,False,19,In Review,In Review,Compliant
SPLR-017,Malaysia,2024-06-27,1.66,1.88,3.02,B,52,False,False,63,Compliant,Compliant,In Review
SPLR-050,India,2025-04-15,0.87,1.85,3.2,BBB,81,False,False,35,Non-Compliant,Compliant,In Review
SPLR-002,Mexico,2024-11-18,2.41,1.39,3.55,BBB,57,False,False,45,Non-Compliant,In Review,Compliant
SPLR-072,Korea,2025-05-01,2.1,1.07,1.03,BB,28,False,False,46,In Review,Non-Compliant,In Review
SPLR-094,Vietnam,2025-01-23,1.65,0.97,4.22,BB,40,False,False,52,In Review,Compliant,Compliant
SPLR-069,Korea,2024-08-09,0.59,1.38,2.91,AA,44,False,False,32,In Review,Compliant,In Review
SPLR-054,Vietnam,2025-03-29,2.14,1.52,3.58,BB,58,False,False,61,In Review,In Review,Non-Compliant
SPLR-022,Malaysia,2024-11-22,1.15,1.43,4.65,BBB,60,False,False,35,In Review,In Review,Non-Compliant
SPLR-041,Taiwan,2025-01-18,1.68,0.35,3.57,BB,39,False,False,12,In Review,Non-Compliant,In Review
SPLR-073,Mexico,2024-10-30,0.92,0.86,2.7,A,42,False,False,57,Non-Compliant,Non-Compliant,Non-Compliant
SPLR-001,China,2025-01-28,1.63,0.9,2.24,CCC,80,False,False,83,Non-Compliant,Compliant,Non-Compliant
SPLR-028,Taiwan,2024-08-10,1.26,0.69,3.49,AAA,31,False,False,47,Non-Compliant,In Review,In Review
SPLR-074,Malaysia,2025-01-14,1.87,0.05,4.32,AAA,50,False,False,41,Non-Compliant,Non-Compliant,In Review
SPLR-030,United States,2024-12-06,1.46,0.98,1.27,BB,44,False,False,50,Compliant,In Review,Compliant
SPLR-062,Malaysia,2024-12-19,1.72,1.48,1.98,BBB,54,False,False,44,Compliant,In Review,In Review
SPLR-005,Korea,2025-03-21,1.92,0.0,2.9,AAA,33,False,False,58,Non-Compliant,Non-Compliant,Non-Compliant
SPLR-099,Mexico,2025-04-24,1.74,0.65,2.29,BB,53,False,False,32,In Review,In Review,Non-Compliant
SPLR-040,China,2025-04-26,1.92,0.82,0.09,A,66,False,False,29,In Review,Compliant,Compliant
SPLR-087,Korea,2024-12-24,0.68,0.38,3.11,CCC,53,False,False,56,Compliant,Compliant,Non-Compliant
SPLR-051,Malaysia,2025-01-07,1.2,1.23,2.54,AA,43,False,False,26,Compliant,In Review,Non-Compliant
SPLR-011,Korea,2025-02-09,0.62,0.81,3.16,BBB,39,False,False,41,Compliant,Non-Compliant,In Review
SPLR-063,Korea,2025-01-17,1.03,1.3,1.68,BBB,47,False,False,29,In Review,In Review,Compliant
SPLR-010,United States,2024-10-22,1.12,0.27,2.5,BB,39,False,False,60,Compliant,Compliant,In Review
SPLR-055,Taiwan,2024-11-23,1.99,1.26,1.9,A,31,False,False,34,Compliant,Non-Compliant,Compliant
SPLR-079,India,2024-11-11,2.17,0.4,3.89,BBB,73,False,False,86,Compliant,Compliant,In Review
SPLR-020,Vietnam,2024-11-27,1.3,1.36,5.28,AA,53,False,False,19,Compliant,Non-Compliant,Compliant
SPLR-089,Vietnam,2025-02-06,0.56,1.36,1.12,A,56,False,False,58,In Review,In Review,Compliant
SPLR-070,United States,2025-05-12,1.59,1.21,3.22,BBB,42,False,False,30,In Review,In Review,In Review
SPLR-049,China,2025-04-24,1.16,0.61,3.83,A,79,False,False,59,In Review,In Review,Non-Compliant
SPLR-060,China,2025-05-12,2.09,0.41,4.67,AAA,85,False,False,64,In Review,Non-Compliant,Compliant
SPLR-038,Korea,2024-07-20,2.39,0.17,2.48,AA,32,False,False,64,Compliant,Non-Compliant,Non-Compliant
SPLR-069,Vietnam,2025-01-15,0.97,1.38,4.37,AA,66,False,False,55,In Review,Compliant,Compliant
SPLR-068,United States,2024-11-21,1.01,0.58,4.25,A,37,False,False,49,Non-Compliant,In Review,Non-Compliant
SPLR-081,United States,2024-11-04,1.29,0.0,1.93,AA,49,False,False,24,Compliant,In Review,Non-Compliant
SPLR-004,United States,2024-11-07,1.59,1.5,1.75,AA,31,False,False,68,Compliant,Compliant,In Review
SPLR-067,Mexico,2024-10-04,1.51,2.43,1.33,A,65,False,False,46,Non-Compliant,In Review,Non-Compliant
SPLR-070,Malaysia,2024-06-03,1.89,1.22,2.27,AA,52,False,False,12,Compliant,Compliant,Non-Compliant
SPLR-091,Malaysia,2024-12-10,1.8,1.15,3.64,A,60,False,False,57,In Review,In Review,Compliant
SPLR-009,Vietnam,2024-10-23,1.57,0.56,2.29,AA,71,False,False,78,Compliant,Non-Compliant,Non-Compliant
SPLR-039,India,2025-02-14,1.38,1.02,2.1,BB,76,False,False,63,In Review,Non-Compliant,Compliant
SPLR-014,Malaysia,2024-07-12,2.47,0.56,2.62,AA,52,False,False,62,Non-Compliant,In Review,In Review
SPLR-030,Mexico,2024-07-16,1.39,0.56,3.88,AA,62,True,False,31,Non-Compliant,Compliant,In Review
SPLR-061,Taiwan,2025-05-05,2.18,1.59,3.13,AA,35,False,False,61,Compliant,Compliant,Compliant
SPLR-053,China,2025-04-18,1.07,1.02,0.85,B,78,False,False,18,In Review,Compliant,Compliant
SPLR-023,India,2024-10-26,2.25,0.83,2.79,B,58,False,False,44,Non-Compliant,Compliant,Non-Compliant
SPLR-100,China,2024-08-02,2.21,0.0,4.28,BBB,73,False,False,25,Non-Compliant,In Review,In Review
SPLR-077,China,2024-08-19,0.96,1.84,2.05,BBB,58,False,False,72,Compliant,Compliant,In Review
SPLR-051,China,2024-10-08,1.67,0.53,3.22,BBB,59,False,False,72,Compliant,Compliant,Non-Compliant
SPLR-051,United States,2024-06-02,2.03,1.27,3.36,BB,47,False,False,49,Non-Compliant,In Review,Compliant
SPLR-067,Malaysia,2024-07-26,0.91,1.22,5.09,BBB,39,False,False,42,In Review,Compliant,Compliant
SPLR-090,Malaysia,2025-02-07,1.71,0.97,2.02,A,61,False,False,96,Non-Compliant,In Review,In Review
SPLR-059,Vietnam,2025-03-19,1.6,0.55,1.45,A,62,False,False,72,Compliant,In Review,In Review
SPLR-012,Vietnam,2024-09-02,1.74,1.0,2.41,BB,49,False,False,66,In Review,Non-Compliant,In Review
SPLR-079,Malaysia,2025-03-06,1.96,0.23,4.59,A,55,False,False,77,Non-Compliant,In Review,In Review
SPLR-021,Malaysia,2024-12-25,0.83,0.32,2.85,AA,55,False,False,85,Non-Compliant,In Review,Non-Compliant
SPLR-081,Malaysia,2024-09-29,1.85,0.88,1.97,AA,62,False,False,30,In Review,Non-Compliant,Compliant
SPLR-064,India,2024-06-18,2.31,0.86,4.59,BBB,71,True,False,47,Compliant,Compliant,In Review
SPLR-061,India,2024-07-08,1.24,0.83,3.43,A,65,False,False,38,Compliant,In Review,Non-Compliant
SPLR-081,Mexico,2024-06-14,1.42,1.04,0.87,AAA,59,False,False,30,Compliant,Compliant,Compliant
SPLR-074,United States,2024-12-27,0.92,0.16,1.21,A,16,False,False,35,Compliant,Compliant,In Review
SPLR-079,Malaysia,2024-12-07,2.48,0.74,3.18,CCC,54,False,False,52,Compliant,Compliant,Non-Compliant
SPLR-048,Korea,2025-03-14,1.46,0.4,4.45,BB,58,False,False,16,Compliant,Non-Compliant,Non-Compliant
SPLR-016,United States,2025-03-27,0.99,0.86,2.04,A,35,False,False,35,Compliant,In Review,Compliant
SPLR-074,Vietnam,2024-07-14,2.58,1.6,3.21,BBB,70,False,False,72,In Review,Non-Compliant,Non-Compliant
SPLR-041,United States,2024-09-09,1.22,0.59,3.08,BBB,38,False,False,52,Compliant,In Review,In Review
SPLR-067,India,2025-05-21,0.71,0.6,2.93,BBB,64,False,False,89,In Review,Non-Compliant,Compliant
SPLR-016,China,2024-10-22,0.81,1.25,4.49,BBB,92,False,False,41,Compliant,In Review,Non-Compliant
SPLR-006,Taiwan,2024-12-28,1.75,1.28,3.2,A,34,False,False,58,In Review,Compliant,In Review
SPLR-033,Vietnam,2024-12-02,0.23,1.34,3.13,A,57,False,False,90,Compliant,Compliant,In Review
SPLR-044,Korea,2024-11-29,1.16,0.8,4.99,BB,31,False,False,38,Compliant,Compliant,Non-Compliant
SPLR-087,India,2024-09-28,1.43,1.42,3.21,B,52,False,False,39,Non-Compliant,Compliant,In Review
SPLR-069,Taiwan,2024-08-05,1.2,0.96,3.43,BBB,39,False,False,14,Compliant,In Review,Non-Compliant
SPLR-093,Taiwan,2025-03-06,2.03,1.13,4.38,BBB,39,True,False,72,Non-Compliant,Non-Compliant,Compliant
SPLR-036,China,2024-11-03,1.73,1.67,3.52,A,69,False,False,95,Compliant,In Review,In Review
SPLR-024,Vietnam,2025-01-02,1.94,1.29,1.72,B,47,False,False,55,Non-Compliant,In Review,Compliant
SPLR-053,Vietnam,2024-12-18,1.57,0.69,3.14,BBB,75,False,False,63,Non-Compliant,Compliant,In Review
SPLR-023,Vietnam,2025-05-09,0.93,0.94,2.2,A,56,True,False,41,Compliant,Non-Compliant,In Review
SPLR-062,Malaysia,2025-03-09,1.26,0.37,2.87,AA,44,False,False,0,In Review,Non-Compliant,Non-Compliant
SPLR-099,Vietnam,2025-05-03,2.53,1.54,2.62,BB,60,False,False,26,Compliant,Compliant,In Review
SPLR-059,Korea,2025-04-07,2.35,1.95,3.16,BB,50,False,True,53,Compliant,In Review,In Review
SPLR-043,India,2024-07-30,0.83,0.79,3.13,B,60,False,False,45,In Review,Non-Compliant,Compliant
SPLR-098,United States,2024-12-09,1.45,0.96,3.05,BBB,19,False,False,35,Non-Compliant,Non-Compliant,In Review
SPLR-099,India,2024-08-08,0.86,1.49,0.89,BBB,76,False,False,77,Compliant,Compliant,In Review
SPLR-066,Vietnam,2024-08-01,1.35,0.0,2.64,AA,59,False,False,29,Compliant,In Review,Non-Compliant
SPLR-032,Malaysia,2025-05-07,1.24,1.77,3.66,AAA,40,False,False,18,Non-Compliant,Compliant,Compliant
SPLR-061,China,2024-07-22,1.34,0.89,3.5,AA,64,False,False,60,Compliant,In Review,In Review
SPLR-081,India,2025-04-11,2.47,1.41,2.95,BBB,63,False,False,42,In Review,In Review,In Review
SPLR-097,India,2024-09-30,2.09,0.69,3.05,BBB,65,False,False,39,In Review,Non-Compliant,Compliant
SPLR-040,India,2024-11-02,0.81,1.16,2.94,BBB,70,False,False,39,In Review,Non-Compliant,Non-Compliant
SPLR-024,Taiwan,2025-03-25,2.11,0.56,4.71,BB,17,False,False,58,Compliant,Compliant,Non-Compliant
SPLR-045,India,2024-09-03,1.74,0.6,3.42,BBB,77,False,False,5,In Review,In Review,Compliant
SPLR-014,Korea,2024-08-22,1.75,0.0,2.03,BB,56,False,False,38,In Review,Compliant,Non-Compliant
SPLR-060,Korea,2025-04-18,0.91,0.9,5.07,BBB,21,False,False,28,Compliant,Non-Compliant,Non-Compliant
SPLR-044,Mexico,2024-08-16,2.25,1.93,2.9,BB,42,False,False,91,Non-Compliant,In Review,Non-Compliant
SPLR-089,Mexico,2025-03-24,2.3,1.34,2.19,AA,54,False,False,46,In Review,In Review,Non-Compliant
SPLR-076,India,2024-07-19,1.67,1.73,3.88,A,54,False,False,77,Non-Compliant,Non-Compliant,Compliant
SPLR-014,Korea,2024-06-30,1.66,1.34,4.47,A,28,False,False,49,Compliant,Compliant,In Review
SPLR-001,Malaysia,2025-02-10,1.23,0.22,3.35,BBB,75,False,False,13,In Review,In Review,Non-Compliant
SPLR-027,Taiwan,2025-04-06,1.48,1.32,3.12,A,33,False,False,24,Non-Compliant,In Review,Non-Compliant
SPLR-075,China,2024-08-13,1.62,0.62,0.81,BBB,81,False,False,69,Non-Compliant,Compliant,Non-Compliant
SPLR-007,China,2024-10-12,1.53,1.11,4.07,BB,72,False,False,68,Non-Compliant,Compliant,Compliant
SPLR-090,Korea,2024-06-16,1.35,1.66,3.32,BBB,41,False,False,24,Non-Compliant,In Review,Compliant
SPLR-023,India,2024-12-25,1.64,0.58,2.36,AA,56,False,False,28,Non-Compliant,Non-Compliant,Compliant
SPLR-086,Malaysia,2024-10-10,2.56,1.67,4.92,AA,37,False,True,51,In Review,Non-Compliant,In Review
SPLR-018,Vietnam,2024-07-06,0.85,0.65,2.08,AA,72,False,False,42,In Review,In Review,Non-Compliant
SPLR-024,India,2024-10-16,2.03,1.3,5.3,BBB,50,False,False,75,Non-Compliant,Compliant,Compliant
SPLR-078,China,2024-08-15,2.07,0.51,4.01,BBB,73,False,False,45,In Review,Non-Compliant,Non-Compliant
SPLR-074,Taiwan,2024-09-17,1.09,0.64,5.05,AAA,35,True,False,65,Non-Compliant,Compliant,In Review
SPLR-089,Vietnam,2025-04-11,1.1,0.61,4.08,AA,46,False,False,41,Non-Compliant,Non-Compliant,In Review
SPLR-067,Vietnam,2024-07-01,1.52,1.06,2.82,AA,63,False,False,63,In Review,Compliant,In Review
SPLR-070,United States,2024-09-01,1.87,0.51,2.72,BBB,41,False,False,67,Compliant,Non-Compliant,Non-Compliant
SPLR-061,Taiwan,2024-05-31,0.81,1.18,1.02,A,35,False,False,87,Non-Compliant,Compliant,Compliant
SPLR-077,United States,2024-08-01,1.03,0.58,3.76,BB,14,False,False,37,Non-Compliant,In Review,Compliant
SPLR-007,United States,2025-04-12,1.8,0.68,2.76,BB,37,False,False,58,Compliant,Compliant,In Review
SPLR-036,United States,2024-07-16,1.63,0.83,3.37,AA,28,False,False,59,Compliant,In Review,Compliant
SPLR-023,Malaysia,2025-02-18,1.25,0.91,2.01,BBB,49,False,False,33,In Review,Compliant,Non-Compliant
SPLR-068,China,2024-11-06,0.94,1.13,3.21,A,77,False,False,41,Compliant,Non-Compliant,Non-Compliant
SPLR-031,India,2025-01-06,1.7,1.28,3.44,BB,56,False,False,52,Non-Compliant,Compliant,In Review
SPLR-097,Vietnam,2025-01-22,1.68,1.0,0.91,AAA,61,False,False,94,Non-Compliant,In Review,In Review
SPLR-049,Korea,2024-11-07,1.32,0.64,3.37,BBB,43,False,False,73,Compliant,Non-Compliant,Non-Compliant
SPLR-087,Taiwan,2024-10-12,0.87,1.37,3.59,CCC,33,False,False,56,In Review,In Review,Non-Compliant
SPLR-079,United States,2024-09-27,2.01,1.44,1.86,A,38,False,False,48,In Review,In Review,Non-Compliant
SPLR-099,Mexico,2025-02-18,1.54,1.04,2.85,BB,66,False,False,48,Non-Compliant,In Review,In Review
SPLR-041,China,2024-06-05,0.94,0.8,3.18,BBB,82,False,True,62,Compliant,In Review,Compliant
SPLR-058,Taiwan,2025-04-22,1.07,2.24,3.26,AA,47,False,False,46,Compliant,In Review,Compliant
SPLR-077,Mexico,2025-03-16,1.77,1.42,4.22,CCC,65,False,False,67,Compliant,Compliant,In Review
SPLR-049,Malaysia,2024-06-28,1.34,0.71,3.33,B,59,False,False,45,Non-Compliant,In Review,Compliant
SPLR-059,United States,2025-04-14,2.03,1.73,2.08,BB,21,False,False,47,Non-Compliant,Non-Compliant,Compliant
SPLR-036,China,2025-04-16,1.65,0.74,4.35,A,74,False,False,50,Non-Compliant,Compliant,Non-Compliant
SPLR-063,Mexico,2025-01-30,0.78,0.34,3.28,BBB,33,False,False,70,Compliant,In Review,Non-Compliant
SPLR-079,Vietnam,2025-01-13,1.42,2.62,5.31,B,58,False,False,47,Compliant,Compliant,In Review
SPLR-100,India,2024-11-03,2.0,1.85,1.36,AAA,47,False,False,37,Compliant,Compliant,In Review
SPLR-035,Malaysia,2024-09-19,1.79,1.25,4.07,BB,38,False,False,3,In Review,In Review,Non-Compliant
SPLR-056,Korea,2024-11-06,1.93,0.59,0.98,BB,41,False,False,65,In Review,Compliant,Compliant
SPLR-089,India,2024-10-28,1.44,0.77,2.84,AA,61,False,False,23,Non-Compliant,In Review,Non-Compliant
SPLR-008,Vietnam,2025-02-07,1.14,1.26,3.32,A,61,False,False,30,Non-Compliant,Non-Compliant,In Review
SPLR-023,China,2024-06-03,1.41,0.0,3.18,CCC,84,False,False,20,Non-Compliant,Compliant,In Review
SPLR-046,India,2025-05-09,1.21,1.16,4.25,AAA,60,False,False,36,Compliant,Compliant,Compliant
SPLR-093,Mexico,2024-10-03,0.52,1.05,5.04,BBB,57,False,False,49,Non-Compliant,Non-Compliant,In Review
SPLR-003,China,2024-06-21,1.66,0.99,2.19,A,78,False,False,54,Non-Compliant,Compliant,Compliant
SPLR-086,India,2025-04-15,1.51,0.51,4.3,B,71,False,False,38,In Review,In Review,Compliant
SPLR-005,Malaysia,2024-05-27,2.0,0.75,2.22,BBB,42,True,False,14,In Review,Compliant,Compliant
SPLR-084,Malaysia,2025-02-23,1.74,0.08,1.77,AAA,29,False,False,48,Compliant,Non-Compliant,In Review
SPLR-076,Vietnam,2025-02-07,1.42,0.84,1.96,BB,48,False,False,59,In Review,Compliant,Compliant
SPLR-055,Taiwan,2024-07-31,1.22,1.16,2.11,BB,36,False,False,76,Non-Compliant,Compliant,In Review
SPLR-070,Malaysia,2024-12-01,1.79,0.79,3.26,A,47,False,False,50,Compliant,In Review,Compliant
SPLR-009,Vietnam,2024-10-09,1.34,0.92,3.21,A,50,False,False,29,Non-Compliant,In Review,Compliant
SPLR-032,China,2024-09-14,0.81,0.2,1.78,AA,71,False,False,32,Non-Compliant,Compliant,Compliant
SPLR-011,China,2024-05-31,1.76,1.02,1.03,AAA,76,False,False,66,In Review,Non-Compliant,Non-Compliant
SPLR-099,India,2025-01-19,1.0,1.21,2.14,BBB,65,False,False,24,In Review,Non-Compliant,Non-Compliant
SPLR-023,China,2024-11-24,0.6,0.81,2.88,BBB,66,False,False,26,Compliant,In Review,Non-Compliant
SPLR-054,China,2024-08-18,1.3,1.13,2.96,BBB,71,False,False,36,Compliant,In Review,Non-Compliant
SPLR-065,Mexico,2025-03-06,2.09,0.41,3.49,BBB,66,False,False,59,Compliant,Compliant,Compliant
SPLR-088,India,2024-12-27,1.4,0.74,4.04,BBB,50,False,False,30,Compliant,In Review,Non-Compliant
SPLR-027,Korea,2025-04-25,1.3,1.62,3.38,A,30,False,False,43,Non-Compliant,Compliant,Compliant
SPLR-069,Malaysia,2024-10-06,1.19,0.65,3.98,AA,36,True,False,82,Compliant,Compliant,In Review
SPLR-076,Taiwan,2025-01-25,1.91,1.55,2.54,A,33,False,False,21,Compliant,Compliant,Non-Compliant
SPLR-013,Mexico,2024-07-26,1.24,1.25,4.3,BB,43,False,False,42,Compliant,Compliant,Non-Compliant
SPLR-063,China,2024-11-11,1.42,0.3,3.59,B,62,False,False,46,Non-Compliant,Compliant,Non-Compliant
SPLR-018,India,2025-05-05,1.27,0.61,2.99,BB,62,False,False,42,Compliant,Non-Compliant,Compliant
SPLR-089,China,2025-01-29,1.14,1.16,4.65,A,71,False,False,69,Non-Compliant,Compliant,Non-Compliant
SPLR-038,Malaysia,2025-01-24,0.8,1.08,1.9,BB,35,False,False,35,Compliant,In Review,In Review
SPLR-012,Korea,2024-12-30,2.1,1.48,3.24,B,24,False,False,46,In Review,Non-Compliant,Non-Compliant
SPLR-002,Korea,2025-03-06,1.65,1.09,1.16,BB,31,False,False,48,In Review,Compliant,In Review
SPLR-074,China,2024-10-16,1.77,0.0,2.84,A,71,True,False,66,In Review,In Review,Compliant
SPLR-068,Korea,2025-04-09,1.85,1.29,2.2,BBB,20,False,False,42,Non-Compliant,Non-Compliant,Compliant
SPLR-072,China,2024-06-24,2.0,1.7,3.71,BBB,74,False,False,57,Non-Compliant,Non-Compliant,Compliant
SPLR-012,China,2025-05-09,1.22,0.93,4.67,BBB,60,False,False,82,In Review,In Review,In Review
SPLR-059,India,2024-05-26,1.34,1.66,1.59,BB,70,False,False,35,Non-Compliant,In Review,Non-Compliant
SPLR-082,China,2024-12-21,0.79,1.11,4.01,B,61,False,False,20,Non-Compliant,In Review,Compliant
SPLR-055,United States,2024-07-08,1.45,0.96,3.55,BBB,39,False,False,48,Compliant,In Review,Compliant
SPLR-043,China,2024-11-15,2.43,1.11,2.65,BBB,53,False,False,44,Compliant,Compliant,Non-Compliant
SPLR-060,China,2025-02-06,1.33,1.48,3.46,A,58,False,False,53,Compliant,In Review,In Review
SPLR-018,Taiwan,2025-01-26,1.84,1.76,3.89,AA,42,False,False,51,In Review,In Review,Compliant
SPLR-042,Taiwan,2024-11-26,1.69,1.62,1.67,B,31,False,False,34,Compliant,Compliant,Non-Compliant
SPLR-058,India,2024-12-23,1.69,1.62,2.4,BBB,41,False,False,41,In Review,In Review,In Review
SPLR-058,Taiwan,2025-04-07,1.96,1.27,3.43,BB,32,False,False,24,Compliant,Compliant,Non-Compliant
SPLR-011,Korea,2025-03-25,1.76,0.58,5.18,B,45,False,False,38,Compliant,Compliant,Non-Compliant
SPLR-090,Malaysia,2024-10-20,1.19,0.95,2.76,BBB,61,False,False,53,In Review,Compliant,Non-Compliant
SPLR-088,Malaysia,2025-04-19,1.13,1.95,3.05,BBB,57,False,False,37,Compliant,Non-Compliant,Compliant
SPLR-003,Mexico,2024-06-25,1.68,1.16,1.11,BB,75,False,False,75,In Review,Non-Compliant,In Review
SPLR-042,India,2024-08-04,1.3,0.45,3.35,BBB,65,False,False,57,Non-Compliant,Non-Compliant,Non-Compliant
SPLR-017,United States,2024-11-22,1.6,1.25,4.45,AA,35,False,False,29,Non-Compliant,Compliant,Compliant
SPLR-037,India,2025-02-21,2.18,1.82,6.15,CCC,53,False,False,54,In Review,Non-Compliant,Compliant
SPLR-091,Malaysia,2025-01-08,0.46,1.28,2.45,AA,69,False,False,34,In Review,Compliant,Non-Compliant
SPLR-048,Malaysia,2024-10-04,0.66,0.76,1.02,AA,57,False,False,8,Non-Compliant,Compliant,Non-Compliant
SPLR-070,Malaysia,2024-12-09,1.51,0.0,2.68,BBB,66,False,False,57,Non-Compliant,Compliant,Non-Compliant
SPLR-020,China,2024-09-21,1.07,0.98,3.02,CCC,74,False,False,22,In Review,In Review,Non-Compliant
SPLR-038,Malaysia,2024-09-18,1.8,0.0,2.37,BB,45,False,False,62,Non-Compliant,In Review,Compliant
SPLR-006,Malaysia,2024-11-20,1.51,0.3,2.02,BBB,51,False,False,48,In Review,Compliant,Non-Compliant
SPLR-012,Taiwan,2025-05-10,1.21,0.76,3.7,AAA,29,False,False,48,Compliant,Non-Compliant,Compliant
SPLR-011,India,2024-12-10,2.58,0.29,1.15,BBB,72,False,False,36,Non-Compliant,Compliant,Non-Compliant
SPLR-078,China,2024-11-12,1.34,0.61,2.74,B,85,False,False,66,Non-Compliant,Non-Compliant,Non-Compliant
SPLR-002,United States,2024-10-06,1.93,0.29,1.85,A,1,False,False,33,In Review,Compliant,Compliant
SPLR-095,Korea,2025-03-11,1.98,1.26,2.78,BB,39,False,False,36,Non-Compliant,In Review,Non-Compliant
SPLR-076,Vietnam,2024-07-23,1.6,1.38,1.38,AA,62,False,False,68,In Review,Non-Compliant,Compliant
SPLR-097,Korea,2024-09-27,1.29,1.35,5.81,AAA,38,False,False,57,Non-Compliant,Compliant,In Review
SPLR-091,Malaysia,2024-07-26,1.13,1.09,3.46,AA,51,False,False,29,Non-Compliant,Compliant,Non-Compliant
SPLR-039,India,2024-12-19,1.6,1.73,3.45,BBB,74,False,False,45,Compliant,Compliant,Non-Compliant
SPLR-082,India,2024-06-25,1.87,1.14,2.05,AA,68,False,False,30,Compliant,Non-Compliant,In Review
SPLR-032,China,2024-11-17,1.18,1.09,3.3,AA,58,False,False,71,Compliant,In Review,In Review
SPLR-075,India,2024-11-11,1.79,0.65,1.46,BBB,63,False,False,41,Non-Compliant,In Review,Compliant
SPLR-066,China,2025-03-13,1.56,0.82,0.99,BB,66,False,False,43,Non-Compliant,Non-Compliant,In Review
SPLR-046,Malaysia,2024-12-23,1.82,0.65,4.68,AAA,30,False,False,76,Non-Compliant,Compliant,Non-Compliant
SPLR-068,Vietnam,2024-08-16,1.39,1.43,3.08,BBB,71,False,False,42,Compliant,In Review,Compliant
SPLR-042,Taiwan,2024-11-17,0.95,1.71,2.89,BB,37,False,False,74,In Review,In Review,In Review
SPLR-013,Taiwan,2024-11-28,0.98,1.3,2.41,BB,33,True,False,51,Non-Compliant,Non-Compliant,Non-Compliant
SPLR-021,Vietnam,2024-08-25,0.75,0.61,4.35,AA,68,False,False,48,In Review,In Review,In Review
SPLR-069,Vietnam,2024-11-24,1.62,0.85,4.36,A,57,False,False,54,Compliant,Compliant,Non-Compliant
SPLR-040,Taiwan,2024-05-23,2.07,0.61,4.56,AA,19,False,False,82,In Review,Non-Compliant,Compliant
SPLR-039,China,2025-01-25,1.31,0.88,1.11,BB,65,False,False,29,In Review,Compliant,In Review
SPLR-040,Malaysia,2024-09-16,1.2,0.93,3.96,AA,52,False,False,56,Compliant,Compliant,Compliant
SPLR-097,Korea,2024-09-23,0.95,0.56,4.8,AAA,32,False,False,83,In Review,In Review,Compliant
SPLR-016,United States,2025-02-05,1.38,1.0,4.07,AAA,42,False,True,47,Compliant,Compliant,In Review
SPLR-076,Mexico,2024-11-24,1.31,0.97,3.34,AA,63,False,False,50,In Review,Non-Compliant,In Review
SPLR-046,Malaysia,2025-04-01,1.81,1.82,3.38,B,53,False,False,19,In Review,In Review,Compliant
SPLR-075,China,2025-04-01,0.18,1.19,2.91,BBB,64,False,False,54,Compliant,In Review,Compliant
SPLR-028,India,2024-11-08,1.47,1.56,3.09,A,57,False,False,69,Compliant,Compliant,Non-Compliant
SPLR-055,Mexico,2025-03-26,1.39,1.26,2.52,BBB,48,False,False,51,Non-Compliant,Compliant,Non-Compliant
SPLR-067,Malaysia,2024-12-05,1.51,1.24,2.73,BBB,31,False,False,41,In Review,Compliant,Compliant
SPLR-064,Vietnam,2024-08-11,1.9,0.85,2.75,A,69,False,False,35,In Review,Non-Compliant,Compliant
SPLR-053,United States,2025-02-19,0.73,0.92,2.52,CCC,20,False,False,46,Non-Compliant,In Review,Non-Compliant
SPLR-002,India,2025-03-09,1.75,1.0,3.31,BBB,83,False,False,43,In Review,Compliant,Compliant
SPLR-051,Korea,2025-02-09,1.64,0.75,2.15,BBB,34,False,False,40,Compliant,Compliant,Non-Compliant
SPLR-044,Mexico,2024-12-30,1.68,2.17,2.28,BBB,50,False,False,48,Non-Compliant,In Review,Non-Compliant
SPLR-098,United States,2024-07-17,1.7,1.13,4.28,BB,5,False,False,2,Non-Compliant,Non-Compliant,In Review
SPLR-052,India,2024-09-09,1.25,1.55,1.43,BBB,34,False,False,61,Compliant,Non-Compliant,Non-Compliant
SPLR-030,Malaysia,2025-02-19,1.62,0.45,2.01,AAA,40,False,False,52,Non-Compliant,In Review,Compliant
SPLR-049,Taiwan,2024-09-11,1.19,1.25,0.15,AA,26,False,False,27,Compliant,In Review,In Review
SPLR-060,Mexico,2024-08-15,1.37,0.73,3.8,A,36,False,False,50,In Review,Non-Compliant,In Review
SPLR-003,China,2024-10-07,1.78,1.93,2.52,CCC,73,False,False,13,Non-Compliant,Non-Compliant,Non-Compliant
SPLR-059,China,2024-09-12,0.3,1.42,2.99,AAA,81,False,False,22,Non-Compliant,In Review,Compliant
SPLR-056,Malaysia,2024-06-18,1.76,1.93,3.42,A,52,False,False,50,In Review,In Review,Non-Compliant
SPLR-071,India,2024-07-23,0.71,1.68,2.39,BBB,70,False,False,18,Non-Compliant,Non-Compliant,Non-Compliant
SPLR-049,Taiwan,2024-11-15,0.91,1.72,2.65,BB,49,False,False,48,In Review,Compliant,Compliant
SPLR-045,China,2024-10-23,0.58,1.45,2.41,BB,76,False,False,50,Non-Compliant,Non-Compliant,Non-Compliant
SPLR-045,China,2025-04-18,0.73,1.08,5.2,BBB,74,False,False,48,In Review,Compliant,In Review
SPLR-040,Vietnam,2024-08-04,2.04,1.11,3.21,A,49,True,False,54,Non-Compliant,In Review,Non-Compliant
SPLR-066,Korea,2024-11-03,2.02,0.58,4.42,A,39,False,False,32,Non-Compliant,Non-Compliant,In Review
SPLR-042,Vietnam,2024-06-14,2.0,0.86,3.76,BB,57,False,False,48,Non-Compliant,Non-Compliant,In Review
SPLR-044,Malaysia,2024-08-20,1.75,1.15,1.0,BBB,38,False,False,68,Non-Compliant,In Review,Compliant
SPLR-028,United States,2025-04-04,1.43,0.74,1.64,A,19,False,False,9,Compliant,In Review,In Review
SPLR-092,Vietnam,2025-02-03,1.45,0.7,2.03,BBB,59,False,False,57,In Review,Non-Compliant,Non-Compliant
SPLR-045,Vietnam,2024-12-12,2.55,0.24,4.16,BBB,69,False,False,34,Non-Compliant,In Review,In Review
SPLR-026,Korea,2024-07-04,1.6,0.77,3.19,A,55,False,False,62,In Review,Compliant,Compliant
SPLR-091,Malaysia,2024-06-29,1.75,0.78,1.52,BBB,47,False,False,74,In Review,Non-Compliant,Non-Compliant
SPLR-069,Korea,2025-03-07,0.74,0.47,3.13,B,30,False,False,34,Compliant,Non-Compliant,Non-Compliant
SPLR-031,Malaysia,2024-07-01,1.29,0.32,2.03,BB,57,False,False,23,Non-Compliant,Non-Compliant,Compliant
SPLR-027,Korea,2024-10-26,0.7,0.68,3.73,A,38,False,False,40,In Review,In Review,Compliant
SPLR-031,Vietnam,2024-08-08,1.52,0.13,3.49,AA,63,True,False,41,Non-Compliant,Non-Compliant,Non-Compliant
SPLR-056,Korea,2024-12-30,2.0,0.44,4.13,BBB,41,True,False,43,Compliant,Compliant,Non-Compliant
SPLR-085,Malaysia,2024-12-12,1.49,0.95,4.22,BBB,39,True,False,34,Compliant,Compliant,Compliant
SPLR-078,United States,2025-04-05,2.02,0.7,3.9,B,46,False,False,41,Non-Compliant,In Review,In Review
SPLR-051,Malaysia,2024-07-28,1.84,0.42,3.75,AA,51,False,False,59,Compliant,In Review,In Review
SPLR-100,United States,2024-11-03,1.18,0.17,3.5,BBB,9,False,False,43,Non-Compliant,Non-Compliant,In Review
SPLR-096,Mexico,2024-10-24,1.97,1.1,4.95,B,65,False,False,36,Compliant,Non-Compliant,Non-Compliant
SPLR-033,China,2024-09-20,1.51,0.98,1.42,BBB,60,False,False,38,Non-Compliant,In Review,Non-Compliant
SPLR-088,Mexico,2024-11-14,0.48,1.02,2.75,CCC,38,False,False,58,Non-Compliant,Non-Compliant,In Review
SPLR-040,China,2024-06-02,1.86,1.11,2.68,BBB,75,False,False,63,In Review,In Review,Compliant
SPLR-086,Mexico,2025-03-20,1.65,0.59,3.28,A,66,False,False,38,In Review,Non-Compliant,In Review
SPLR-069,Mexico,2025-04-05,2.55,0.74,3.03,B,48,False,False,54,Non-Compliant,Non-Compliant,Non-Compliant
SPLR-097,Mexico,2024-06-26,0.63,0.73,1.91,A,56,False,False,69,Non-Compliant,In Review,Non-Compliant
SPLR-053,China,2024-10-22,1.82,0.0,5.04,A,72,False,False,34,Non-Compliant,Non-Compliant,In Review
SPLR-043,Korea,2025-04-18,1.58,1.09,2.33,B,41,False,False,37,In Review,Non-Compliant,In Review
SPLR-046,Korea,2025-04-25,1.3,0.66,1.57,BBB,41,False,False,61,Non-Compliant,In Review,Compliant
SPLR-083,Malaysia,2024-12-16,1.76,1.41,3.32,BBB,44,False,False,66,Non-Compliant,Compliant,In Review
SPLR-041,Vietnam,2024-06-04,0.82,0.55,2.04,AA,70,False,False,68,In Review,Compliant,In Review
SPLR-053,Taiwan,2024-12-05,1.74,1.54,2.12,BBB,38,False,False,47,Compliant,In Review,In Review
SPLR-037,Mexico,2025-05-11,1.92,0.94,2.62,AAA,60,False,False,67,Non-Compliant,In Review,Compliant
SPLR-003,Mexico,2024-10-28,1.17,0.97,1.94,B,30,False,False,54,In Review,Compliant,Compliant
SPLR-080,Korea,2025-05-14,1.8,1.13,1.05,BBB,36,False,False,5,Compliant,In Review,Compliant
SPLR-092,Korea,2024-05-21,2.18,0.46,4.26,BB,49,False,False,31,Non-Compliant,Compliant,Compliant
SPLR-027,Mexico,2025-03-16,0.93,1.18,2.16,B,56,False,False,40,In Review,Non-Compliant,Non-Compliant
SPLR-056,Mexico,2025-02-18,0.61,0.0,3.23,BBB,49,False,False,38,In Review,Compliant,Non-Compliant
SPLR-053,Malaysia,2024-07-27,1.85,1.59,2.73,AAA,46,False,False,60,Non-Compliant,Compliant,Non-Compliant
SPLR-088,India,2025-02-02,0.82,1.11,3.55,AAA,71,False,False,11,In Review,Non-Compliant,In Review
SPLR-092,Korea,2025-04-25,1.12,0.56,3.1,BB,44,False,False,79,Compliant,In Review,Compliant
SPLR-043,Mexico,2025-04-28,1.25,0.75,4.15,BBB,57,False,False,75,In Review,In Review,In Review
SPLR-001,United States,2024-08-08,1.64,0.42,1.67,BBB,14,False,False,63,In Review,Non-Compliant,Compliant
SPLR-006,Malaysia,2024-12-10,2.09,1.92,3.84,A,61,False,False,38,Non-Compliant,Compliant,Compliant
SPLR-091,Korea,2024-11-18,0.92,1.43,3.42,AA,41,False,False,57,Compliant,Non-Compliant,Non-Compliant
SPLR-056,United States,2024-10-10,1.66,1.64,4.29,B,35,False,False,66,Non-Compliant,In Review,Non-Compliant
SPLR-022,Taiwan,2024-10-08,1.76,0.77,3.76,BB,21,False,False,71,In Review,In Review,In Review
SPLR-007,Mexico,2024-09-24,0.9,1.14,2.15,AA,60,False,False,49,Non-Compliant,Compliant,In Review
SPLR-056,Vietnam,2024-09-15,0.7,1.21,2.42,CCC,68,False,False,50,Non-Compliant,In Review,In Review
SPLR-059,India,2024-12-27,1.7,0.52,2.41,AA,60,False,False,67,Non-Compliant,Compliant,Compliant
SPLR-024,Malaysia,2024-07-27,2.34,0.6,4.08,BB,28,False,False,26,In Review,In Review,Compliant
SPLR-001,Malaysia,2025-05-08,1.02,0.32,1.42,A,54,False,False,45,In Review,Compliant,Non-Compliant
SPLR-037,Vietnam,2025-04-10,1.69,1.35,3.27,A,66,False,False,48,Non-Compliant,Compliant,Compliant
SPLR-059,India,2024-06-20,0.91,1.53,2.41,BBB,55,False,False,46,Compliant,Non-Compliant,Compliant
SPLR-080,India,2025-04-27,1.04,0.79,3.34,A,68,False,False,32,In Review,Compliant,Compliant
SPLR-083,United States,2024-10-29,1.26,1.54,3.5,A,50,False,False,73,In Review,Non-Compliant,Compliant
SPLR-033,Malaysia,2024-11-04,2.07,0.31,3.76,AA,49,False,False,38,Compliant,Compliant,Compliant
SPLR-100,Korea,2024-10-12,1.58,1.47,3.5,A,31,False,False,64,Compliant,Non-Compliant,Non-Compliant
SPLR-095,United States,2025-02-08,1.18,1.11,2.7,B,27,False,False,65,Compliant,Non-Compliant,In Review
SPLR-063,India,2024-11-14,0.98,1.97,1.18,B,59,False,False,57,Non-Compliant,Compliant,Non-Compliant
SPLR-079,Malaysia,2025-01-27,1.79,0.95,2.94,A,54,False,False,45,Non-Compliant,Non-Compliant,In Review
SPLR-083,Malaysia,2024-10-10,2.2,1.42,3.87,B,40,False,False,48,Compliant,Non-Compliant,Non-Compliant
SPLR-011,India,2024-10-15,1.35,0.5,3.36,A,59,False,False,63,Non-Compliant,Compliant,In Review
SPLR-038,China,2025-04-03,0.96,1.86,2.1,BBB,72,False,False,65,In Review,Non-Compliant,Non-Compliant
SPLR-060,United States,2024-06-17,1.21,1.43,1.77,A,44,False,False,50,Compliant,Compliant,In Review
SPLR-060,Malaysia,2024-12-12,1.2,0.85,3.81,BB,44,False,False,35,Non-Compliant,In Review,Non-Compliant
SPLR-076,India,2025-02-16,1.39,0.41,4.82,BB,59,False,False,66,Non-Compliant,Compliant,Compliant
SPLR-011,United States,2025-05-15,1.6,0.51,2.99,B,37,False,False,46,Compliant,Non-Compliant,Compliant
SPLR-022,India,2024-09-14,2.1,1.51,3.92,BBB,60,False,False,28,In Review,In Review,In Review
SPLR-039,Taiwan,2025-03-13,1.19,1.1,3.55,BBB,13,False,False,49,Non-Compliant,Compliant,Compliant
SPLR-002,Mexico,2024-06-23,1.58,0.86,4.29,AA,59,True,False,76,Compliant,Compliant,Non-Compliant
SPLR-019,Mexico,2024-09-26,1.39,1.47,4.64,A,68,False,False,28,Compliant,Compliant,Non-Compliant
SPLR-019,India,2024-09-15,1.37,0.83,3.49,A,71,False,False,33,In Review,In Review,Non-Compliant
SPLR-061,China,2024-12-02,1.53,0.0,4.44,B,64,False,False,51,In Review,Non-Compliant,Compliant
SPLR-002,Vietnam,2024-07-20,1.35,1.57,0.16,BBB,59,False,False,47,Non-Compliant,In Review,In Review
SPLR-094,United States,2024-09-14,1.27,1.86,2.11,AAA,37,False,False,57,In Review,In Review,In Review
SPLR-030,China,2024-10-20,2.13,0.67,2.27,BBB,80,False,False,58,Compliant,Non-Compliant,In Review
SPLR-061,Vietnam,2025-02-28,0.73,0.73,3.39,BBB,68,False,False,36,In Review,Non-Compliant,Compliant
SPLR-037,Mexico,2024-07-17,0.1,1.26,1.78,BBB,34,False,False,0,In Review,In Review,Non-Compliant
SPLR-092,India,2024-11-18,1.91,1.06,2.77,AA,78,False,False,62,Non-Compliant,In Review,In Review
SPLR-061,Malaysia,2025-02-22,2.31,0.3,2.97,BBB,33,False,False,45,In Review,Non-Compliant,Compliant
SPLR-026,Malaysia,2025-02-03,1.38,1.31,3.05,BBB,56,False,False,64,Non-Compliant,Non-Compliant,Compliant
SPLR-072,China,2024-09-06,2.58,0.84,2.06,CCC,72,False,False,33,In Review,Compliant,Compliant
SPLR-005,Vietnam,2025-01-09,2.24,0.86,2.43,A,55,False,False,64,In Review,Compliant,Non-Compliant
SPLR-044,Taiwan,2024-07-16,1.42,0.68,4.67,BB,26,False,False,50,Compliant,In Review,In Review
SPLR-086,Vietnam,2024-07-13,1.83,0.18,3.48,BB,49,False,False,66,Non-Compliant,Compliant,Compliant
SPLR-079,Vietnam,2024-11-17,1.02,1.35,4.11,BB,68,True,False,55,In Review,Compliant,Compliant
SPLR-021,United States,2024-11-16,1.38,0.71,4.47,BB,23,False,False,29,Compliant,Compliant,In Review
SPLR-043,Malaysia,2024-11-28,1.83,0.6,2.05,AA,35,False,False,40,Compliant,Compliant,Non-Compliant
SPLR-037,Malaysia,2025-01-16,1.46,1.12,3.95,AAA,55,False,False,46,Non-Compliant,In Review,In Review
SPLR-020,Korea,2024-06-06,1.4,1.26,4.27,BB,41,False,False,40,Non-Compliant,Non-Compliant,In Review
SPLR-047,China,2024-11-29,1.0,0.28,3.67,A,75,False,False,61,In Review,Compliant,Compliant
SPLR-041,Korea,2025-03-05,1.44,1.7,2.52,CCC,49,False,False,49,Compliant,In Review,In Review
SPLR-074,China,2024-10-28,1.2,1.3,3.41,CCC,73,False,False,51,In Review,Non-Compliant,Non-Compliant
SPLR-088,United States,2025-03-07,1.48,2.19,4.18,BB,37,False,False,52,Non-Compliant,In Review,In Review
SPLR-090,Korea,2024-05-29,2.0,1.26,3.03,A,36,False,False,48,In Review,In Review,Non-Compliant
SPLR-045,Korea,2025-03-18,0.1,1.11,2.51,BB,55,False,False,50,In Review,Non-Compliant,Non-Compliant
SPLR-067,United States,2025-05-10,0.91,0.98,1.95,AA,34,False,False,55,Non-Compliant,In Review,Compliant
SPLR-004,United States,2025-04-21,1.98,0.6,3.03,AA,16,False,False,64,In Review,Compliant,In Review
SPLR-048,United States,2024-12-20,1.76,1.25,3.0,BBB,34,False,False,82,In Review,Compliant,Non-Compliant
SPLR-074,China,2024-07-04,1.36,1.07,1.91,BBB,61,False,False,51,In Review,In Review,In Review
SPLR-086,Mexico,2025-03-11,2.05,0.87,2.76,A,50,False,False,39,In Review,In Review,In Review
SPLR-092,Korea,2024-10-01,1.65,0.25,4.28,BBB,33,False,False,64,In Review,Compliant,Non-Compliant
SPLR-013,Malaysia,2024-09-20,0.87,1.33,3.67,BB,53,False,False,30,Compliant,Non-Compliant,Compliant
SPLR-028,India,2025-01-06,1.62,0.41,2.75,AAA,75,False,False,65,In Review,In Review,Non-Compliant
SPLR-075,India,2025-02-27,1.51,0.51,3.65,BBB,65,False,False,3,Non-Compliant,In Review,Non-Compliant
SPLR-019,Malaysia,2024-05-31,1.89,0.99,4.2,BBB,39,False,False,0,In Review,In Review,Compliant
SPLR-028,India,2024-10-24,1.64,1.15,1.31,BBB,55,False,False,100,Non-Compliant,Compliant,In Review
SPLR-015,Vietnam,2024-11-11,1.35,1.37,2.35,A,39,False,False,46,Compliant,Non-Compliant,Non-Compliant
SPLR-039,United States,2024-12-16,1.37,0.8,2.89,BBB,32,False,False,46,In Review,Non-Compliant,Compliant
SPLR-037,Mexico,2025-04-29,0.87,1.24,1.05,AA,34,False,True,64,In Review,Non-Compliant,Compliant
SPLR-054,India,2024-07-15,1.75,0.97,1.6,BBB,57,False,False,44,Non-Compliant,Non-Compliant,In Review
SPLR-017,Malaysia,2024-12-06,0.7,0.63,3.65,BBB,64,False,False,41,Non-Compliant,Compliant,In Review
SPLR-012,Korea,2024-12-30,1.88,0.04,3.66,A,31,False,False,56,Compliant,In Review,Non-Compliant
SPLR-083,Vietnam,2024-06-25,1.38,1.66,2.13,B,66,False,False,44,In Review,Non-Compliant,In Review
SPLR-016,Vietnam,2025-02-14,1.42,0.91,2.15,AA,59,False,False,48,Compliant,In Review,In Review
SPLR-097,India,2025-01-01,1.62,1.04,3.8,BBB,74,True,False,28,In Review,Compliant,Compliant
SPLR-027,Mexico,2024-12-08,1.93,0.41,3.59,BB,61,False,False,11,Compliant,In Review,In Review
SPLR-052,China,2024-08-24,1.55,0.77,2.24,BBB,83,False,False,36,Compliant,Non-Compliant,Compliant
SPLR-041,Korea,2025-02-17,1.1,1.04,3.69,A,38,False,False,73,Compliant,Non-Compliant,Compliant
SPLR-033,Vietnam,2025-02-18,1.77,0.0,2.47,AA,54,False,False,59,Compliant,In Review,Non-Compliant
SPLR-004,China,2025-03-21,0.19,2.27,3.53,A,71,False,False,73,Non-Compliant,Non-Compliant,Non-Compliant
SPLR-007,Mexico,2025-03-24,2.67,1.44,3.95,AA,56,False,False,47,In Review,In Review,Non-Compliant
SPLR-035,China,2025-01-22,1.26,0.59,2.31,A,56,False,False,48,Compliant,Non-Compliant,In Review
SPLR-003,United States,2024-12-17,0.66,1.1,2.96,BBB,31,False,False,39,In Review,In Review,Compliant
SPLR-073,Korea,2025-02-24,3.04,1.68,1.76,A,42,False,False,37,Compliant,Non-Compliant,In Review
SPLR-032,Korea,2024-06-21,0.99,0.33,3.43,CCC,33,False,False,69,Non-Compliant,In Review,Non-Compliant
SPLR-022,China,2024-11-23,2.0,1.69,2.15,AAA,74,False,False,62,Non-Compliant,In Review,Non-Compliant
SPLR-081,Mexico,2025-04-16,1.26,0.61,4.61,BBB,57,False,False,62,In Review,In Review,In Review
SPLR-039,Vietnam,2025-02-03,1.09,0.39,2.43,A,58,False,False,28,In Review,Non-Compliant,Non-Compliant
SPLR-079,Taiwan,2025-01-16,1.5,0.16,1.88,B,41,False,False,62,In Review,Non-Compliant,Non-Compliant
SPLR-085,Taiwan,2024-06-25,1.3,0.49,1.97,A,31,False,False,62,Compliant,In Review,Compliant
SPLR-001,India,2024-09-13,1.96,0.75,1.85,AAA,67,True,False,33,In Review,In Review,In Review
SPLR-098,Korea,2024-06-12,1.24,1.66,3.83,BBB,41,False,False,24,Compliant,In Review,Compliant
SPLR-057,Vietnam,2024-05-30,1.61,1.53,2.62,A,73,False,False,75,Non-Compliant,Non-Compliant,Compliant
SPLR-002,Vietnam,2024-12-29,2.33,1.15,3.59,BBB,74,False,False,58,Compliant,In Review,Compliant
SPLR-088,Taiwan,2024-09-11,1.25,0.78,3.24,AA,22,False,False,47,In Review,Compliant,Compliant
SPLR-047,China,2024-06-29,2.05,0.0,4.53,A,81,False,False,40,Compliant,Compliant,Compliant
SPLR-051,Vietnam,2024-08-05,1.77,1.0,4.23,B,69,False,False,21,In Review,Compliant,In Review
SPLR-087,Malaysia,2024-08-27,1.79,0.9,3.08,AAA,42,False,False,84,Non-Compliant,In Review,Compliant
SPLR-094,United States,2024-07-11,2.02,0.63,1.67,AA,26,False,False,58,In Review,In Review,In Review
SPLR-033,India,2024-10-12,1.62,1.63,3.79,AAA,74,False,False,56,In Review,Compliant,Non-Compliant
SPLR-053,United States,2025-01-27,0.81,0.9,4.06,AA,29,False,False,60,In Review,Compliant,In Review
SPLR-007,United States,2025-04-10,1.34,0.49,2.88,B,33,False,False,36,Non-Compliant,Compliant,Non-Compliant
SPLR-074,China,2025-02-26,1.38,0.53,4.12,CCC,67,False,False,79,Compliant,Compliant,Compliant
SPLR-043,United States,2024-07-05,2.26,0.96,1.99,AAA,9,False,False,20,Non-Compliant,Compliant,In Review
SPLR-043,United States,2025-01-20,0.81,1.69,3.12,AA,33,False,False,5,Compliant,Non-Compliant,In Review
SPLR-010,India,2024-11-09,0.9,1.44,3.29,BB,63,False,False,61,Compliant,Compliant,Compliant
SPLR-041,Vietnam,2024-07-05,2.32,0.89,3.07,BB,61,False,False,97,Compliant,Non-Compliant,In Review
SPLR-056,Vietnam,2024-07-09,0.45,1.34,2.89,AA,65,False,False,36,Non-Compliant,Non-Compliant,Compliant
SPLR-097,Korea,2024-09-26,1.48,1.36,6.11,AA,48,False,False,33,Compliant,Non-Compliant,Non-Compliant
SPLR-055,Vietnam,2024-07-25,1.29,0.77,1.2,A,56,False,False,64,Non-Compliant,In Review,Non-Compliant
SPLR-025,Vietnam,2024-06-29,0.86,1.52,3.49,AA,52,False,False,47,Compliant,In Review,Compliant
SPLR-066,United States,2025-04-29,2.3,1.37,3.01,A,27,False,False,51,Compliant,Compliant,Compliant
SPLR-008,Malaysia,2024-08-17,1.24,0.0,5.04,A,51,False,False,57,Non-Compliant,Non-Compliant,In Review
SPLR-100,Malaysia,2024-07-25,1.47,0.63,2.81,AA,34,False,False,95,Non-Compliant,Compliant,In Review
SPLR-085,Malaysia,2025-02-10,0.88,0.48,2.56,AAA,62,False,False,50,Compliant,Non-Compliant,Non-Compliant
SPLR-026,Mexico,2024-07-18,0.88,1.63,3.73,BB,60,False,False,64,In Review,In Review,Non-Compliant
SPLR-089,Taiwan,2025-02-27,2.7,2.09,2.31,B,51,False,False,57,Non-Compliant,Non-Compliant,Non-Compliant
SPLR-014,India,2024-06-01,1.75,0.15,2.83,B,56,False,False,66,Compliant,In Review,Compliant
SPLR-030,India,2025-02-05,2.04,0.0,2.98,BBB,76,False,False,46,Non-Compliant,In Review,Non-Compliant
SPLR-052,Malaysia,2025-03-24,1.86,1.18,3.34,BB,47,True,True,25,Non-Compliant,Compliant,In Review
SPLR-019,United States,2025-02-09,0.94,1.35,3.02,A,28,False,False,41,Non-Compliant,Compliant,Compliant
SPLR-026,United States,2025-02-19,1.35,1.52,2.66,AA,16,False,False,64,Non-Compliant,In Review,Compliant
SPLR-026,China,2024-06-20,1.4,1.02,4.61,AA,69,False,False,55,In Review,Compliant,Non-Compliant
SPLR-015,Taiwan,2024-08-25,0.91,0.89,3.61,B,19,False,False,54,Non-Compliant,In Review,Compliant
SPLR-080,Korea,2024-08-22,1.55,1.02,4.04,B,43,False,False,79,Compliant,Compliant,Compliant
SPLR-049,Taiwan,2025-02-14,1.0,1.07,3.08,A,24,False,False,69,Compliant,In Review,In Review
SPLR-069,United States,2024-07-26,2.66,0.99,3.51,BB,30,False,False,35,Non-Compliant,Compliant,In Review
SPLR-063,Mexico,2024-09-03,0.59,0.65,1.61,BB,72,False,False,47,In Review,Compliant,Compliant
SPLR-050,Taiwan,2024-09-16,1.33,1.44,1.88,BBB,27,False,False,51,Non-Compliant,In Review,In Review
SPLR-092,India,2025-02-04,2.01,1.25,3.25,BBB,65,False,False,58,In Review,In Review,Compliant
SPLR-029,Mexico,2025-03-02,1.6,0.49,3.05,BBB,44,False,False,51,Non-Compliant,Non-Compliant,In Review
SPLR-048,United States,2025-01-24,1.26,2.27,2.96,BBB,15,False,False,47,Non-Compliant,In Review,Non-Compliant
SPLR-075,China,2024-11-14,1.76,1.84,2.41,BBB,54,False,False,66,Non-Compliant,Non-Compliant,Non-Compliant
SPLR-064,Taiwan,2024-11-19,0.81,0.78,2.74,A,34,True,False,63,Non-Compliant,In Review,Compliant
SPLR-011,United States,2025-03-22,1.16,0.86,2.99,BB,31,False,False,51,Non-Compliant,Compliant,Compliant
SPLR-010,Taiwan,2024-06-06,1.72,1.42,3.39,AAA,39,False,False,18,Non-Compliant,Non-Compliant,Non-Compliant
SPLR-036,Mexico,2025-01-08,1.53,1.24,3.73,BB,48,False,False,36,In Review,In Review,In Review
SPLR-002,United States,2025-05-15,1.21,1.27,4.03,A,25,False,False,68,Non-Compliant,In Review,In Review
SPLR-061,Malaysia,2024-08-30,1.56,0.94,2.79,B,57,False,False,56,Compliant,Non-Compliant,Compliant
SPLR-076,India,2024-05-29,2.64,0.57,3.52,BB,59,False,False,32,Non-Compliant,Compliant,Non-Compliant
SPLR-054,Mexico,2024-12-16,1.49,1.07,5.92,A,53,False,False,27,Compliant,In Review,Compliant
SPLR-095,China,2024-06-04,1.64,0.0,2.91,BBB,70,False,False,65,Compliant,Non-Compliant,Non-Compliant
SPLR-097,Korea,2025-05-05,1.99,0.75,2.85,BB,32,False,False,27,In Review,Compliant,In Review
SPLR-018,Malaysia,2024-11-02,1.65,0.36,2.59,CCC,40,False,False,60,In Review,In Review,In Review
SPLR-049,Mexico,2024-08-03,2.4,0.35,1.15,B,53,False,False,50,Non-Compliant,Compliant,Non-Compliant
SPLR-058,United States,2024-09-13,1.61,0.78,2.8,AAA,33,False,False,70,Compliant,In Review,In Review
SPLR-004,Malaysia,2024-06-18,0.52,0.82,3.21,AA,40,False,False,84,Compliant,Compliant,Non-Compliant
SPLR-068,Vietnam,2025-03-02,1.18,0.98,3.56,BBB,54,False,True,13,Non-Compliant,Non-Compliant,Non-Compliant
SPLR-015,Malaysia,2024-12-14,1.29,1.51,2.66,BBB,41,False,False,68,Compliant,Compliant,Compliant
SPLR-056,India,2024-06-05,1.33,0.74,3.15,AA,72,False,False,97,Compliant,In Review,In Review
SPLR-059,United States,2024-08-25,1.91,1.58,2.49,AA,19,False,False,51,Non-Compliant,In Review,Compliant
SPLR-043,India,2024-11-25,1.55,0.46,2.82,BBB,68,False,False,57,Non-Compliant,In Review,Non-Compliant
SPLR-090,United States,2024-07-09,1.75,1.15,2.49,A,24,False,False,26,Non-Compliant,Compliant,Compliant
SPLR-094,Korea,2024-05-29,2.39,1.01,2.78,BBB,30,False,False,100,In Review,Compliant,Non-Compliant
SPLR-006,Mexico,2025-04-17,0.96,0.79,3.42,B,61,False,False,69,In Review,Non-Compliant,In Review
SPLR-090,Mexico,2025-03-29,2.4,1.25,1.94,B,52,False,False,56,Compliant,Non-Compliant,Compliant
SPLR-065,Taiwan,2025-04-14,2.53,0.3,4.2,A,36,False,False,66,Compliant,Non-Compliant,Compliant
SPLR-082,India,2025-01-13,1.45,0.58,3.75,A,71,False,False,69,Non-Compliant,Compliant,Compliant
SPLR-015,Malaysia,2024-06-19,1.49,0.7,1.44,A,58,False,False,58,Compliant,Compliant,In Review
SPLR-032,India,2025-03-31,1.02,0.73,2.53,AA,50,False,False,33,Compliant,Compliant,In Review
SPLR-023,United States,2025-01-02,0.93,0.79,2.26,AA,13,False,False,90,In Review,Compliant,In Review
SPLR-020,India,2024-10-07,2.13,0.61,3.27,A,69,False,False,73,In Review,In Review,Compliant
SPLR-090,China,2024-11-03,1.09,1.55,2.45,BB,56,False,False,64,In Review,In Review,Compliant
SPLR-089,United States,2024-11-11,2.15,2.29,1.8,A,36,False,False,41,Non-Compliant,Compliant,Compliant
SPLR-031,Mexico,2024-06-13,1.89,0.26,1.74,AAA,47,False,False,51,Non-Compliant,Compliant,In Review
SPLR-009,Mexico,2025-02-25,1.18,1.33,4.03,CCC,60,False,False,82,In Review,Compliant,In Review
SPLR-006,Korea,2025-02-04,1.71,0.39,4.36,BBB,33,False,False,68,In Review,Compliant,In Review
SPLR-070,Korea,2025-05-14,2.29,1.23,1.5,B,30,False,False,76,Non-Compliant,Non-Compliant,Compliant
SPLR-052,Taiwan,2024-07-06,1.42,1.04,3.76,AAA,41,False,False,55,In Review,Non-Compliant,In Review
SPLR-048,China,2024-05-22,1.4,0.84,3.86,AAA,75,False,False,44,In Review,Non-Compliant,Compliant
SPLR-069,Malaysia,2024-06-08,2.04,0.94,2.15,A,42,False,False,30,In Review,In Review,Non-Compliant
SPLR-099,Malaysia,2025-04-17,1.36,1.62,2.19,A,51,False,False,36,Non-Compliant,In Review,Non-Compliant
SPLR-043,China,2024-09-06,1.37,0.24,2.78,BBB,68,False,False,60,In Review,In Review,Compliant
SPLR-076,China,2024-10-14,1.61,0.4,4.08,AA,72,False,False,53,Non-Compliant,Compliant,In Review
SPLR-097,Mexico,2024-11-10,1.5,0.74,3.22,BBB,59,False,False,15,Non-Compliant,Compliant,Compliant
SPLR-027,China,2025-03-14,1.23,0.87,3.26,AA,81,False,False,34,Non-Compliant,In Review,Non-Compliant
SPLR-036,Taiwan,2025-05-09,1.25,0.74,2.2,BBB,31,False,False,65,Non-Compliant,In Review,Non-Compliant
SPLR-030,Taiwan,2024-05-30,0.97,1.21,1.3,A,29,False,False,43,In Review,Compliant,In Review
SPLR-093,Mexico,2025-04-18,2.34,0.86,0.8,BBB,35,False,False,50,Non-Compliant,In Review,Compliant
SPLR-063,Vietnam,2025-02-22,1.81,1.19,3.17,CCC,71,False,False,39,Compliant,Compliant,Compliant
SPLR-076,Mexico,2025-02-09,1.95,0.18,2.1,AA,36,False,False,44,Non-Compliant,Compliant,In Review
SPLR-032,Korea,2025-01-02,1.48,1.06,3.06,AA,30,False,False,46,Non-Compliant,In Review,Compliant
SPLR-062,Vietnam,2024-09-05,0.75,1.68,2.7,CCC,55,False,False,81,Non-Compliant,Non-Compliant,Non-Compliant
SPLR-079,Korea,2025-04-09,0.88,0.44,1.9,BB,39,False,False,58,Compliant,Non-Compliant,Non-Compliant
SPLR-098,United States,2024-12-16,1.87,2.29,0.75,BBB,36,False,False,38,Non-Compliant,Non-Compliant,Non-Compliant
SPLR-059,United States,2025-02-10,1.21,0.69,2.09,A,46,False,False,66,Compliant,In Review,Non-Compliant
SPLR-020,Mexico,2024-10-21,1.51,1.68,1.49,AAA,41,False,False,6,Non-Compliant,Non-Compliant,Non-Compliant
SPLR-051,Taiwan,2025-03-19,1.15,1.08,3.1,A,36,False,False,21,Compliant,Non-Compliant,Compliant
SPLR-050,Malaysia,2024-05-23,1.9,1.12,3.73,AA,31,False,False,56,In Review,Non-Compliant,In Review
SPLR-063,Taiwan,2024-09-19,0.91,0.8,3.53,BBB,35,False,False,32,In Review,Compliant,Compliant
SPLR-005,Taiwan,2024-07-16,1.5,0.23,4.15,BBB,32,False,False,72,In Review,Compliant,Non-Compliant
SPLR-059,Malaysia,2025-04-04,1.24,0.74,2.24,A,58,False,False,35,Compliant,Compliant,Compliant
SPLR-083,Korea,2025-02-26,1.82,0.81,1.02,A,34,False,False,26,In Review,Compliant,Non-Compliant
SPLR-055,United States,2024-10-23,1.52,0.4,3.93,BBB,29,False,False,46,Non-Compliant,In Review,Non-Compliant
SPLR-097,Vietnam,2025-02-03,1.83,1.48,2.98,AA,52,False,False,14,Compliant,Non-Compliant,In Review
SPLR-096,Korea,2025-04-16,1.16,0.69,3.11,BBB,36,True,False,63,Non-Compliant,Compliant,Compliant
SPLR-100,Korea,2025-02-15,1.19,0.97,4.18,BBB,43,False,False,48,Compliant,Compliant,Non-Compliant
SPLR-091,Malaysia,2025-02-15,1.2,0.68,2.15,AA,44,False,False,65,Non-Compliant,In Review,Compliant
SPLR-026,China,2024-07-06,1.39,0.33,4.77,BB,73,False,False,21,Non-Compliant,Non-Compliant,In Review
SPLR-014,Malaysia,2024-07-26,1.28,1.06,4.7,AAA,38,False,False,69,Compliant,Non-Compliant,Compliant
SPLR-031,India,2024-07-27,2.2,0.69,2.72,BBB,54,False,True,45,Non-Compliant,Compliant,In Review
SPLR-006,Vietnam,2024-09-21,1.48,1.33,4.09,AA,52,False,False,10,In Review,Non-Compliant,Non-Compliant
SPLR-097,Taiwan,2024-11-18,1.49,1.15,3.25,BBB,31,False,False,52,Non-Compliant,Non-Compliant,Compliant
SPLR-086,Korea,2024-09-30,2.26,1.19,2.63,A,34,False,False,46,Non-Compliant,Compliant,Compliant
SPLR-090,Korea,2024-12-29,2.32,0.91,2.98,BB,35,False,False,71,In Review,Compliant,In Review
SPLR-090,Mexico,2024-06-17,2.48,1.23,3.08,A,55,False,False,2,Non-Compliant,In Review,Non-Compliant
SPLR-025,China,2025-04-28,1.87,1.07,3.43,CCC,62,False,False,42,Compliant,In Review,Non-Compliant
SPLR-095,Taiwan,2024-11-24,1.29,1.51,2.62,BBB,55,False,False,58,In Review,In Review,Compliant
SPLR-055,India,2024-07-15,0.86,0.94,2.35,CCC,43,False,False,81,In Review,Non-Compliant,Non-Compliant
SPLR-025,Malaysia,2025-03-17,1.85,1.27,3.17,B,36,False,False,40,In Review,In Review,Compliant
SPLR-064,Vietnam,2025-03-23,1.92,0.47,0.47,A,57,False,False,47,Non-Compliant,Compliant,Non-Compliant
SPLR-062,Mexico,2024-10-11,1.57,1.36,3.64,AA,57,False,False,73,In Review,Compliant,Compliant
SPLR-092,China,2025-01-10,0.74,1.25,3.63,AA,57,False,False,19,Non-Compliant,Compliant,In Review
SPLR-086,India,2024-09-12,1.13,0.67,3.75,CCC,58,False,False,32,In Review,In Review,In Review
SPLR-012,Taiwan,2024-11-27,1.19,1.56,3.01,B,33,False,False,47,In Review,Compliant,In Review
SPLR-049,Korea,2025-01-09,2.15,0.63,4.32,BBB,42,False,False,46,Non-Compliant,Compliant,Compliant
SPLR-015,United States,2024-08-01,2.75,0.47,2.65,AAA,17,False,False,69,Compliant,In Review,Compliant
SPLR-048,Malaysia,2024-07-23,2.34,1.83,4.22,B,48,False,False,42,Compliant,Non-Compliant,Compliant
SPLR-069,Mexico,2024-08-28,0.66,2.02,3.47,BB,50,False,False,76,Non-Compliant,In Review,Compliant
SPLR-085,Mexico,2025-01-29,1.01,1.2,2.83,AA,61,True,False,48,Non-Compliant,Compliant,Non-Compliant
SPLR-064,India,2024-12-09,0.77,1.04,4.05,AA,64,False,False,65,In Review,Compliant,In Review
SPLR-040,Vietnam,2024-12-23,0.98,0.99,2.38,A,67,False,False,50,In Review,Compliant,Non-Compliant
SPLR-091,Korea,2025-01-26,1.85,1.54,3.69,AAA,42,False,False,30,In Review,Compliant,In Review
SPLR-090,China,2024-06-18,1.5,0.73,2.66,B,66,False,False,30,In Review,Non-Compliant,Non-Compliant
SPLR-021,China,2025-04-15,0.52,0.67,3.19,BBB,56,False,False,50,Non-Compliant,Non-Compliant,Non-Compliant
SPLR-068,United States,2025-03-15,2.45,1.51,4.64,A,33,False,False,73,In Review,Non-Compliant,Compliant
SPLR-042,China,2024-10-07,1.14,0.68,0.26,BB,81,False,False,80,Compliant,In Review,Compliant
SPLR-090,India,2024-06-22,1.22,0.87,2.25,A,68,False,False,72,In Review,Compliant,In Review
SPLR-002,Taiwan,2024-06-08,0.63,1.2,2.72,BB,36,False,False,59,Compliant,Non-Compliant,Non-Compliant
SPLR-022,China,2024-06-23,1.41,0.95,2.79,AAA,79,False,False,58,Compliant,Compliant,In Review
SPLR-044,Korea,2024-10-30,1.61,0.36,2.62,CCC,48,False,False,50,Compliant,Compliant,Compliant
SPLR-063,United States,2024-06-18,1.83,1.88,4.04,BBB,30,False,False,39,Non-Compliant,In Review,In Review
SPLR-012,India,2025-05-16,0.22,0.92,2.67,B,68,False,False,46,In Review,Non-Compliant,Non-Compliant
SPLR-016,Vietnam,2024-07-25,1.34,0.11,2.06,AAA,64,False,False,84,In Review,Compliant,Compliant
SPLR-074,India,2024-06-25,1.45,1.16,3.95,A,56,False,False,57,Compliant,Non-Compliant,Non-Compliant
SPLR-090,Korea,2024-10-26,1.13,1.43,3.15,A,42,False,False,34,In Review,In Review,Compliant
SPLR-090,China,2024-08-29,1.85,2.04,1.99,A,66,False,False,54,In Review,Non-Compliant,Compliant
SPLR-075,Vietnam,2024-05-31,1.89,0.72,0.17,BB,73,False,False,65,Compliant,Compliant,In Review
SPLR-024,China,2024-06-21,0.63,0.7,4.57,BBB,84,False,False,68,Compliant,In Review,Compliant
SPLR-021,Vietnam,2024-11-16,1.41,1.04,2.87,BBB,71,False,False,32,Compliant,In Review,Non-Compliant
SPLR-070,Malaysia,2024-12-22,1.1,1.51,2.96,A,63,False,True,36,Non-Compliant,Compliant,In Review
SPLR-085,India,2024-09-02,1.47,0.54,3.01,AA,50,False,False,40,Non-Compliant,In Review,In Review
SPLR-027,Vietnam,2025-03-14,0.78,1.35,3.72,BBB,42,True,False,76,Compliant,Non-Compliant,Compliant
SPLR-078,Mexico,2025-01-11,2.75,1.02,2.36,BBB,83,False,False,23,Non-Compliant,Compliant,In Review
SPLR-034,Korea,2024-05-31,1.51,1.09,4.35,BBB,43,False,False,40,Non-Compliant,In Review,Non-Compliant
SPLR-019,Mexico,2024-05-21,1.02,0.83,1.99,AAA,55,False,False,38,In Review,In Review,Compliant
SPLR-048,Malaysia,2024-07-16,0.75,1.63,2.5,A,37,False,False,46,Non-Compliant,Non-Compliant,Compliant
SPLR-032,Vietnam,2024-06-28,1.53,0.13,3.33,A,49,False,False,84,Non-Compliant,Compliant,Non-Compliant
SPLR-012,Taiwan,2025-04-01,1.76,0.8,2.25,B,33,False,False,62,Compliant,Non-Compliant,Compliant
SPLR-049,Mexico,2024-12-16,1.49,0.89,3.06,A,48,False,False,43,Compliant,In Review,In Review
SPLR-076,India,2024-07-14,0.46,1.49,3.3,AAA,57,False,False,87,Non-Compliant,In Review,Non-Compliant
SPLR-013,China,2024-08-22,1.54,0.48,3.86,AA,73,False,False,57,Non-Compliant,In Review,In Review
SPLR-071,Korea,2024-06-19,1.29,1.23,2.74,BBB,45,False,True,11,In Review,In Review,Compliant
SPLR-017,Malaysia,2024-05-24,1.28,1.86,2.23,A,43,False,False,41,In Review,In Review,Non-Compliant
SPLR-100,Mexico,2024-09-06,0.89,0.0,2.77,BBB,56,False,False,48,Non-Compliant,Non-Compliant,Non-Compliant
SPLR-037,United States,2025-04-07,1.43,1.02,4.02,CCC,28,False,False,38,Compliant,Non-Compliant,In Review
SPLR-040,Korea,2025-04-04,1.36,1.29,4.41,BB,33,False,False,51,Compliant,In Review,Compliant
SPLR-022,China,2024-09-03,1.67,0.5,3.02,AAA,55,False,False,14,Compliant,Non-Compliant,In Review
SPLR-094,Malaysia,2024-10-26,1.68,0.81,3.2,BBB,49,False,False,30,In Review,In Review,Compliant
SPLR-002,Mexico,2024-11-26,1.48,0.38,4.39,B,41,False,False,46,In Review,In Review,In Review
SPLR-032,China,2025-04-13,0.98,1.29,2.67,BBB,64,False,False,67,In Review,Compliant,Compliant
SPLR-047,Malaysia,2025-03-25,1.51,1.26,2.02,BBB,35,False,False,52,Non-Compliant,Compliant,Non-Compliant
SPLR-044,Mexico,2024-12-22,1.34,1.31,2.92,BB,57,False,False,17,Non-Compliant,Non-Compliant,Non-Compliant
SPLR-034,Mexico,2025-05-03,2.44,0.92,3.7,AAA,46,False,False,56,Non-Compliant,In Review,In Review
SPLR-060,India,2025-05-19,0.85,1.23,2.64,AAA,65,True,False,63,Non-Compliant,Non-Compliant,Compliant
SPLR-045,Malaysia,2024-08-31,0.88,0.66,3.46,A,70,True,False,47,Compliant,Compliant,In Review
SPLR-020,Korea,2024-09-23,1.8,0.95,4.94,AA,22,False,False,51,In Review,Non-Compliant,Compliant
SPLR-051,Taiwan,2024-06-19,0.69,0.0,3.3,A,36,False,False,44,Non-Compliant,Compliant,Non-Compliant
SPLR-057,Malaysia,2025-02-13,1.45,2.55,2.74,AA,55,False,True,37,In Review,Compliant,Compliant
SPLR-037,China,2025-02-09,1.65,0.88,2.59,AA,88,False,False,73,Compliant,Compliant,In Review
SPLR-062,United States,2024-12-06,1.57,0.0,2.64,AA,57,False,False,45,In Review,In Review,Compliant
SPLR-097,Korea,2025-03-27,2.05,1.72,3.22,BBB,31,False,False,1,Non-Compliant,Compliant,Compliant
SPLR-003,Malaysia,2024-11-27,1.84,0.59,3.18,AA,37,False,False,44,Compliant,Compliant,In Review
SPLR-055,China,2025-03-04,1.52,1.13,1.89,A,81,False,False,38,Non-Compliant,Compliant,In Review
SPLR-094,Malaysia,2024-10-14,0.66,0.95,3.03,AA,51,False,False,77,In Review,Compliant,In Review
SPLR-026,India,2025-02-14,1.38,0.94,1.9,BB,73,False,False,53,In Review,In Review,Compliant
SPLR-076,Malaysia,2025-05-12,1.29,0.05,4.44,AA,37,False,False,38,Compliant,Compliant,Non-Compliant
SPLR-079,Mexico,2025-01-23,1.68,0.4,1.51,AAA,33,False,False,64,Non-Compliant,In Review,In Review
SPLR-029,Taiwan,2025-01-04,1.23,2.46,2.01,A,25,False,False,38,Compliant,Non-Compliant,Compliant
SPLR-047,United States,2025-05-21,1.62,0.76,3.61,B,20,False,False,22,Compliant,Compliant,Compliant
SPLR-007,Taiwan,2025-01-12,0.6,0.0,2.48,AA,31,False,False,37,Compliant,Non-Compliant,Compliant
SPLR-063,Taiwan,2024-12-03,2.12,1.61,2.67,A,17,False,False,38,In Review,In Review,Compliant
SPLR-047,Taiwan,2025-02-03,1.2,0.67,2.3,BB,28,False,False,42,Compliant,In Review,Non-Compliant
SPLR-075,Korea,2024-07-25,1.18,1.1,3.36,AAA,30,False,False,75,In Review,Compliant,Compliant
SPLR-084,Mexico,2024-12-18,1.01,0.19,3.38,AA,46,False,False,56,In Review,In Review,Non-Compliant
SPLR-093,India,2024-10-19,0.3,1.7,3.67,CCC,49,False,False,20,Compliant,Compliant,Compliant
SPLR-071,United States,2024-10-04,2.34,0.63,2.17,B,7,False,False,42,In Review,Non-Compliant,Non-Compliant
SPLR-081,Vietnam,2024-07-19,1.39,1.36,1.6,B,44,False,False,59,In Review,Compliant,Compliant
SPLR-036,Malaysia,2024-10-30,2.0,0.21,4.08,A,50,False,False,71,In Review,Compliant,In Review
SPLR-064,Vietnam,2025-01-02,1.46,0.0,2.85,AA,70,False,False,32,Non-Compliant,Non-Compliant,In Review
SPLR-027,Malaysia,2024-09-06,1.31,0.91,0.1,AAA,66,False,False,31,Compliant,In Review,Non-Compliant
SPLR-091,United States,2025-01-27,1.75,0.96,4.26,A,34,False,False,45,In Review,Compliant,Compliant
SPLR-006,Mexico,2025-04-25,1.05,1.4,1.13,A,61,False,False,28,Non-Compliant,Compliant,Non-Compliant
SPLR-083,Mexico,2024-07-16,2.13,1.08,3.64,CCC,55,False,False,14,In Review,Non-Compliant,In Review
SPLR-048,Taiwan,2024-07-12,1.07,1.34,3.17,AAA,46,False,False,58,In Review,Compliant,Non-Compliant
SPLR-038,Taiwan,2024-12-29,1.02,0.6,3.1,CCC,11,False,True,83,Non-Compliant,Compliant,In Review
SPLR-023,United States,2024-06-03,1.72,1.61,1.42,CCC,42,False,False,94,In Review,Compliant,In Review
SPLR-049,United States,2025-01-04,0.84,1.39,3.0,B,14,False,False,59,Non-Compliant,Compliant,Non-Compliant
SPLR-027,Korea,2025-04-04,1.92,0.7,4.17,AA,23,False,False,20,Non-Compliant,Compliant,Non-Compliant
SPLR-064,Malaysia,2025-02-18,1.57,1.01,2.28,BBB,58,False,False,60,In Review,Non-Compliant,In Review
SPLR-083,United States,2025-02-14,1.93,0.94,3.6,AAA,25,False,False,91,Non-Compliant,In Review,In Review
SPLR-009,Malaysia,2024-08-25,1.09,2.05,3.03,AAA,36,False,False,77,Non-Compliant,Compliant,In Review
SPLR-018,China,2025-03-15,1.56,1.43,4.22,BBB,73,False,False,38,Compliant,In Review,Compliant
SPLR-032,Vietnam,2024-11-29,1.99,1.0,3.69,A,38,False,False,58,Compliant,Compliant,In Review
SPLR-091,Vietnam,2024-12-03,1.18,1.83,3.62,AA,62,False,False,59,Non-Compliant,Compliant,Non-Compliant
SPLR-062,Malaysia,2025-04-29,1.0,1.81,4.99,AA,53,False,False,81,In Review,Compliant,Compliant
SPLR-014,United States,2025-01-25,1.22,0.6,3.04,AA,34,False,False,42,Compliant,Compliant,Compliant
SPLR-055,Korea,2025-03-25,1.77,1.15,2.0,AA,45,False,False,67,In Review,Non-Compliant,In Review
SPLR-063,Malaysia,2024-07-10,1.59,1.58,1.78,CCC,54,False,False,26,Non-Compliant,Non-Compliant,Compliant
