supplier_id,category,year_month,defect_rate_ppm,rework_percentage,ncr_count
SPLR-001,Tier 3,2022-05,1183.68,24.31,1
SPLR-002,Tier 1,2022-05,1037.51,23.83,0
SPLR-003,Tier 2,2022-05,1138.11,30.05,1
SPLR-004,Tier 2,2022-05,974.62,22.37,0
SPLR-005,Tier 3,2022-05,1130.53,15.43,0
SPLR-006,Tier 3,2022-05,1253.94,17.38,0
SPLR-007,Tier 3,2022-05,918.78,17.94,0
SPLR-008,Tier 1,2022-05,966.12,27.99,2
SPLR-009,Tier 2,2022-05,879.39,26.88,0
SPLR-010,Tier 1,2022-05,971.22,29.74,0
SPLR-011,Tier 2,2022-05,970.97,34.26,0
SPLR-012,Tier 3,2022-05,982.96,24.97,1
SPLR-013,Tier 1,2022-05,861.48,30.46,2
SPLR-014,Tier 1,2022-05,1236.43,25.86,0
SPLR-015,Tier 3,2022-05,902.19,17.08,0
SPLR-016,Tier 3,2022-05,995.98,30.29,0
SPLR-017,Tier 2,2022-05,882.64,25.67,1
SPLR-018,Tier 3,2022-05,1202.05,29.44,1
SPLR-019,Tier 3,2022-05,1042.57,21.88,0
SPLR-020,Tier 1,2022-05,1148.88,29.88,1
SPLR-021,Tier 3,2022-05,886.5,19.02,1
SPLR-022,Tier 3,2022-05,1068.29,30.02,0
SPLR-023,Tier 2,2022-05,1289.84,28.98,2
SPLR-024,Tier 1,2022-05,674.76,29.11,0
SPLR-025,Tier 3,2022-05,837.94,30.21,0
SPLR-026,Tier 2,2022-05,1040.22,26.79,1
SPLR-027,Tier 1,2022-05,935.42,22.49,5
SPLR-028,Tier 1,2022-05,1101.37,29.84,3
SPLR-029,Tier 3,2022-05,1008.37,17.68,2
SPLR-030,Tier 3,2022-05,670.46,26.73,0
SPLR-031,Tier 3,2022-05,1017.39,20.99,1
SPLR-032,Tier 3,2022-05,1520.75,25.87,0
SPLR-033,Tier 3,2022-05,1078.64,16.63,0
SPLR-034,Tier 3,2022-05,1094.08,37.32,0
SPLR-035,Tier 2,2022-05,1179.64,23.7,0
SPLR-036,Tier 3,2022-05,1075.5,19.16,1
SPLR-037,Tier 3,2022-05,1329.96,28.76,0
SPLR-038,Tier 3,2022-05,936.55,31.92,1
SPLR-039,Tier 3,2022-05,923.33,25.38,1
SPLR-040,Tier 3,2022-05,1472.29,29.37,0
SPLR-041,Tier 3,2022-05,818.24,25.34,1
SPLR-042,Tier 1,2022-05,916.9,32.75,1
SPLR-043,Tier 2,2022-05,939.69,23.39,2
SPLR-044,Tier 2,2022-05,1306.43,27.63,1
SPLR-045,Tier 1,2022-05,1020.74,23.97,4
SPLR-046,Tier 2,2022-05,1189.08,26.48,3
SPLR-047,Tier 1,2022-05,1141.0,21.43,0
SPLR-048,Tier 2,2022-05,1116.92,18.92,2
SPLR-049,Tier 3,2022-05,907.8,28.94,0
SPLR-050,Tier 2,2022-05,1243.47,31.34,2
SPLR-051,Tier 2,2022-05,1035.41,21.23,0
SPLR-052,Tier 2,2022-05,1268.09,23.8,2
SPLR-053,Tier 2,2022-05,1031.82,38.6,0
SPLR-054,Tier 3,2022-05,909.72,29.89,0
SPLR-055,Tier 3,2022-05,892.19,27.41,3
SPLR-056,Tier 3,2022-05,1178.68,24.64,2
SPLR-057,Tier 1,2022-05,1306.84,23.29,1
SPLR-058,Tier 3,2022-05,1230.12,25.46,1
SPLR-059,Tier 1,2022-05,1128.29,20.96,2
SPLR-060,Tier 2,2022-05,1154.39,27.8,2
SPLR-061,Tier 3,2022-05,1274.15,21.98,3
SPLR-062,Tier 3,2022-05,1402.51,25.04,1
SPLR-063,Tier 3,2022-05,1128.56,25.88,0
SPLR-064,Tier 3,2022-05,941.46,23.82,0
SPLR-065,Tier 3,2022-05,1074.55,22.33,0
SPLR-066,Tier 3,2022-05,1224.84,16.94,0
SPLR-067,Tier 2,2022-05,921.26,23.33,2
SPLR-068,Tier 1,2022-05,948.7,26.08,0
SPLR-069,Tier 2,2022-05,1665.11,34.22,3
SPLR-070,Tier 2,2022-05,1307.41,21.86,0
SPLR-071,Tier 2,2022-05,938.12,24.43,0
SPLR-072,Tier 3,2022-05,941.63,33.31,0
SPLR-073,Tier 3,2022-05,993.42,21.73,0
SPLR-074,Tier 2,2022-05,1283.44,31.33,0
SPLR-075,Tier 3,2022-05,1586.87,30.16,0
SPLR-076,Tier 2,2022-05,948.63,18.6,1
SPLR-077,Tier 3,2022-05,1036.9,34.36,0
SPLR-078,Tier 2,2022-05,603.21,19.88,0
SPLR-079,Tier 2,2022-05,755.23,18.5,2
SPLR-080,Tier 2,2022-05,1403.5,17.82,2
SPLR-081,Tier 3,2022-05,1043.45,25.3,0
SPLR-082,Tier 2,2022-05,1104.64,28.31,1
SPLR-083,Tier 3,2022-05,1589.98,15.24,1
SPLR-084,Tier 3,2022-05,1138.51,21.89,0
SPLR-085,Tier 2,2022-05,1269.53,22.68,0
SPLR-086,Tier 2,2022-05,973.13,29.25,0
SPLR-087,Tier 3,2022-05,1284.97,32.26,2
SPLR-088,Tier 3,2022-05,931.97,22.2,1
SPLR-089,Tier 1,2022-05,1078.19,25.59,2
SPLR-090,Tier 1,2022-05,1432.03,22.8,1
SPLR-091,Tier 1,2022-05,1084.63,29.65,3
SPLR-092,Tier 3,2022-05,1030.63,21.93,2
SPLR-093,Tier 3,2022-05,933.78,35.46,0
SPLR-094,Tier 2,2022-05,1344.94,19.02,3
SPLR-095,Tier 1,2022-05,954.05,24.96,3
SPLR-096,Tier 2,2022-05,1208.95,31.79,0
SPLR-097,Tier 3,2022-05,1131.14,22.47,0
SPLR-098,Tier 3,2022-05,1197.07,29.36,0
SPLR-099,Tier 3,2022-05,833.52,17.96,3
SPLR-100,Tier 3,2022-05,950.74,23.93,1
SPLR-001,Tier 1,2022-06,1263.29,24.2,0
SPLR-002,Tier 3,2022-06,1024.83,24.98,0
SPLR-003,Tier 3,2022-06,1147.11,20.86,1
SPLR-004,Tier 3,2022-06,1061.24,27.01,0
SPLR-005,Tier 2,2022-06,1017.3,27.29,1
SPLR-006,Tier 3,2022-06,1095.94,29.92,1
SPLR-007,Tier 1,2022-06,1178.76,25.27,3
SPLR-008,Tier 2,2022-06,1343.84,34.08,1
SPLR-009,Tier 2,2022-06,1060.82,29.88,1
SPLR-010,Tier 3,2022-06,1051.91,18.22,0
SPLR-011,Tier 3,2022-06,943.79,25.75,3
SPLR-012,Tier 2,2022-06,1284.6,22.12,1
SPLR-013,Tier 3,2022-06,852.96,34.16,2
SPLR-014,Tier 1,2022-06,1067.98,23.59,2
SPLR-015,Tier 3,2022-06,794.61,31.77,3
SPLR-016,Tier 3,2022-06,811.81,22.0,0
SPLR-017,Tier 2,2022-06,1134.09,26.51,5
SPLR-018,Tier 3,2022-06,1022.85,17.0,0
SPLR-019,Tier 3,2022-06,1105.99,27.57,0
SPLR-020,Tier 1,2022-06,1310.35,32.71,1
SPLR-021,Tier 3,2022-06,1130.6,35.24,1
SPLR-022,Tier 3,2022-06,1115.95,30.77,0
SPLR-023,Tier 3,2022-06,1034.74,29.86,0
SPLR-024,Tier 3,2022-06,1415.65,29.39,0
SPLR-025,Tier 1,2022-06,1309.87,16.21,3
SPLR-026,Tier 2,2022-06,1419.05,25.37,1
SPLR-027,Tier 1,2022-06,796.01,24.72,3
SPLR-028,Tier 3,2022-06,855.39,28.35,0
SPLR-029,Tier 3,2022-06,887.32,27.44,0
SPLR-030,Tier 3,2022-06,1070.09,29.78,1
SPLR-031,Tier 2,2022-06,983.56,21.04,0
SPLR-032,Tier 1,2022-06,835.62,24.04,2
SPLR-033,Tier 3,2022-06,953.95,26.07,2
SPLR-034,Tier 3,2022-06,1261.86,21.9,1
SPLR-035,Tier 1,2022-06,980.54,18.86,2
SPLR-036,Tier 2,2022-06,1456.02,23.75,0
SPLR-037,Tier 1,2022-06,1261.87,20.06,3
SPLR-038,Tier 3,2022-06,1424.54,12.72,0
SPLR-039,Tier 3,2022-06,944.26,17.89,0
SPLR-040,Tier 1,2022-06,893.74,21.73,1
SPLR-041,Tier 2,2022-06,1125.7,29.55,2
SPLR-042,Tier 3,2022-06,1097.46,20.69,0
SPLR-043,Tier 2,2022-06,999.61,32.91,0
SPLR-044,Tier 3,2022-06,924.17,18.09,1
SPLR-045,Tier 2,2022-06,840.99,27.81,0
SPLR-046,Tier 2,2022-06,996.44,21.87,0
SPLR-047,Tier 3,2022-06,972.6,20.68,0
SPLR-048,Tier 3,2022-06,689.14,28.42,1
SPLR-049,Tier 2,2022-06,1161.17,24.58,2
SPLR-050,Tier 2,2022-06,1184.58,20.11,2
SPLR-051,Tier 3,2022-06,1280.58,21.19,0
SPLR-052,Tier 3,2022-06,943.08,15.98,0
SPLR-053,Tier 2,2022-06,996.35,23.47,1
SPLR-054,Tier 3,2022-06,881.27,26.34,0
SPLR-055,Tier 1,2022-06,962.23,25.24,1
SPLR-056,Tier 2,2022-06,1297.61,22.12,0
SPLR-057,Tier 2,2022-06,1321.23,28.86,1
SPLR-058,Tier 3,2022-06,786.47,19.84,3
SPLR-059,Tier 2,2022-06,1115.9,25.45,0
SPLR-060,Tier 2,2022-06,1099.29,24.22,2
SPLR-061,Tier 1,2022-06,972.23,27.94,1
SPLR-062,Tier 3,2022-06,1193.7,30.17,0
SPLR-063,Tier 2,2022-06,1266.36,23.37,1
SPLR-064,Tier 3,2022-06,749.38,19.96,0
SPLR-065,Tier 3,2022-06,1308.26,20.78,0
SPLR-066,Tier 1,2022-06,1147.98,23.9,3
SPLR-067,Tier 2,2022-06,828.94,30.72,0
SPLR-068,Tier 3,2022-06,1186.38,31.24,0
SPLR-069,Tier 2,2022-06,1118.34,26.24,0
SPLR-070,Tier 1,2022-06,888.9,20.91,1
SPLR-071,Tier 3,2022-06,1420.95,27.01,1
SPLR-072,Tier 3,2022-06,1364.99,22.78,0
SPLR-073,Tier 2,2022-06,1240.56,20.39,2
SPLR-074,Tier 3,2022-06,806.29,26.4,0
SPLR-075,Tier 3,2022-06,785.27,32.48,0
SPLR-076,Tier 1,2022-06,1118.07,38.22,1
SPLR-077,Tier 1,2022-06,1492.49,27.95,2
SPLR-078,Tier 2,2022-06,1519.61,31.73,1
SPLR-079,Tier 2,2022-06,905.36,24.37,2
SPLR-080,Tier 2,2022-06,1710.66,27.62,1
SPLR-081,Tier 3,2022-06,1312.84,22.09,0
SPLR-082,Tier 3,2022-06,901.7,16.73,0
SPLR-083,Tier 3,2022-06,1038.31,28.14,0
SPLR-084,Tier 1,2022-06,1018.66,33.35,1
SPLR-085,Tier 2,2022-06,1035.34,23.64,1
SPLR-086,Tier 2,2022-06,1038.11,28.48,1
SPLR-087,Tier 3,2022-06,1031.03,19.47,0
SPLR-088,Tier 2,2022-06,1082.39,25.79,1
SPLR-089,Tier 1,2022-06,939.81,28.37,2
SPLR-090,Tier 2,2022-06,1075.88,22.28,1
SPLR-091,Tier 2,2022-06,1033.62,32.52,1
SPLR-092,Tier 2,2022-06,1354.96,14.63,0
SPLR-093,Tier 2,2022-06,1140.33,23.73,1
SPLR-094,Tier 3,2022-06,1257.74,18.37,0
SPLR-095,Tier 2,2022-06,1281.19,31.36,0
SPLR-096,Tier 3,2022-06,953.14,21.36,1
SPLR-097,Tier 3,2022-06,1101.7,24.35,0
SPLR-098,Tier 1,2022-06,868.18,28.56,0
SPLR-099,Tier 3,2022-06,1253.35,20.3,2
SPLR-100,Tier 3,2022-06,890.55,28.08,0
SPLR-001,Tier 3,2022-07,800.85,33.82,2
SPLR-002,Tier 3,2022-07,953.16,17.96,0
SPLR-003,Tier 3,2022-07,1240.42,17.93,0
SPLR-004,Tier 1,2022-07,743.48,33.48,3
SPLR-005,Tier 2,2022-07,1074.94,30.52,2
SPLR-006,Tier 2,2022-07,1596.36,28.36,0
SPLR-007,Tier 2,2022-07,1116.12,24.08,2
SPLR-008,Tier 1,2022-07,806.67,27.76,3
SPLR-009,Tier 2,2022-07,1449.62,32.85,1
SPLR-010,Tier 3,2022-07,1051.84,29.03,0
SPLR-011,Tier 2,2022-07,966.93,25.13,0
SPLR-012,Tier 3,2022-07,1016.42,25.99,0
SPLR-013,Tier 2,2022-07,969.25,17.97,0
SPLR-014,Tier 2,2022-07,1378.43,20.58,0
SPLR-015,Tier 3,2022-07,911.95,38.16,2
SPLR-016,Tier 3,2022-07,1207.58,17.4,0
SPLR-017,Tier 3,2022-07,1717.28,24.52,0
SPLR-018,Tier 3,2022-07,1015.66,26.21,0
SPLR-019,Tier 1,2022-07,1075.45,33.85,2
SPLR-020,Tier 2,2022-07,1184.32,27.66,1
SPLR-021,Tier 3,2022-07,787.52,30.72,0
SPLR-022,Tier 3,2022-07,1067.83,28.1,0
SPLR-023,Tier 3,2022-07,1311.32,25.6,1
SPLR-024,Tier 3,2022-07,1364.81,30.31,1
SPLR-025,Tier 1,2022-07,821.8,24.71,2
SPLR-026,Tier 3,2022-07,1169.44,26.04,0
SPLR-027,Tier 3,2022-07,1254.4,25.67,0
SPLR-028,Tier 3,2022-07,890.55,30.27,3
SPLR-029,Tier 1,2022-07,1087.8,25.15,2
SPLR-030,Tier 3,2022-07,839.99,27.51,0
SPLR-031,Tier 1,2022-07,1126.49,22.61,2
SPLR-032,Tier 1,2022-07,1165.85,15.35,4
SPLR-033,Tier 3,2022-07,1098.44,30.33,3
SPLR-034,Tier 3,2022-07,985.86,32.05,0
SPLR-035,Tier 2,2022-07,1277.53,26.57,2
SPLR-036,Tier 1,2022-07,1438.95,22.39,1
SPLR-037,Tier 3,2022-07,849.24,20.41,0
SPLR-038,Tier 2,2022-07,763.63,18.96,1
SPLR-039,Tier 3,2022-07,1050.39,20.87,2
SPLR-040,Tier 3,2022-07,883.89,26.91,1
SPLR-041,Tier 2,2022-07,1115.24,27.46,1
SPLR-042,Tier 3,2022-07,964.68,22.35,0
SPLR-043,Tier 3,2022-07,1196.27,21.89,0
SPLR-044,Tier 3,2022-07,1398.25,22.15,1
SPLR-045,Tier 2,2022-07,979.67,28.16,0
SPLR-046,Tier 3,2022-07,1655.63,29.69,0
SPLR-047,Tier 2,2022-07,969.03,23.06,5
SPLR-048,Tier 2,2022-07,1048.27,21.01,1
SPLR-049,Tier 3,2022-07,1075.81,33.97,0
SPLR-050,Tier 2,2022-07,1226.72,19.7,0
SPLR-051,Tier 2,2022-07,1079.06,30.94,1
SPLR-052,Tier 3,2022-07,990.82,30.22,1
SPLR-053,Tier 1,2022-07,1202.44,23.2,7
SPLR-054,Tier 2,2022-07,1388.62,28.24,0
SPLR-055,Tier 3,2022-07,1012.34,20.83,1
SPLR-056,Tier 3,2022-07,1167.05,27.0,0
SPLR-057,Tier 1,2022-07,1120.21,25.23,2
SPLR-058,Tier 2,2022-07,1417.2,26.07,0
SPLR-059,Tier 2,2022-07,1132.04,32.89,1
SPLR-060,Tier 3,2022-07,1207.65,25.93,0
SPLR-061,Tier 3,2022-07,1117.07,27.04,0
SPLR-062,Tier 3,2022-07,1313.47,19.87,0
SPLR-063,Tier 2,2022-07,780.86,29.83,1
SPLR-064,Tier 1,2022-07,1156.33,22.37,0
SPLR-065,Tier 3,2022-07,1435.31,24.67,1
SPLR-066,Tier 3,2022-07,833.53,14.01,0
SPLR-067,Tier 3,2022-07,1216.56,29.94,0
SPLR-068,Tier 3,2022-07,1130.9,22.18,1
SPLR-069,Tier 3,2022-07,1216.9,24.5,0
SPLR-070,Tier 1,2022-07,867.38,33.3,2
SPLR-071,Tier 3,2022-07,1036.18,26.76,0
SPLR-072,Tier 2,2022-07,1096.84,23.85,1
SPLR-073,Tier 3,2022-07,1185.56,24.86,0
SPLR-074,Tier 3,2022-07,1151.26,27.28,2
SPLR-075,Tier 1,2022-07,912.78,26.62,0
SPLR-076,Tier 1,2022-07,1121.3,28.55,2
SPLR-077,Tier 1,2022-07,1157.98,21.21,1
SPLR-078,Tier 3,2022-07,946.91,24.93,0
SPLR-079,Tier 2,2022-07,1259.42,21.74,0
SPLR-080,Tier 3,2022-07,1029.54,24.87,0
SPLR-081,Tier 3,2022-07,997.48,12.88,0
SPLR-082,Tier 2,2022-07,1301.65,19.53,2
SPLR-083,Tier 3,2022-07,909.07,24.76,0
SPLR-084,Tier 2,2022-07,1669.02,24.89,2
SPLR-085,Tier 2,2022-07,1123.7,14.79,0
SPLR-086,Tier 3,2022-07,1030.97,24.57,0
SPLR-087,Tier 3,2022-07,903.4,23.59,0
SPLR-088,Tier 1,2022-07,1293.54,28.12,1
SPLR-089,Tier 2,2022-07,1137.39,21.01,1
SPLR-090,Tier 2,2022-07,1500.54,26.79,3
SPLR-091,Tier 1,2022-07,1104.84,29.75,3
SPLR-092,Tier 3,2022-07,1012.49,26.02,0
SPLR-093,Tier 3,2022-07,962.3,22.58,1
SPLR-094,Tier 2,2022-07,1189.27,22.13,1
SPLR-095,Tier 3,2022-07,1477.86,27.18,0
SPLR-096,Tier 3,2022-07,883.07,27.82,1
SPLR-097,Tier 2,2022-07,1317.6,24.45,2
SPLR-098,Tier 1,2022-07,867.61,17.68,1
SPLR-099,Tier 1,2022-07,1126.96,30.24,3
SPLR-100,Tier 3,2022-07,1049.08,29.42,0
SPLR-001,Tier 3,2022-08,1250.34,25.9,0
SPLR-002,Tier 3,2022-08,1412.46,31.9,1
SPLR-003,Tier 3,2022-08,1183.11,26.3,0
SPLR-004,Tier 3,2022-08,1147.34,23.54,0
SPLR-005,Tier 1,2022-08,1193.73,23.15,2
SPLR-006,Tier 1,2022-08,878.67,26.6,2
SPLR-007,Tier 2,2022-08,856.9,30.8,1
SPLR-008,Tier 3,2022-08,1073.14,27.39,0
SPLR-009,Tier 3,2022-08,741.71,26.27,1
SPLR-010,Tier 3,2022-08,1216.62,18.04,1
SPLR-011,Tier 3,2022-08,1260.88,31.11,0
SPLR-012,Tier 2,2022-08,1159.43,27.15,2
SPLR-013,Tier 2,2022-08,1020.3,22.25,0
SPLR-014,Tier 1,2022-08,1234.01,25.26,0
SPLR-015,Tier 3,2022-08,1057.0,19.83,1
SPLR-016,Tier 3,2022-08,973.23,25.05,0
SPLR-017,Tier 2,2022-08,1276.73,26.73,1
SPLR-018,Tier 3,2022-08,1577.23,24.3,0
SPLR-019,Tier 1,2022-08,913.75,28.22,2
SPLR-020,Tier 3,2022-08,967.11,34.57,1
SPLR-021,Tier 3,2022-08,1266.12,27.48,2
SPLR-022,Tier 3,2022-08,1287.51,26.54,0
SPLR-023,Tier 3,2022-08,1321.04,30.94,0
SPLR-024,Tier 3,2022-08,889.18,33.16,1
SPLR-025,Tier 1,2022-08,1297.34,23.74,4
SPLR-026,Tier 3,2022-08,1341.19,18.86,2
SPLR-027,Tier 2,2022-08,1365.67,23.69,0
SPLR-028,Tier 3,2022-08,1049.0,25.08,0
SPLR-029,Tier 3,2022-08,859.48,16.78,1
SPLR-030,Tier 3,2022-08,817.93,23.48,0
SPLR-031,Tier 3,2022-08,1455.24,30.05,1
SPLR-032,Tier 2,2022-08,1291.88,23.38,1
SPLR-033,Tier 3,2022-08,842.36,16.77,0
SPLR-034,Tier 1,2022-08,1647.07,28.63,4
SPLR-035,Tier 3,2022-08,1241.0,26.41,0
SPLR-036,Tier 3,2022-08,1046.01,27.77,0
SPLR-037,Tier 2,2022-08,797.51,24.51,0
SPLR-038,Tier 3,2022-08,1289.36,21.91,0
SPLR-039,Tier 2,2022-08,1277.19,17.15,1
SPLR-040,Tier 2,2022-08,906.53,23.88,0
SPLR-041,Tier 3,2022-08,908.7,27.76,0
SPLR-042,Tier 2,2022-08,971.02,26.6,1
SPLR-043,Tier 1,2022-08,1078.43,27.76,2
SPLR-044,Tier 1,2022-08,1178.41,25.7,3
SPLR-045,Tier 2,2022-08,1184.3,18.52,1
SPLR-046,Tier 3,2022-08,1029.83,28.76,0
SPLR-047,Tier 3,2022-08,950.74,29.47,1
SPLR-048,Tier 2,2022-08,958.48,26.39,1
SPLR-049,Tier 3,2022-08,873.61,26.55,2
SPLR-050,Tier 2,2022-08,1349.71,33.12,1
SPLR-051,Tier 3,2022-08,1408.12,16.57,0
SPLR-052,Tier 3,2022-08,936.24,33.2,0
SPLR-053,Tier 3,2022-08,1290.63,30.52,1
SPLR-054,Tier 1,2022-08,1142.98,22.33,2
SPLR-055,Tier 3,2022-08,974.48,19.93,0
SPLR-056,Tier 1,2022-08,973.62,24.01,1
SPLR-057,Tier 3,2022-08,967.45,28.51,0
SPLR-058,Tier 2,2022-08,1148.8,29.17,1
SPLR-059,Tier 1,2022-08,1350.46,18.95,4
SPLR-060,Tier 2,2022-08,1101.24,21.6,1
SPLR-061,Tier 3,2022-08,905.19,28.15,0
SPLR-062,Tier 2,2022-08,1060.76,20.48,1
SPLR-063,Tier 3,2022-08,1317.66,28.05,1
SPLR-064,Tier 3,2022-08,888.75,23.42,2
SPLR-065,Tier 2,2022-08,1097.03,31.14,1
SPLR-066,Tier 3,2022-08,984.05,26.81,2
SPLR-067,Tier 2,2022-08,939.23,18.34,0
SPLR-068,Tier 3,2022-08,1099.41,28.54,0
SPLR-069,Tier 1,2022-08,886.98,14.24,5
SPLR-070,Tier 3,2022-08,1098.35,24.51,0
SPLR-071,Tier 3,2022-08,1199.09,28.0,0
SPLR-072,Tier 3,2022-08,1048.64,21.22,0
SPLR-073,Tier 3,2022-08,897.73,31.57,2
SPLR-074,Tier 3,2022-08,1077.38,29.09,0
SPLR-075,Tier 2,2022-08,962.47,27.65,1
SPLR-076,Tier 1,2022-08,1012.09,20.04,0
SPLR-077,Tier 3,2022-08,1093.37,27.65,1
SPLR-078,Tier 2,2022-08,1094.91,15.12,1
SPLR-079,Tier 2,2022-08,870.13,28.0,2
SPLR-080,Tier 3,2022-08,955.86,24.69,1
SPLR-081,Tier 3,2022-08,977.65,22.95,0
SPLR-082,Tier 2,2022-08,968.92,23.49,1
SPLR-083,Tier 2,2022-08,1114.06,25.02,2
SPLR-084,Tier 2,2022-08,1184.28,36.44,1
SPLR-085,Tier 2,2022-08,1057.46,29.95,0
SPLR-086,Tier 2,2022-08,876.37,15.99,3
SPLR-087,Tier 1,2022-08,975.39,12.04,0
SPLR-088,Tier 2,2022-08,1264.53,21.02,0
SPLR-089,Tier 3,2022-08,828.9,25.92,0
SPLR-090,Tier 3,2022-08,904.63,24.85,0
SPLR-091,Tier 3,2022-08,1342.91,24.21,0
SPLR-092,Tier 3,2022-08,872.75,24.8,0
SPLR-093,Tier 2,2022-08,1049.02,33.56,1
SPLR-094,Tier 3,2022-08,1411.09,23.95,3
SPLR-095,Tier 1,2022-08,970.28,34.13,2
SPLR-096,Tier 2,2022-08,1065.15,29.61,3
SPLR-097,Tier 2,2022-08,964.2,25.84,1
SPLR-098,Tier 3,2022-08,1099.7,33.61,1
SPLR-099,Tier 3,2022-08,1129.51,22.73,0
SPLR-100,Tier 2,2022-08,848.83,20.14,0
SPLR-001,Tier 2,2022-09,1223.52,30.79,0
SPLR-002,Tier 2,2022-09,1340.28,28.59,0
SPLR-003,Tier 2,2022-09,1207.49,31.56,1
SPLR-004,Tier 3,2022-09,1138.55,20.37,1
SPLR-005,Tier 3,2022-09,974.18,25.19,2
SPLR-006,Tier 1,2022-09,1093.44,26.34,4
SPLR-007,Tier 1,2022-09,1196.58,23.95,1
SPLR-008,Tier 3,2022-09,791.1,15.26,1
SPLR-009,Tier 3,2022-09,991.83,23.34,0
SPLR-010,Tier 2,2022-09,1143.95,29.08,0
SPLR-011,Tier 3,2022-09,1143.27,26.33,2
SPLR-012,Tier 3,2022-09,1034.79,33.04,2
SPLR-013,Tier 3,2022-09,897.37,27.51,0
SPLR-014,Tier 2,2022-09,1163.15,21.74,1
SPLR-015,Tier 1,2022-09,1353.05,25.11,3
SPLR-016,Tier 1,2022-09,1198.46,16.2,4
SPLR-017,Tier 2,2022-09,1034.46,24.9,0
SPLR-018,Tier 2,2022-09,1042.22,20.75,1
SPLR-019,Tier 3,2022-09,1462.58,26.97,1
SPLR-020,Tier 1,2022-09,1342.93,21.95,1
SPLR-021,Tier 2,2022-09,939.41,28.24,1
SPLR-022,Tier 3,2022-09,922.19,22.81,0
SPLR-023,Tier 1,2022-09,933.96,14.53,4
SPLR-024,Tier 3,2022-09,821.94,31.31,1
SPLR-025,Tier 2,2022-09,979.73,37.79,1
SPLR-026,Tier 2,2022-09,1429.26,35.03,1
SPLR-027,Tier 3,2022-09,1301.78,27.96,0
SPLR-028,Tier 1,2022-09,1080.88,31.56,0
SPLR-029,Tier 3,2022-09,1049.55,22.73,1
SPLR-030,Tier 3,2022-09,1099.65,32.39,0
SPLR-031,Tier 1,2022-09,1001.18,20.57,1
SPLR-032,Tier 2,2022-09,1180.13,18.17,4
SPLR-033,Tier 1,2022-09,1348.85,27.91,0
SPLR-034,Tier 3,2022-09,1331.06,23.48,0
SPLR-035,Tier 3,2022-09,1520.32,32.72,0
SPLR-036,Tier 1,2022-09,839.14,19.13,0
SPLR-037,Tier 2,2022-09,1110.11,16.16,0
SPLR-038,Tier 3,2022-09,1303.87,24.03,1
SPLR-039,Tier 2,2022-09,1045.4,31.95,1
SPLR-040,Tier 3,2022-09,1123.16,23.11,0
SPLR-041,Tier 3,2022-09,1460.3,22.71,1
SPLR-042,Tier 3,2022-09,903.93,26.51,1
SPLR-043,Tier 3,2022-09,1062.88,23.98,0
SPLR-044,Tier 3,2022-09,1153.82,23.89,0
SPLR-045,Tier 3,2022-09,1276.1,20.98,0
SPLR-046,Tier 3,2022-09,984.3,24.93,0
SPLR-047,Tier 3,2022-09,698.97,29.42,0
SPLR-048,Tier 3,2022-09,1131.57,25.44,0
SPLR-049,Tier 3,2022-09,816.49,22.35,2
SPLR-050,Tier 3,2022-09,885.85,27.84,0
SPLR-051,Tier 3,2022-09,1177.23,24.82,1
SPLR-052,Tier 3,2022-09,947.97,20.95,1
SPLR-053,Tier 2,2022-09,901.09,25.31,2
SPLR-054,Tier 2,2022-09,1158.92,34.06,0
SPLR-055,Tier 2,2022-09,891.99,10.39,0
SPLR-056,Tier 3,2022-09,998.19,35.05,0
SPLR-057,Tier 3,2022-09,1210.11,35.29,0
SPLR-058,Tier 3,2022-09,1392.4,25.29,0
SPLR-059,Tier 3,2022-09,963.25,21.0,0
SPLR-060,Tier 2,2022-09,1334.55,21.16,1
SPLR-061,Tier 1,2022-09,1014.14,27.56,3
SPLR-062,Tier 2,2022-09,1070.41,21.32,2
SPLR-063,Tier 2,2022-09,1142.17,21.24,1
SPLR-064,Tier 2,2022-09,1104.59,17.81,0
SPLR-065,Tier 3,2022-09,1155.39,31.84,1
SPLR-066,Tier 1,2022-09,1242.44,24.04,1
SPLR-067,Tier 2,2022-09,1292.07,28.28,0
SPLR-068,Tier 3,2022-09,1018.85,22.98,0
SPLR-069,Tier 3,2022-09,1142.01,28.8,0
SPLR-070,Tier 1,2022-09,1569.89,19.66,0
SPLR-071,Tier 2,2022-09,1120.29,26.21,2
SPLR-072,Tier 3,2022-09,893.56,27.14,1
SPLR-073,Tier 2,2022-09,1340.69,37.95,2
SPLR-074,Tier 2,2022-09,935.95,27.98,3
SPLR-075,Tier 2,2022-09,1024.58,15.22,2
SPLR-076,Tier 3,2022-09,1367.45,24.89,0
SPLR-077,Tier 3,2022-09,1194.21,20.8,1
SPLR-078,Tier 3,2022-09,977.36,22.95,0
SPLR-079,Tier 3,2022-09,1448.27,23.39,1
SPLR-080,Tier 3,2022-09,1295.75,22.84,0
SPLR-081,Tier 2,2022-09,1089.69,25.68,0
SPLR-082,Tier 1,2022-09,874.96,30.94,1
SPLR-083,Tier 2,2022-09,1138.98,23.71,0
SPLR-084,Tier 3,2022-09,987.3,28.89,1
SPLR-085,Tier 3,2022-09,763.29,25.63,0
SPLR-086,Tier 3,2022-09,1187.35,25.9,2
SPLR-087,Tier 2,2022-09,869.76,29.17,2
SPLR-088,Tier 3,2022-09,1056.68,20.13,0
SPLR-089,Tier 3,2022-09,1110.1,30.5,0
SPLR-090,Tier 3,2022-09,982.66,24.55,2
SPLR-091,Tier 2,2022-09,1000.56,28.75,3
SPLR-092,Tier 2,2022-09,1270.37,22.37,0
SPLR-093,Tier 2,2022-09,1156.37,34.19,0
SPLR-094,Tier 1,2022-09,770.33,23.52,2
SPLR-095,Tier 2,2022-09,1284.58,33.55,1
SPLR-096,Tier 3,2022-09,1062.06,24.16,1
SPLR-097,Tier 2,2022-09,1096.02,30.81,0
SPLR-098,Tier 1,2022-09,1152.26,30.82,0
SPLR-099,Tier 2,2022-09,1290.36,27.51,2
SPLR-100,Tier 1,2022-09,780.85,21.56,4
SPLR-001,Tier 3,2022-10,1447.46,31.57,0
SPLR-002,Tier 1,2022-10,901.32,28.91,1
SPLR-003,Tier 2,2022-10,1033.32,12.99,3
SPLR-004,Tier 3,2022-10,1635.9,25.54,0
SPLR-005,Tier 1,2022-10,946.63,18.4,1
SPLR-006,Tier 3,2022-10,1001.63,21.54,1
SPLR-007,Tier 1,2022-10,839.82,24.58,2
SPLR-008,Tier 2,2022-10,1042.99,25.03,0
SPLR-009,Tier 1,2022-10,1023.56,21.24,3
SPLR-010,Tier 2,2022-10,1051.45,28.36,0
SPLR-011,Tier 2,2022-10,922.4,26.34,0
SPLR-012,Tier 2,2022-10,1314.03,25.11,1
SPLR-013,Tier 3,2022-10,952.46,17.43,0
SPLR-014,Tier 2,2022-10,1257.31,24.09,2
SPLR-015,Tier 3,2022-10,991.96,25.73,0
SPLR-016,Tier 3,2022-10,1110.9,21.93,1
SPLR-017,Tier 2,2022-10,931.42,13.95,1
SPLR-018,Tier 1,2022-10,1423.93,22.55,0
SPLR-019,Tier 1,2022-10,1039.25,21.75,4
SPLR-020,Tier 3,2022-10,1123.37,28.79,2
SPLR-021,Tier 3,2022-10,880.55,25.54,0
SPLR-022,Tier 2,2022-10,796.91,21.77,1
SPLR-023,Tier 3,2022-10,760.1,28.66,1
SPLR-024,Tier 3,2022-10,1178.2,29.23,0
SPLR-025,Tier 3,2022-10,872.66,29.6,0
SPLR-026,Tier 3,2022-10,1031.61,32.17,2
SPLR-027,Tier 3,2022-10,1056.36,29.05,0
SPLR-028,Tier 1,2022-10,777.25,30.86,3
SPLR-029,Tier 1,2022-10,1033.94,18.93,1
SPLR-030,Tier 1,2022-10,909.49,22.85,0
SPLR-031,Tier 1,2022-10,1370.74,31.98,1
SPLR-032,Tier 3,2022-10,798.88,20.97,1
SPLR-033,Tier 3,2022-10,866.27,22.04,1
SPLR-034,Tier 2,2022-10,935.24,27.12,1
SPLR-035,Tier 3,2022-10,1194.31,25.03,0
SPLR-036,Tier 3,2022-10,887.81,23.19,0
SPLR-037,Tier 1,2022-10,1032.91,32.99,2
SPLR-038,Tier 3,2022-10,1064.17,26.14,1
SPLR-039,Tier 3,2022-10,819.86,17.57,0
SPLR-040,Tier 1,2022-10,872.61,25.71,4
SPLR-041,Tier 3,2022-10,893.39,20.63,0
SPLR-042,Tier 3,2022-10,1049.93,22.64,0
SPLR-043,Tier 1,2022-10,1094.25,27.47,2
SPLR-044,Tier 1,2022-10,1573.17,20.4,4
SPLR-045,Tier 2,2022-10,1541.33,30.64,0
SPLR-046,Tier 3,2022-10,995.15,24.47,0
SPLR-047,Tier 3,2022-10,822.11,26.2,3
SPLR-048,Tier 2,2022-10,1013.9,26.4,1
SPLR-049,Tier 3,2022-10,1058.21,19.14,1
SPLR-050,Tier 1,2022-10,1133.24,30.23,1
SPLR-051,Tier 3,2022-10,1214.62,21.37,0
SPLR-052,Tier 3,2022-10,736.31,40.69,0
SPLR-053,Tier 1,2022-10,1342.28,23.32,3
SPLR-054,Tier 3,2022-10,1335.48,23.98,1
SPLR-055,Tier 3,2022-10,1056.18,30.02,0
SPLR-056,Tier 3,2022-10,1218.15,25.97,0
SPLR-057,Tier 1,2022-10,1540.32,23.79,2
SPLR-058,Tier 3,2022-10,908.3,18.1,1
SPLR-059,Tier 3,2022-10,1285.23,27.57,0
SPLR-060,Tier 2,2022-10,1187.6,28.58,0
SPLR-061,Tier 2,2022-10,1250.32,28.77,3
SPLR-062,Tier 2,2022-10,1077.09,20.59,0
SPLR-063,Tier 3,2022-10,805.12,16.84,0
SPLR-064,Tier 2,2022-10,938.14,23.46,2
SPLR-065,Tier 3,2022-10,1088.17,28.04,0
SPLR-066,Tier 3,2022-10,1082.49,20.91,1
SPLR-067,Tier 1,2022-10,809.89,21.19,1
SPLR-068,Tier 3,2022-10,1256.89,24.03,0
SPLR-069,Tier 3,2022-10,819.7,24.34,2
SPLR-070,Tier 3,2022-10,1383.25,18.46,0
SPLR-071,Tier 3,2022-10,1083.81,30.02,0
SPLR-072,Tier 2,2022-10,1497.44,31.19,0
SPLR-073,Tier 3,2022-10,886.66,28.91,1
SPLR-074,Tier 3,2022-10,1129.43,31.85,0
SPLR-075,Tier 2,2022-10,1161.62,22.46,0
SPLR-076,Tier 3,2022-10,777.57,24.86,0
SPLR-077,Tier 3,2022-10,984.65,25.76,1
SPLR-078,Tier 2,2022-10,1082.3,24.95,0
SPLR-079,Tier 2,2022-10,1285.69,19.84,0
SPLR-080,Tier 3,2022-10,1255.89,20.66,0
SPLR-081,Tier 2,2022-10,1030.27,21.11,0
SPLR-082,Tier 3,2022-10,993.19,29.37,2
SPLR-083,Tier 3,2022-10,1038.98,28.78,1
SPLR-084,Tier 1,2022-10,1069.54,34.91,3
SPLR-085,Tier 3,2022-10,1189.14,20.92,2
SPLR-086,Tier 2,2022-10,1099.7,25.99,0
SPLR-087,Tier 2,2022-10,1122.67,23.58,1
SPLR-088,Tier 3,2022-10,1164.88,24.38,0
SPLR-089,Tier 2,2022-10,834.15,13.52,0
SPLR-090,Tier 1,2022-10,840.08,17.92,0
SPLR-091,Tier 3,2022-10,997.31,32.26,2
SPLR-092,Tier 1,2022-10,1012.29,35.52,2
SPLR-093,Tier 2,2022-10,817.78,29.09,0
SPLR-094,Tier 3,2022-10,1361.94,29.05,0
SPLR-095,Tier 2,2022-10,873.32,33.21,1
SPLR-096,Tier 3,2022-10,1019.98,28.02,0
SPLR-097,Tier 3,2022-10,790.22,25.6,1
SPLR-098,Tier 2,2022-10,821.99,19.33,0
SPLR-099,Tier 1,2022-10,1038.55,20.03,2
SPLR-100,Tier 3,2022-10,1067.26,25.08,0
SPLR-001,Tier 1,2022-11,1086.65,27.74,3
SPLR-002,Tier 3,2022-11,1171.31,25.1,0
SPLR-003,Tier 2,2022-11,1036.84,25.96,0
SPLR-004,Tier 3,2022-11,1102.32,32.75,0
SPLR-005,Tier 3,2022-11,1293.49,18.24,2
SPLR-006,Tier 3,2022-11,1116.62,26.22,1
SPLR-007,Tier 2,2022-11,810.86,20.86,0
SPLR-008,Tier 3,2022-11,946.51,21.01,0
SPLR-009,Tier 1,2022-11,1048.47,33.31,0
SPLR-010,Tier 2,2022-11,1192.33,25.26,0
SPLR-011,Tier 3,2022-11,862.25,21.92,0
SPLR-012,Tier 2,2022-11,1150.45,20.03,2
SPLR-013,Tier 3,2022-11,1184.0,30.7,0
SPLR-014,Tier 2,2022-11,876.38,29.24,0
SPLR-015,Tier 3,2022-11,1037.53,27.33,0
SPLR-016,Tier 2,2022-11,1148.63,28.1,0
SPLR-017,Tier 3,2022-11,930.94,35.45,0
SPLR-018,Tier 2,2022-11,1089.67,27.92,0
SPLR-019,Tier 3,2022-11,1558.91,25.03,0
SPLR-020,Tier 2,2022-11,1259.62,21.91,1
SPLR-021,Tier 2,2022-11,977.64,24.58,0
SPLR-022,Tier 1,2022-11,837.15,23.67,0
SPLR-023,Tier 1,2022-11,1173.3,26.86,2
SPLR-024,Tier 1,2022-11,811.27,27.31,2
SPLR-025,Tier 3,2022-11,1114.49,25.21,0
SPLR-026,Tier 3,2022-11,1168.66,25.1,1
SPLR-027,Tier 1,2022-11,1498.48,24.05,2
SPLR-028,Tier 2,2022-11,1128.53,18.98,2
SPLR-029,Tier 2,2022-11,863.77,28.02,0
SPLR-030,Tier 3,2022-11,1177.9,28.57,0
SPLR-031,Tier 3,2022-11,1000.29,24.67,0
SPLR-032,Tier 3,2022-11,937.5,26.69,0
SPLR-033,Tier 2,2022-11,1237.7,24.09,1
SPLR-034,Tier 1,2022-11,962.65,31.61,5
SPLR-035,Tier 1,2022-11,956.55,28.95,2
SPLR-036,Tier 2,2022-11,952.17,22.01,1
SPLR-037,Tier 1,2022-11,821.85,25.16,0
SPLR-038,Tier 1,2022-11,1005.66,28.43,4
SPLR-039,Tier 3,2022-11,935.99,29.79,0
SPLR-040,Tier 2,2022-11,1045.97,29.61,2
SPLR-041,Tier 3,2022-11,1165.11,18.37,0
SPLR-042,Tier 3,2022-11,1269.97,22.9,0
SPLR-043,Tier 3,2022-11,1084.43,28.55,0
SPLR-044,Tier 1,2022-11,1170.94,27.02,3
SPLR-045,Tier 3,2022-11,785.29,26.6,0
SPLR-046,Tier 2,2022-11,1225.72,12.21,0
SPLR-047,Tier 3,2022-11,889.56,19.57,0
SPLR-048,Tier 3,2022-11,1347.96,29.1,1
SPLR-049,Tier 2,2022-11,893.57,19.01,2
SPLR-050,Tier 2,2022-11,1246.48,23.74,3
SPLR-051,Tier 1,2022-11,1480.89,29.89,0
SPLR-052,Tier 1,2022-11,1497.89,26.92,1
SPLR-053,Tier 3,2022-11,1199.1,25.53,0
SPLR-054,Tier 2,2022-11,1216.96,17.48,0
SPLR-055,Tier 3,2022-11,1289.24,29.02,0
SPLR-056,Tier 2,2022-11,1551.08,40.55,1
SPLR-057,Tier 1,2022-11,1191.77,29.44,5
SPLR-058,Tier 3,2022-11,1259.03,21.91,0
SPLR-059,Tier 1,2022-11,856.21,18.89,6
SPLR-060,Tier 1,2022-11,888.85,23.06,3
SPLR-061,Tier 3,2022-11,823.09,23.21,1
SPLR-062,Tier 2,2022-11,1184.52,25.25,0
SPLR-063,Tier 3,2022-11,1502.5,25.2,1
SPLR-064,Tier 1,2022-11,1130.87,31.93,1
SPLR-065,Tier 3,2022-11,884.78,19.94,1
SPLR-066,Tier 3,2022-11,962.65,28.86,1
SPLR-067,Tier 3,2022-11,1095.96,21.8,0
SPLR-068,Tier 2,2022-11,898.89,18.24,1
SPLR-069,Tier 3,2022-11,966.15,32.67,0
SPLR-070,Tier 2,2022-11,953.28,29.66,1
SPLR-071,Tier 2,2022-11,1001.1,24.18,1
SPLR-072,Tier 3,2022-11,1389.9,30.73,1
SPLR-073,Tier 3,2022-11,1423.66,22.53,0
SPLR-074,Tier 2,2022-11,909.59,20.21,2
SPLR-075,Tier 3,2022-11,851.72,25.39,1
SPLR-076,Tier 3,2022-11,1421.93,21.93,1
SPLR-077,Tier 3,2022-11,886.2,16.69,0
SPLR-078,Tier 3,2022-11,1066.09,17.75,0
SPLR-079,Tier 2,2022-11,1284.15,18.57,2
SPLR-080,Tier 2,2022-11,980.65,23.64,2
SPLR-081,Tier 3,2022-11,1341.3,30.07,1
SPLR-082,Tier 1,2022-11,1218.09,17.32,2
SPLR-083,Tier 1,2022-11,1195.43,26.7,1
SPLR-084,Tier 1,2022-11,1307.25,30.85,1
SPLR-085,Tier 1,2022-11,821.13,27.57,4
SPLR-086,Tier 2,2022-11,926.04,24.3,2
SPLR-087,Tier 3,2022-11,1000.28,16.97,1
SPLR-088,Tier 2,2022-11,1483.75,31.91,1
SPLR-089,Tier 2,2022-11,988.41,26.32,0
SPLR-090,Tier 3,2022-11,1154.68,27.84,0
SPLR-091,Tier 3,2022-11,939.6,21.55,0
SPLR-092,Tier 2,2022-11,1471.87,23.5,2
SPLR-093,Tier 3,2022-11,1184.31,27.36,1
SPLR-094,Tier 3,2022-11,1180.59,18.81,1
SPLR-095,Tier 3,2022-11,943.08,25.19,0
SPLR-096,Tier 3,2022-11,1112.7,28.83,0
SPLR-097,Tier 3,2022-11,939.23,18.09,1
SPLR-098,Tier 3,2022-11,1038.12,32.27,1
SPLR-099,Tier 2,2022-11,970.24,33.6,1
SPLR-100,Tier 3,2022-11,980.14,29.3,0
SPLR-001,Tier 3,2022-12,955.56,25.02,0
SPLR-002,Tier 3,2022-12,990.17,32.22,1
SPLR-003,Tier 3,2022-12,1029.16,23.6,0
SPLR-004,Tier 1,2022-12,1193.54,19.81,3
SPLR-005,Tier 1,2022-12,902.4,19.41,1
SPLR-006,Tier 2,2022-12,735.1,27.66,0
SPLR-007,Tier 3,2022-12,1180.51,27.74,0
SPLR-008,Tier 3,2022-12,880.26,18.18,0
SPLR-009,Tier 2,2022-12,1038.32,20.74,1
SPLR-010,Tier 1,2022-12,1156.41,23.43,5
SPLR-011,Tier 3,2022-12,1178.76,20.37,0
SPLR-012,Tier 3,2022-12,897.66,28.72,0
SPLR-013,Tier 3,2022-12,1290.5,29.59,0
SPLR-014,Tier 3,2022-12,1028.78,27.12,0
SPLR-015,Tier 2,2022-12,1040.72,23.46,1
SPLR-016,Tier 1,2022-12,844.18,22.18,2
SPLR-017,Tier 1,2022-12,742.12,32.06,3
SPLR-018,Tier 2,2022-12,1082.34,18.51,1
SPLR-019,Tier 2,2022-12,1194.87,36.1,0
SPLR-020,Tier 2,2022-12,915.9,26.28,0
SPLR-021,Tier 1,2022-12,1170.26,20.97,1
SPLR-022,Tier 3,2022-12,1056.78,25.88,0
SPLR-023,Tier 3,2022-12,1025.32,24.75,1
SPLR-024,Tier 3,2022-12,1736.18,19.44,1
SPLR-025,Tier 3,2022-12,1138.44,33.79,2
SPLR-026,Tier 3,2022-12,742.96,24.07,1
SPLR-027,Tier 3,2022-12,1149.39,23.51,1
SPLR-028,Tier 2,2022-12,1046.82,21.51,2
SPLR-029,Tier 1,2022-12,1261.19,13.77,1
SPLR-030,Tier 3,2022-12,970.09,26.06,0
SPLR-031,Tier 2,2022-12,1026.23,31.73,2
SPLR-032,Tier 3,2022-12,965.09,19.05,0
SPLR-033,Tier 3,2022-12,1046.41,21.91,0
SPLR-034,Tier 1,2022-12,1272.3,31.37,1
SPLR-035,Tier 3,2022-12,1217.19,19.31,0
SPLR-036,Tier 3,2022-12,1135.96,32.57,0
SPLR-037,Tier 2,2022-12,1175.29,32.28,3
SPLR-038,Tier 1,2022-12,1165.26,20.69,2
SPLR-039,Tier 2,2022-12,1112.11,24.41,3
SPLR-040,Tier 2,2022-12,1246.65,26.55,1
SPLR-041,Tier 3,2022-12,1064.37,18.91,1
SPLR-042,Tier 3,2022-12,965.97,19.96,0
SPLR-043,Tier 2,2022-12,1012.31,17.97,2
SPLR-044,Tier 3,2022-12,1126.52,22.6,0
SPLR-045,Tier 2,2022-12,1186.69,30.15,1
SPLR-046,Tier 3,2022-12,888.81,29.45,1
SPLR-047,Tier 3,2022-12,875.5,20.52,0
SPLR-048,Tier 3,2022-12,901.5,28.51,0
SPLR-049,Tier 2,2022-12,1261.13,18.84,3
SPLR-050,Tier 2,2022-12,1134.3,22.31,1
SPLR-051,Tier 2,2022-12,1152.7,17.18,0
SPLR-052,Tier 3,2022-12,866.12,30.82,2
SPLR-053,Tier 2,2022-12,1149.67,26.58,0
SPLR-054,Tier 3,2022-12,952.65,25.63,0
SPLR-055,Tier 3,2022-12,1240.52,28.06,2
SPLR-056,Tier 3,2022-12,1063.42,22.48,0
SPLR-057,Tier 3,2022-12,1074.61,24.33,1
SPLR-058,Tier 2,2022-12,1315.39,18.44,0
SPLR-059,Tier 1,2022-12,1376.84,28.15,0
SPLR-060,Tier 2,2022-12,1160.45,30.45,1
SPLR-061,Tier 3,2022-12,1132.03,30.23,0
SPLR-062,Tier 3,2022-12,1488.89,22.54,0
SPLR-063,Tier 3,2022-12,1184.35,18.0,2
SPLR-064,Tier 2,2022-12,830.11,25.71,4
SPLR-065,Tier 3,2022-12,972.6,25.62,0
SPLR-066,Tier 3,2022-12,1341.2,30.86,0
SPLR-067,Tier 2,2022-12,1541.85,25.02,2
SPLR-068,Tier 3,2022-12,1164.07,19.89,0
SPLR-069,Tier 1,2022-12,1197.89,20.6,3
SPLR-070,Tier 3,2022-12,1432.37,29.27,3
SPLR-071,Tier 3,2022-12,685.82,23.52,0
SPLR-072,Tier 2,2022-12,803.03,27.69,2
SPLR-073,Tier 1,2022-12,995.06,24.25,0
SPLR-074,Tier 3,2022-12,935.6,24.25,1
SPLR-075,Tier 3,2022-12,1149.02,29.0,0
SPLR-076,Tier 1,2022-12,1212.37,20.98,3
SPLR-077,Tier 3,2022-12,1132.81,29.1,1
SPLR-078,Tier 3,2022-12,986.01,24.02,4
SPLR-079,Tier 2,2022-12,959.72,24.11,0
SPLR-080,Tier 1,2022-12,1048.3,17.26,1
SPLR-081,Tier 3,2022-12,1033.39,23.79,3
SPLR-082,Tier 2,2022-12,1267.14,21.75,0
SPLR-083,Tier 3,2022-12,901.24,21.19,0
SPLR-084,Tier 3,2022-12,941.94,18.52,1
SPLR-085,Tier 2,2022-12,1204.85,22.21,0
SPLR-086,Tier 3,2022-12,1268.66,23.1,0
SPLR-087,Tier 3,2022-12,1076.14,20.76,0
SPLR-088,Tier 2,2022-12,1381.09,26.41,0
SPLR-089,Tier 3,2022-12,1118.74,38.47,0
SPLR-090,Tier 2,2022-12,836.79,28.91,1
SPLR-091,Tier 3,2022-12,770.25,23.03,1
SPLR-092,Tier 3,2022-12,873.88,13.39,1
SPLR-093,Tier 3,2022-12,1326.76,28.41,1
SPLR-094,Tier 3,2022-12,1349.54,25.68,2
SPLR-095,Tier 2,2022-12,1072.76,17.97,1
SPLR-096,Tier 3,2022-12,1355.15,24.69,0
SPLR-097,Tier 2,2022-12,1030.24,30.27,0
SPLR-098,Tier 3,2022-12,1434.62,23.63,0
SPLR-099,Tier 3,2022-12,1134.61,18.72,0
SPLR-100,Tier 3,2022-12,1614.76,24.2,0
SPLR-001,Tier 2,2023-01,741.51,29.32,1
SPLR-002,Tier 2,2023-01,857.39,26.45,0
SPLR-003,Tier 3,2023-01,969.89,22.3,1
SPLR-004,Tier 3,2023-01,886.74,26.1,0
SPLR-005,Tier 2,2023-01,983.19,30.98,0
SPLR-006,Tier 1,2023-01,1338.84,25.97,2
SPLR-007,Tier 3,2023-01,956.94,21.62,1
SPLR-008,Tier 2,2023-01,1141.64,26.88,2
SPLR-009,Tier 3,2023-01,742.8,22.08,0
SPLR-010,Tier 3,2023-01,1256.81,24.86,0
SPLR-011,Tier 2,2023-01,914.07,21.66,0
SPLR-012,Tier 2,2023-01,1068.76,29.45,1
SPLR-013,Tier 1,2023-01,1073.56,18.93,4
SPLR-014,Tier 3,2023-01,1009.66,26.91,0
SPLR-015,Tier 3,2023-01,971.38,19.45,0
SPLR-016,Tier 2,2023-01,1243.08,26.08,1
SPLR-017,Tier 3,2023-01,743.19,33.62,1
SPLR-018,Tier 1,2023-01,1073.41,22.88,1
SPLR-019,Tier 3,2023-01,976.56,26.65,1
SPLR-020,Tier 3,2023-01,1004.0,19.35,1
SPLR-021,Tier 3,2023-01,982.66,26.79,1
SPLR-022,Tier 2,2023-01,1224.67,34.24,1
SPLR-023,Tier 3,2023-01,1101.57,31.48,1
SPLR-024,Tier 3,2023-01,1044.92,24.68,2
SPLR-025,Tier 3,2023-01,1226.78,17.69,1
SPLR-026,Tier 2,2023-01,1148.9,27.67,0
SPLR-027,Tier 1,2023-01,1267.49,32.36,2
SPLR-028,Tier 3,2023-01,1061.27,21.0,0
SPLR-029,Tier 3,2023-01,1295.34,22.67,1
SPLR-030,Tier 3,2023-01,1214.77,24.05,0
SPLR-031,Tier 3,2023-01,888.25,26.49,1
SPLR-032,Tier 2,2023-01,803.85,25.05,1
SPLR-033,Tier 3,2023-01,1255.82,29.08,0
SPLR-034,Tier 2,2023-01,912.03,33.74,1
SPLR-035,Tier 3,2023-01,1328.23,19.47,0
SPLR-036,Tier 2,2023-01,988.53,22.54,0
SPLR-037,Tier 3,2023-01,1349.35,23.71,0
SPLR-038,Tier 1,2023-01,1127.95,33.56,2
SPLR-039,Tier 2,2023-01,845.59,34.94,0
SPLR-040,Tier 3,2023-01,1106.5,19.96,1
SPLR-041,Tier 2,2023-01,1262.04,31.26,3
SPLR-042,Tier 3,2023-01,1040.77,29.3,0
SPLR-043,Tier 3,2023-01,1058.57,25.47,0
SPLR-044,Tier 3,2023-01,899.1,24.51,1
SPLR-045,Tier 3,2023-01,1111.71,21.6,1
SPLR-046,Tier 3,2023-01,1168.12,35.4,0
SPLR-047,Tier 2,2023-01,1133.75,18.79,0
SPLR-048,Tier 2,2023-01,1069.46,27.25,0
SPLR-049,Tier 3,2023-01,1004.47,34.44,0
SPLR-050,Tier 3,2023-01,838.29,28.27,0
SPLR-051,Tier 3,2023-01,1315.61,22.64,1
SPLR-052,Tier 1,2023-01,858.06,18.01,2
SPLR-053,Tier 1,2023-01,1069.01,20.74,2
SPLR-054,Tier 3,2023-01,1343.81,22.68,1
SPLR-055,Tier 3,2023-01,772.48,23.06,1
SPLR-056,Tier 3,2023-01,1120.07,27.25,0
SPLR-057,Tier 3,2023-01,1077.03,22.43,0
SPLR-058,Tier 2,2023-01,1174.49,20.09,3
SPLR-059,Tier 1,2023-01,909.76,23.97,3
SPLR-060,Tier 3,2023-01,1231.12,14.75,0
SPLR-061,Tier 3,2023-01,1163.9,27.14,1
SPLR-062,Tier 2,2023-01,995.16,23.56,0
SPLR-063,Tier 3,2023-01,1479.83,20.72,1
SPLR-064,Tier 3,2023-01,871.32,23.02,0
SPLR-065,Tier 1,2023-01,871.68,23.54,2
SPLR-066,Tier 3,2023-01,1485.18,25.09,1
SPLR-067,Tier 2,2023-01,1127.13,28.46,1
SPLR-068,Tier 2,2023-01,1122.48,33.16,1
SPLR-069,Tier 1,2023-01,1244.63,27.77,1
SPLR-070,Tier 3,2023-01,1343.87,25.7,0
SPLR-071,Tier 3,2023-01,1235.04,23.93,0
SPLR-072,Tier 3,2023-01,1071.27,31.09,0
SPLR-073,Tier 1,2023-01,1221.9,16.18,1
SPLR-074,Tier 1,2023-01,1420.4,21.54,4
SPLR-075,Tier 3,2023-01,952.72,29.28,1
SPLR-076,Tier 3,2023-01,1457.2,30.35,1
SPLR-077,Tier 2,2023-01,857.14,27.86,0
SPLR-078,Tier 3,2023-01,721.53,31.31,0
SPLR-079,Tier 1,2023-01,1025.1,18.95,2
SPLR-080,Tier 2,2023-01,930.04,23.88,0
SPLR-081,Tier 2,2023-01,1307.58,33.28,0
SPLR-082,Tier 2,2023-01,1011.73,22.46,2
SPLR-083,Tier 1,2023-01,766.98,31.59,0
SPLR-084,Tier 3,2023-01,1047.23,25.16,1
SPLR-085,Tier 3,2023-01,1101.32,22.48,0
SPLR-086,Tier 3,2023-01,1090.35,27.22,0
SPLR-087,Tier 1,2023-01,900.49,29.67,3
SPLR-088,Tier 2,2023-01,1346.23,23.65,1
SPLR-089,Tier 2,2023-01,1213.71,22.26,1
SPLR-090,Tier 3,2023-01,756.53,21.95,1
SPLR-091,Tier 3,2023-01,1222.88,21.12,0
SPLR-092,Tier 2,2023-01,640.69,23.13,0
SPLR-093,Tier 2,2023-01,1221.94,13.15,0
SPLR-094,Tier 3,2023-01,1375.28,26.57,1
SPLR-095,Tier 1,2023-01,996.26,21.53,2
SPLR-096,Tier 2,2023-01,1435.89,20.7,0
SPLR-097,Tier 2,2023-01,853.44,28.88,2
SPLR-098,Tier 2,2023-01,994.46,17.86,0
SPLR-099,Tier 3,2023-01,1290.38,27.58,1
SPLR-100,Tier 3,2023-01,886.93,23.35,1
SPLR-001,Tier 3,2023-02,872.16,29.47,0
SPLR-002,Tier 2,2023-02,1207.07,30.58,2
SPLR-003,Tier 3,2023-02,1633.17,21.91,0
SPLR-004,Tier 3,2023-02,777.19,21.08,0
SPLR-005,Tier 2,2023-02,1011.98,27.19,3
SPLR-006,Tier 3,2023-02,911.47,21.62,1
SPLR-007,Tier 3,2023-02,1273.07,27.26,0
SPLR-008,Tier 3,2023-02,1273.35,33.44,0
SPLR-009,Tier 1,2023-02,1235.79,33.91,1
SPLR-010,Tier 3,2023-02,947.85,28.61,1
SPLR-011,Tier 2,2023-02,1385.71,28.48,0
SPLR-012,Tier 3,2023-02,1313.29,26.63,0
SPLR-013,Tier 2,2023-02,928.97,31.25,2
SPLR-014,Tier 3,2023-02,1022.16,24.89,0
SPLR-015,Tier 3,2023-02,892.19,34.56,0
SPLR-016,Tier 2,2023-02,980.8,20.65,2
SPLR-017,Tier 3,2023-02,1118.92,29.69,0
SPLR-018,Tier 3,2023-02,941.42,25.0,0
SPLR-019,Tier 3,2023-02,801.02,30.29,1
SPLR-020,Tier 3,2023-02,1171.91,21.33,0
SPLR-021,Tier 3,2023-02,1524.98,26.22,2
SPLR-022,Tier 3,2023-02,1156.44,25.74,0
SPLR-023,Tier 3,2023-02,1217.44,19.31,1
SPLR-024,Tier 3,2023-02,1335.3,18.77,0
SPLR-025,Tier 3,2023-02,923.72,23.11,0
SPLR-026,Tier 2,2023-02,943.61,26.44,1
SPLR-027,Tier 2,2023-02,1011.02,26.38,0
SPLR-028,Tier 3,2023-02,917.42,31.78,0
SPLR-029,Tier 3,2023-02,1087.12,23.5,2
SPLR-030,Tier 1,2023-02,926.49,25.15,2
SPLR-031,Tier 2,2023-02,842.46,22.02,0
SPLR-032,Tier 3,2023-02,966.42,23.56,0
SPLR-033,Tier 1,2023-02,1076.12,26.37,5
SPLR-034,Tier 1,2023-02,933.87,16.84,3
SPLR-035,Tier 3,2023-02,917.31,26.63,0
SPLR-036,Tier 3,2023-02,1319.92,30.31,2
SPLR-037,Tier 3,2023-02,1237.89,32.2,0
SPLR-038,Tier 3,2023-02,1576.57,19.93,1
SPLR-039,Tier 3,2023-02,1071.79,20.09,0
SPLR-040,Tier 2,2023-02,927.89,25.43,0
SPLR-041,Tier 3,2023-02,1121.22,20.48,0
SPLR-042,Tier 2,2023-02,1218.47,18.65,1
SPLR-043,Tier 3,2023-02,1544.16,24.9,0
SPLR-044,Tier 3,2023-02,1276.14,17.27,2
SPLR-045,Tier 2,2023-02,936.49,31.83,1
SPLR-046,Tier 1,2023-02,1205.66,20.4,3
SPLR-047,Tier 3,2023-02,1011.64,24.22,1
SPLR-048,Tier 1,2023-02,1349.5,19.13,3
SPLR-049,Tier 3,2023-02,1125.66,20.11,1
SPLR-050,Tier 3,2023-02,1047.43,22.53,0
SPLR-051,Tier 3,2023-02,1175.48,20.1,1
SPLR-052,Tier 3,2023-02,879.02,16.56,0
SPLR-053,Tier 3,2023-02,1041.41,29.8,0
SPLR-054,Tier 3,2023-02,952.35,34.77,1
SPLR-055,Tier 2,2023-02,1163.31,25.66,0
SPLR-056,Tier 3,2023-02,1681.87,22.29,0
SPLR-057,Tier 1,2023-02,798.99,19.88,0
SPLR-058,Tier 3,2023-02,884.68,23.21,1
SPLR-059,Tier 2,2023-02,1098.14,21.59,2
SPLR-060,Tier 3,2023-02,1321.13,22.18,0
SPLR-061,Tier 3,2023-02,1106.71,21.04,1
SPLR-062,Tier 3,2023-02,941.81,22.8,0
SPLR-063,Tier 3,2023-02,1544.62,18.07,0
SPLR-064,Tier 3,2023-02,1344.34,26.59,0
SPLR-065,Tier 1,2023-02,1630.17,22.98,4
SPLR-066,Tier 2,2023-02,1197.17,20.93,0
SPLR-067,Tier 1,2023-02,1170.78,12.34,5
SPLR-068,Tier 3,2023-02,958.23,22.98,0
SPLR-069,Tier 3,2023-02,861.55,32.65,0
SPLR-070,Tier 3,2023-02,1259.44,26.04,0
SPLR-071,Tier 2,2023-02,1026.48,17.75,0
SPLR-072,Tier 1,2023-02,1168.65,27.09,3
SPLR-073,Tier 3,2023-02,1172.52,30.51,1
SPLR-074,Tier 3,2023-02,1189.14,24.51,0
SPLR-075,Tier 2,2023-02,849.3,27.53,1
SPLR-076,Tier 2,2023-02,1393.19,27.77,1
SPLR-077,Tier 1,2023-02,972.58,26.17,1
SPLR-078,Tier 3,2023-02,985.88,22.26,0
SPLR-079,Tier 2,2023-02,1057.63,22.2,1
SPLR-080,Tier 2,2023-02,1317.06,23.12,0
SPLR-081,Tier 1,2023-02,949.16,25.05,0
SPLR-082,Tier 3,2023-02,1469.41,34.49,1
SPLR-083,Tier 1,2023-02,1117.02,18.32,1
SPLR-084,Tier 2,2023-02,997.08,23.91,0
SPLR-085,Tier 3,2023-02,805.51,25.6,0
SPLR-086,Tier 3,2023-02,1290.96,14.47,0
SPLR-087,Tier 3,2023-02,885.36,33.85,0
SPLR-088,Tier 2,2023-02,1013.99,24.68,0
SPLR-089,Tier 3,2023-02,1104.02,27.54,1
SPLR-090,Tier 1,2023-02,841.71,22.17,0
SPLR-091,Tier 2,2023-02,1183.57,22.32,2
SPLR-092,Tier 1,2023-02,920.53,18.44,5
SPLR-093,Tier 2,2023-02,821.69,16.49,1
SPLR-094,Tier 2,2023-02,971.72,30.39,1
SPLR-095,Tier 3,2023-02,1343.99,26.41,2
SPLR-096,Tier 1,2023-02,937.61,27.12,2
SPLR-097,Tier 2,2023-02,1113.39,25.03,0
SPLR-098,Tier 2,2023-02,909.28,33.15,0
SPLR-099,Tier 3,2023-02,1385.1,19.16,0
SPLR-100,Tier 3,2023-02,777.8,19.74,0
SPLR-001,Tier 1,2023-03,874.76,26.32,3
SPLR-002,Tier 3,2023-03,1344.88,21.88,0
SPLR-003,Tier 3,2023-03,1268.26,19.61,0
SPLR-004,Tier 3,2023-03,1218.38,29.14,1
SPLR-005,Tier 2,2023-03,1007.27,21.94,1
SPLR-006,Tier 2,2023-03,775.6,25.6,0
SPLR-007,Tier 1,2023-03,776.63,24.84,1
SPLR-008,Tier 1,2023-03,1214.78,25.62,1
SPLR-009,Tier 3,2023-03,1128.66,21.22,0
SPLR-010,Tier 2,2023-03,1201.47,12.45,1
SPLR-011,Tier 3,2023-03,1281.31,25.92,0
SPLR-012,Tier 3,2023-03,1025.73,31.56,2
SPLR-013,Tier 3,2023-03,976.15,21.05,0
SPLR-014,Tier 1,2023-03,934.26,19.67,3
SPLR-015,Tier 3,2023-03,1096.25,18.53,0
SPLR-016,Tier 2,2023-03,950.64,17.18,1
SPLR-017,Tier 1,2023-03,1377.34,30.91,2
SPLR-018,Tier 3,2023-03,1639.66,17.6,1
SPLR-019,Tier 1,2023-03,908.02,30.04,1
SPLR-020,Tier 3,2023-03,1149.89,23.86,0
SPLR-021,Tier 2,2023-03,993.61,23.17,2
SPLR-022,Tier 2,2023-03,1246.2,21.05,1
SPLR-023,Tier 3,2023-03,848.46,22.92,2
SPLR-024,Tier 2,2023-03,1297.16,21.5,3
SPLR-025,Tier 1,2023-03,1159.44,20.89,2
SPLR-026,Tier 3,2023-03,757.52,25.23,0
SPLR-027,Tier 1,2023-03,1365.8,28.82,1
SPLR-028,Tier 3,2023-03,931.25,21.81,2
SPLR-029,Tier 1,2023-03,1167.74,26.33,3
SPLR-030,Tier 1,2023-03,989.49,24.09,1
SPLR-031,Tier 2,2023-03,935.0,19.43,2
SPLR-032,Tier 1,2023-03,977.42,27.12,4
SPLR-033,Tier 3,2023-03,1114.04,36.06,0
SPLR-034,Tier 1,2023-03,1293.77,21.92,1
SPLR-035,Tier 1,2023-03,1057.39,26.7,4
SPLR-036,Tier 3,2023-03,1303.04,29.36,1
SPLR-037,Tier 2,2023-03,1069.7,25.36,0
SPLR-038,Tier 2,2023-03,1043.22,34.03,1
SPLR-039,Tier 1,2023-03,1150.46,23.33,1
SPLR-040,Tier 1,2023-03,1100.18,34.03,5
SPLR-041,Tier 3,2023-03,1178.64,29.69,1
SPLR-042,Tier 3,2023-03,1155.15,28.04,0
SPLR-043,Tier 3,2023-03,1280.6,23.89,0
SPLR-044,Tier 2,2023-03,1096.54,25.94,1
SPLR-045,Tier 3,2023-03,1295.33,21.35,0
SPLR-046,Tier 3,2023-03,1168.27,25.2,0
SPLR-047,Tier 1,2023-03,845.6,18.73,3
SPLR-048,Tier 3,2023-03,881.5,25.12,1
SPLR-049,Tier 3,2023-03,1125.01,22.19,0
SPLR-050,Tier 1,2023-03,805.45,16.07,2
SPLR-051,Tier 3,2023-03,904.42,34.14,0
SPLR-052,Tier 3,2023-03,1263.37,20.86,0
SPLR-053,Tier 3,2023-03,1272.19,16.64,1
SPLR-054,Tier 2,2023-03,1038.6,28.1,0
SPLR-055,Tier 3,2023-03,1012.29,18.26,0
SPLR-056,Tier 1,2023-03,1179.86,28.4,1
SPLR-057,Tier 2,2023-03,1111.82,23.56,2
SPLR-058,Tier 2,2023-03,730.84,25.89,1
SPLR-059,Tier 3,2023-03,973.73,26.65,0
SPLR-060,Tier 2,2023-03,1061.67,22.73,1
SPLR-061,Tier 3,2023-03,1525.77,21.97,0
SPLR-062,Tier 1,2023-03,1137.77,24.89,3
SPLR-063,Tier 1,2023-03,1127.23,25.09,1
SPLR-064,Tier 3,2023-03,907.69,31.52,0
SPLR-065,Tier 1,2023-03,837.57,22.41,3
SPLR-066,Tier 2,2023-03,893.33,21.05,0
SPLR-067,Tier 3,2023-03,786.35,27.36,0
SPLR-068,Tier 3,2023-03,1277.58,23.49,1
SPLR-069,Tier 2,2023-03,950.08,23.44,1
SPLR-070,Tier 3,2023-03,894.53,19.71,0
SPLR-071,Tier 3,2023-03,1176.79,22.25,0
SPLR-072,Tier 2,2023-03,921.57,26.6,0
SPLR-073,Tier 3,2023-03,1118.18,31.52,0
SPLR-074,Tier 1,2023-03,1043.37,26.1,1
SPLR-075,Tier 3,2023-03,1436.43,25.34,4
SPLR-076,Tier 3,2023-03,904.75,19.92,0
SPLR-077,Tier 3,2023-03,1280.51,13.83,0
SPLR-078,Tier 3,2023-03,921.31,27.57,0
SPLR-079,Tier 3,2023-03,1404.66,25.08,1
SPLR-080,Tier 2,2023-03,1114.62,19.02,0
SPLR-081,Tier 2,2023-03,861.57,16.03,0
SPLR-082,Tier 2,2023-03,1056.39,27.06,0
SPLR-083,Tier 2,2023-03,1007.36,19.08,1
SPLR-084,Tier 2,2023-03,1006.95,26.35,2
SPLR-085,Tier 2,2023-03,1343.06,17.62,0
SPLR-086,Tier 1,2023-03,1339.36,27.4,0
SPLR-087,Tier 2,2023-03,863.92,19.46,1
SPLR-088,Tier 3,2023-03,1141.93,19.58,1
SPLR-089,Tier 2,2023-03,1029.31,23.31,0
SPLR-090,Tier 1,2023-03,1291.21,18.14,3
SPLR-091,Tier 3,2023-03,1053.38,17.83,1
SPLR-092,Tier 1,2023-03,1367.22,19.46,0
SPLR-093,Tier 3,2023-03,885.93,30.74,0
SPLR-094,Tier 1,2023-03,841.41,27.96,1
SPLR-095,Tier 1,2023-03,997.55,21.05,0
SPLR-096,Tier 3,2023-03,893.73,24.77,0
SPLR-097,Tier 3,2023-03,1146.45,33.27,1
SPLR-098,Tier 3,2023-03,842.26,25.79,0
SPLR-099,Tier 3,2023-03,1035.25,27.98,0
SPLR-100,Tier 3,2023-03,947.16,30.96,2
SPLR-001,Tier 2,2023-04,1036.35,16.65,0
SPLR-002,Tier 1,2023-04,1142.77,25.88,3
SPLR-003,Tier 2,2023-04,728.33,24.19,3
SPLR-004,Tier 3,2023-04,936.87,15.46,1
SPLR-005,Tier 3,2023-04,1391.45,28.55,2
SPLR-006,Tier 3,2023-04,1058.24,22.15,1
SPLR-007,Tier 3,2023-04,946.71,31.46,1
SPLR-008,Tier 3,2023-04,1141.82,33.11,0
SPLR-009,Tier 3,2023-04,1298.36,20.78,0
SPLR-010,Tier 2,2023-04,922.75,12.06,2
SPLR-011,Tier 3,2023-04,1016.71,16.94,0
SPLR-012,Tier 2,2023-04,1239.6,19.06,2
SPLR-013,Tier 3,2023-04,1221.59,32.64,1
SPLR-014,Tier 2,2023-04,1094.05,26.94,0
SPLR-015,Tier 1,2023-04,976.29,25.98,1
SPLR-016,Tier 3,2023-04,1298.01,22.25,0
SPLR-017,Tier 2,2023-04,971.79,13.05,1
SPLR-018,Tier 3,2023-04,1192.44,27.14,0
SPLR-019,Tier 3,2023-04,870.37,23.74,1
SPLR-020,Tier 3,2023-04,876.77,27.6,0
SPLR-021,Tier 3,2023-04,1064.27,23.8,0
SPLR-022,Tier 3,2023-04,1165.42,29.4,0
SPLR-023,Tier 3,2023-04,1091.92,28.84,0
SPLR-024,Tier 3,2023-04,1012.93,21.48,0
SPLR-025,Tier 3,2023-04,1556.57,31.45,0
SPLR-026,Tier 1,2023-04,1407.75,17.52,5
SPLR-027,Tier 3,2023-04,1323.6,32.54,0
SPLR-028,Tier 3,2023-04,1910.75,19.38,0
SPLR-029,Tier 2,2023-04,838.91,25.45,1
SPLR-030,Tier 1,2023-04,1057.77,20.87,2
SPLR-031,Tier 3,2023-04,757.89,28.76,2
SPLR-032,Tier 2,2023-04,1339.68,20.71,0
SPLR-033,Tier 2,2023-04,744.03,23.4,1
SPLR-034,Tier 1,2023-04,1455.6,26.8,1
SPLR-035,Tier 3,2023-04,1085.78,27.36,1
SPLR-036,Tier 3,2023-04,664.54,21.85,0
SPLR-037,Tier 2,2023-04,951.32,21.95,2
SPLR-038,Tier 1,2023-04,906.12,25.99,0
SPLR-039,Tier 3,2023-04,1338.31,23.94,0
SPLR-040,Tier 1,2023-04,985.79,24.56,3
SPLR-041,Tier 3,2023-04,957.59,23.41,0
SPLR-042,Tier 2,2023-04,1125.53,23.37,4
SPLR-043,Tier 2,2023-04,1264.33,17.92,1
SPLR-044,Tier 2,2023-04,935.27,29.78,0
SPLR-045,Tier 2,2023-04,1266.93,24.85,1
SPLR-046,Tier 3,2023-04,941.87,18.85,1
SPLR-047,Tier 3,2023-04,913.42,25.17,0
SPLR-048,Tier 3,2023-04,1062.08,26.97,0
SPLR-049,Tier 1,2023-04,1129.17,22.3,2
SPLR-050,Tier 1,2023-04,1408.81,27.24,4
SPLR-051,Tier 1,2023-04,1007.64,21.16,3
SPLR-052,Tier 3,2023-04,917.75,22.12,1
SPLR-053,Tier 3,2023-04,1197.94,18.38,0
SPLR-054,Tier 2,2023-04,1013.66,14.96,0
SPLR-055,Tier 3,2023-04,1027.1,23.19,1
SPLR-056,Tier 2,2023-04,1013.55,25.25,0
SPLR-057,Tier 2,2023-04,1370.95,23.88,1
SPLR-058,Tier 2,2023-04,1263.73,25.4,1
SPLR-059,Tier 3,2023-04,887.74,32.1,1
SPLR-060,Tier 1,2023-04,1352.19,19.84,3
SPLR-061,Tier 2,2023-04,1056.77,25.36,1
SPLR-062,Tier 2,2023-04,1380.86,29.43,2
SPLR-063,Tier 3,2023-04,1309.03,24.07,0
SPLR-064,Tier 2,2023-04,1330.73,21.11,1
SPLR-065,Tier 3,2023-04,1452.0,23.14,0
SPLR-066,Tier 1,2023-04,1054.28,23.4,1
SPLR-067,Tier 2,2023-04,878.24,16.59,0
SPLR-068,Tier 3,2023-04,1286.31,26.04,0
SPLR-069,Tier 1,2023-04,1466.4,30.0,2
SPLR-070,Tier 2,2023-04,1035.84,25.01,2
SPLR-071,Tier 2,2023-04,1112.74,24.79,1
SPLR-072,Tier 1,2023-04,1133.44,27.42,4
SPLR-073,Tier 2,2023-04,1160.78,24.53,1
SPLR-074,Tier 2,2023-04,1070.53,30.64,0
SPLR-075,Tier 1,2023-04,727.99,31.6,3
SPLR-076,Tier 3,2023-04,773.57,25.56,0
SPLR-077,Tier 1,2023-04,1001.0,28.97,1
SPLR-078,Tier 2,2023-04,1292.96,21.44,1
SPLR-079,Tier 3,2023-04,991.77,20.17,1
SPLR-080,Tier 3,2023-04,1080.45,26.53,0
SPLR-081,Tier 3,2023-04,1063.13,29.88,2
SPLR-082,Tier 3,2023-04,1137.97,22.45,0
SPLR-083,Tier 1,2023-04,1063.33,19.46,2
SPLR-084,Tier 3,2023-04,1162.33,26.32,0
SPLR-085,Tier 1,2023-04,795.33,38.19,3
SPLR-086,Tier 1,2023-04,1222.84,25.91,3
SPLR-087,Tier 3,2023-04,804.17,28.02,0
SPLR-088,Tier 3,2023-04,1104.05,21.87,0
SPLR-089,Tier 3,2023-04,1042.93,19.13,0
SPLR-090,Tier 3,2023-04,927.3,19.37,0
SPLR-091,Tier 3,2023-04,1051.53,27.15,0
SPLR-092,Tier 2,2023-04,1091.17,27.79,0
SPLR-093,Tier 1,2023-04,1018.03,16.79,4
SPLR-094,Tier 1,2023-04,703.05,29.22,3
SPLR-095,Tier 2,2023-04,844.82,27.6,2
SPLR-096,Tier 3,2023-04,1364.9,21.95,0
SPLR-097,Tier 3,2023-04,816.42,19.1,0
SPLR-098,Tier 3,2023-04,1065.83,32.55,1
SPLR-099,Tier 3,2023-04,1313.38,22.27,0
SPLR-100,Tier 1,2023-04,1087.19,17.28,1
SPLR-001,Tier 3,2023-05,1114.8,35.98,0
SPLR-002,Tier 2,2023-05,1096.38,27.36,1
SPLR-003,Tier 3,2023-05,1309.54,25.99,0
SPLR-004,Tier 3,2023-05,930.78,32.12,0
SPLR-005,Tier 2,2023-05,719.82,20.49,1
SPLR-006,Tier 2,2023-05,945.28,18.77,3
SPLR-007,Tier 2,2023-05,1538.59,26.36,0
SPLR-008,Tier 2,2023-05,1056.77,22.38,0
SPLR-009,Tier 1,2023-05,1063.46,15.03,1
SPLR-010,Tier 3,2023-05,852.85,14.38,0
SPLR-011,Tier 1,2023-05,1333.94,29.87,1
SPLR-012,Tier 3,2023-05,996.52,25.93,0
SPLR-013,Tier 3,2023-05,932.76,28.42,1
SPLR-014,Tier 2,2023-05,1055.46,31.03,0
SPLR-015,Tier 3,2023-05,1345.35,17.36,0
SPLR-016,Tier 3,2023-05,1010.17,21.6,0
SPLR-017,Tier 3,2023-05,1002.66,18.17,1
SPLR-018,Tier 2,2023-05,854.94,17.01,3
SPLR-019,Tier 1,2023-05,1044.5,22.68,1
SPLR-020,Tier 1,2023-05,1183.25,26.92,3
SPLR-021,Tier 3,2023-05,1112.83,23.32,0
SPLR-022,Tier 3,2023-05,793.46,20.42,1
SPLR-023,Tier 3,2023-05,1281.51,22.05,0
SPLR-024,Tier 1,2023-05,1470.39,22.99,3
SPLR-025,Tier 3,2023-05,1240.06,26.0,0
SPLR-026,Tier 2,2023-05,1167.86,32.78,0
SPLR-027,Tier 3,2023-05,745.97,23.41,0
SPLR-028,Tier 3,2023-05,1115.99,29.78,1
SPLR-029,Tier 2,2023-05,759.2,24.59,0
SPLR-030,Tier 3,2023-05,749.64,25.24,0
SPLR-031,Tier 3,2023-05,887.57,24.46,2
SPLR-032,Tier 3,2023-05,1127.49,23.38,2
SPLR-033,Tier 3,2023-05,1304.38,27.23,0
SPLR-034,Tier 3,2023-05,971.86,35.49,0
SPLR-035,Tier 3,2023-05,1101.29,23.38,0
SPLR-036,Tier 1,2023-05,790.45,22.27,1
SPLR-037,Tier 1,2023-05,1294.84,28.23,1
SPLR-038,Tier 2,2023-05,705.63,35.21,0
SPLR-039,Tier 2,2023-05,1270.4,26.81,2
SPLR-040,Tier 2,2023-05,969.96,22.98,0
SPLR-041,Tier 1,2023-05,1200.7,24.25,3
SPLR-042,Tier 3,2023-05,919.66,29.73,1
SPLR-043,Tier 2,2023-05,1146.73,24.18,0
SPLR-044,Tier 2,2023-05,1314.99,29.71,3
SPLR-045,Tier 1,2023-05,1181.67,30.36,1
SPLR-046,Tier 3,2023-05,1058.1,29.23,0
SPLR-047,Tier 1,2023-05,1315.38,22.72,2
SPLR-048,Tier 3,2023-05,894.19,12.51,1
SPLR-049,Tier 3,2023-05,1134.63,15.25,0
SPLR-050,Tier 3,2023-05,1069.04,26.15,0
SPLR-051,Tier 3,2023-05,1385.5,19.57,1
SPLR-052,Tier 2,2023-05,920.01,19.34,0
SPLR-053,Tier 3,2023-05,1021.2,25.54,0
SPLR-054,Tier 3,2023-05,784.92,13.85,0
SPLR-055,Tier 3,2023-05,1295.15,27.65,0
SPLR-056,Tier 2,2023-05,1337.32,23.64,1
SPLR-057,Tier 3,2023-05,847.33,26.12,0
SPLR-058,Tier 3,2023-05,1041.57,30.89,0
SPLR-059,Tier 2,2023-05,923.73,25.5,2
SPLR-060,Tier 2,2023-05,990.41,22.57,0
SPLR-061,Tier 1,2023-05,1331.6,26.48,0
SPLR-062,Tier 1,2023-05,1101.1,22.03,2
SPLR-063,Tier 1,2023-05,818.11,28.31,0
SPLR-064,Tier 3,2023-05,1238.35,31.99,0
SPLR-065,Tier 2,2023-05,1259.98,30.81,0
SPLR-066,Tier 3,2023-05,925.23,23.29,0
SPLR-067,Tier 3,2023-05,1261.57,27.09,1
SPLR-068,Tier 1,2023-05,1147.21,31.42,4
SPLR-069,Tier 2,2023-05,1214.16,27.25,0
SPLR-070,Tier 2,2023-05,841.61,30.27,1
SPLR-071,Tier 2,2023-05,872.52,26.43,1
SPLR-072,Tier 3,2023-05,1075.66,17.03,1
SPLR-073,Tier 1,2023-05,1167.56,22.11,2
SPLR-074,Tier 2,2023-05,865.93,28.38,0
SPLR-075,Tier 2,2023-05,1263.07,33.39,1
SPLR-076,Tier 2,2023-05,731.81,19.03,1
SPLR-077,Tier 2,2023-05,910.41,18.24,1
SPLR-078,Tier 3,2023-05,1041.27,26.9,1
SPLR-079,Tier 3,2023-05,1225.77,26.33,0
SPLR-080,Tier 3,2023-05,1072.7,27.45,2
SPLR-081,Tier 1,2023-05,973.17,20.32,0
SPLR-082,Tier 1,2023-05,1382.73,23.23,1
SPLR-083,Tier 3,2023-05,880.57,27.71,0
SPLR-084,Tier 2,2023-05,991.13,30.37,1
SPLR-085,Tier 3,2023-05,1338.94,30.72,1
SPLR-086,Tier 3,2023-05,1071.94,22.25,1
SPLR-087,Tier 3,2023-05,1184.56,20.61,3
SPLR-088,Tier 3,2023-05,1237.32,21.81,0
SPLR-089,Tier 2,2023-05,1107.35,25.43,1
SPLR-090,Tier 3,2023-05,793.29,15.33,0
SPLR-091,Tier 1,2023-05,1156.98,27.92,1
SPLR-092,Tier 2,2023-05,1165.43,23.84,2
SPLR-093,Tier 3,2023-05,1405.68,17.87,0
SPLR-094,Tier 3,2023-05,982.25,28.28,1
SPLR-095,Tier 2,2023-05,920.72,26.1,0
SPLR-096,Tier 3,2023-05,1035.61,27.17,2
SPLR-097,Tier 3,2023-05,1262.11,18.85,2
SPLR-098,Tier 2,2023-05,1007.94,26.6,2
SPLR-099,Tier 2,2023-05,971.89,23.5,0
SPLR-100,Tier 3,2023-05,998.11,30.83,0
SPLR-001,Tier 3,2023-06,875.28,34.1,0
SPLR-002,Tier 3,2023-06,1018.13,24.14,0
SPLR-003,Tier 3,2023-06,1123.92,20.08,1
SPLR-004,Tier 3,2023-06,1046.13,30.97,1
SPLR-005,Tier 3,2023-06,996.16,19.6,1
SPLR-006,Tier 3,2023-06,1194.2,14.14,1
SPLR-007,Tier 3,2023-06,1029.42,31.46,1
SPLR-008,Tier 2,2023-06,1040.92,29.69,2
SPLR-009,Tier 2,2023-06,948.2,21.65,1
SPLR-010,Tier 2,2023-06,863.29,25.11,3
SPLR-011,Tier 1,2023-06,977.65,27.08,0
SPLR-012,Tier 2,2023-06,1093.22,23.45,1
SPLR-013,Tier 3,2023-06,1079.02,24.47,1
SPLR-014,Tier 2,2023-06,922.22,28.86,2
SPLR-015,Tier 2,2023-06,1214.64,18.42,1
SPLR-016,Tier 1,2023-06,1205.96,23.02,3
SPLR-017,Tier 1,2023-06,831.02,31.57,3
SPLR-018,Tier 3,2023-06,1483.48,23.05,0
SPLR-019,Tier 1,2023-06,841.88,24.83,1
SPLR-020,Tier 3,2023-06,1034.8,28.13,1
SPLR-021,Tier 3,2023-06,1228.64,35.77,0
SPLR-022,Tier 3,2023-06,936.92,23.76,1
SPLR-023,Tier 1,2023-06,955.39,28.44,1
SPLR-024,Tier 2,2023-06,1121.53,27.0,1
SPLR-025,Tier 3,2023-06,866.19,29.79,0
SPLR-026,Tier 1,2023-06,1180.17,19.72,3
SPLR-027,Tier 2,2023-06,1264.15,26.26,0
SPLR-028,Tier 1,2023-06,875.74,21.06,4
SPLR-029,Tier 3,2023-06,937.51,20.25,0
SPLR-030,Tier 3,2023-06,860.5,18.76,0
SPLR-031,Tier 3,2023-06,1284.81,27.63,0
SPLR-032,Tier 1,2023-06,1170.26,22.46,1
SPLR-033,Tier 2,2023-06,826.34,29.8,1
SPLR-034,Tier 2,2023-06,1007.22,31.22,2
SPLR-035,Tier 3,2023-06,1285.73,24.81,1
SPLR-036,Tier 2,2023-06,969.8,27.96,2
SPLR-037,Tier 2,2023-06,1107.21,19.11,2
SPLR-038,Tier 2,2023-06,1232.94,25.56,2
SPLR-039,Tier 3,2023-06,750.07,35.56,0
SPLR-040,Tier 2,2023-06,1124.15,22.56,2
SPLR-041,Tier 3,2023-06,1164.62,20.19,0
SPLR-042,Tier 2,2023-06,1140.56,29.79,0
SPLR-043,Tier 3,2023-06,1086.58,27.78,0
SPLR-044,Tier 2,2023-06,846.1,28.51,3
SPLR-045,Tier 3,2023-06,1445.39,23.57,0
SPLR-046,Tier 2,2023-06,1551.98,35.14,0
SPLR-047,Tier 3,2023-06,1320.66,23.72,1
SPLR-048,Tier 3,2023-06,1037.18,22.97,1
SPLR-049,Tier 2,2023-06,982.76,26.47,1
SPLR-050,Tier 2,2023-06,959.87,28.61,1
SPLR-051,Tier 2,2023-06,1221.68,26.92,0
SPLR-052,Tier 3,2023-06,1134.45,30.12,0
SPLR-053,Tier 3,2023-06,874.32,23.74,1
SPLR-054,Tier 3,2023-06,1085.22,20.13,2
SPLR-055,Tier 3,2023-06,1092.13,28.18,0
SPLR-056,Tier 1,2023-06,1077.54,31.01,4
SPLR-057,Tier 2,2023-06,1062.66,14.54,1
SPLR-058,Tier 3,2023-06,1069.28,32.27,0
SPLR-059,Tier 3,2023-06,1031.64,23.0,1
SPLR-060,Tier 3,2023-06,1053.35,18.68,0
SPLR-061,Tier 1,2023-06,1072.18,24.32,2
SPLR-062,Tier 3,2023-06,1185.88,24.71,0
SPLR-063,Tier 3,2023-06,926.69,20.95,0
SPLR-064,Tier 2,2023-06,947.21,28.26,1
SPLR-065,Tier 3,2023-06,1399.97,22.9,0
SPLR-066,Tier 2,2023-06,842.46,26.5,1
SPLR-067,Tier 3,2023-06,1015.12,27.07,1
SPLR-068,Tier 1,2023-06,913.55,30.79,1
SPLR-069,Tier 2,2023-06,1076.65,18.36,0
SPLR-070,Tier 3,2023-06,1070.1,26.21,1
SPLR-071,Tier 2,2023-06,1278.38,19.75,2
SPLR-072,Tier 2,2023-06,1010.87,25.73,0
SPLR-073,Tier 2,2023-06,1203.29,28.1,1
SPLR-074,Tier 1,2023-06,994.57,21.21,3
SPLR-075,Tier 1,2023-06,1224.69,24.29,3
SPLR-076,Tier 3,2023-06,977.97,27.4,0
SPLR-077,Tier 2,2023-06,1649.86,23.82,2
SPLR-078,Tier 3,2023-06,1266.28,29.74,0
SPLR-079,Tier 2,2023-06,1029.7,26.34,0
SPLR-080,Tier 1,2023-06,956.14,18.25,1
SPLR-081,Tier 3,2023-06,1120.17,24.82,0
SPLR-082,Tier 3,2023-06,982.85,25.75,1
SPLR-083,Tier 3,2023-06,1727.91,30.69,0
SPLR-084,Tier 3,2023-06,969.86,19.93,0
SPLR-085,Tier 1,2023-06,1022.45,23.81,1
SPLR-086,Tier 2,2023-06,1202.49,28.07,0
SPLR-087,Tier 3,2023-06,1294.69,31.87,2
SPLR-088,Tier 3,2023-06,994.86,21.87,1
SPLR-089,Tier 1,2023-06,1122.21,22.89,3
SPLR-090,Tier 3,2023-06,901.55,16.56,0
SPLR-091,Tier 2,2023-06,893.26,24.95,1
SPLR-092,Tier 1,2023-06,1221.45,28.02,1
SPLR-093,Tier 1,2023-06,899.21,23.13,2
SPLR-094,Tier 2,2023-06,934.84,23.63,1
SPLR-095,Tier 3,2023-06,1376.13,15.69,1
SPLR-096,Tier 3,2023-06,1003.04,19.34,1
SPLR-097,Tier 3,2023-06,1270.8,26.83,2
SPLR-098,Tier 3,2023-06,1460.95,26.53,1
SPLR-099,Tier 1,2023-06,1173.2,22.49,1
SPLR-100,Tier 2,2023-06,857.53,24.28,0
SPLR-001,Tier 2,2023-07,1072.34,23.77,1
SPLR-002,Tier 1,2023-07,1289.04,27.36,1
SPLR-003,Tier 2,2023-07,1046.96,25.94,4
SPLR-004,Tier 3,2023-07,1292.1,18.0,0
SPLR-005,Tier 2,2023-07,1610.91,31.0,1
SPLR-006,Tier 1,2023-07,1301.71,22.98,2
SPLR-007,Tier 3,2023-07,1247.95,29.85,0
SPLR-008,Tier 3,2023-07,1309.95,25.99,0
SPLR-009,Tier 1,2023-07,1072.25,27.52,1
SPLR-010,Tier 3,2023-07,1058.45,26.55,2
SPLR-011,Tier 2,2023-07,1126.44,22.94,0
SPLR-012,Tier 1,2023-07,1026.29,32.26,3
SPLR-013,Tier 2,2023-07,829.92,18.13,2
SPLR-014,Tier 3,2023-07,1564.38,26.45,0
SPLR-015,Tier 2,2023-07,1139.7,24.26,2
SPLR-016,Tier 2,2023-07,1098.8,23.32,1
SPLR-017,Tier 3,2023-07,959.3,23.88,0
SPLR-018,Tier 1,2023-07,1060.08,27.83,1
SPLR-019,Tier 3,2023-07,1230.41,40.56,0
SPLR-020,Tier 1,2023-07,952.72,27.61,1
SPLR-021,Tier 3,2023-07,906.75,20.85,1
SPLR-022,Tier 3,2023-07,1023.16,31.14,0
SPLR-023,Tier 3,2023-07,1443.82,28.67,0
SPLR-024,Tier 3,2023-07,979.1,25.11,0
SPLR-025,Tier 2,2023-07,740.43,35.21,2
SPLR-026,Tier 2,2023-07,811.87,23.95,1
SPLR-027,Tier 3,2023-07,778.58,30.24,0
SPLR-028,Tier 3,2023-07,1365.26,25.07,1
SPLR-029,Tier 2,2023-07,1234.76,27.69,3
SPLR-030,Tier 1,2023-07,1604.98,21.57,2
SPLR-031,Tier 3,2023-07,929.79,25.66,0
SPLR-032,Tier 2,2023-07,1256.57,30.36,1
SPLR-033,Tier 3,2023-07,744.48,24.89,0
SPLR-034,Tier 3,2023-07,1169.35,29.16,1
SPLR-035,Tier 3,2023-07,1020.51,28.7,0
SPLR-036,Tier 3,2023-07,1229.95,25.1,0
SPLR-037,Tier 2,2023-07,1282.19,23.05,1
SPLR-038,Tier 1,2023-07,767.99,18.75,5
SPLR-039,Tier 3,2023-07,1000.2,16.87,0
SPLR-040,Tier 3,2023-07,1208.01,17.22,2
SPLR-041,Tier 1,2023-07,1429.67,25.43,2
SPLR-042,Tier 3,2023-07,1098.87,19.65,0
SPLR-043,Tier 2,2023-07,1099.26,22.88,2
SPLR-044,Tier 3,2023-07,1098.88,21.43,2
SPLR-045,Tier 3,2023-07,1211.81,23.61,0
SPLR-046,Tier 3,2023-07,842.0,33.52,0
SPLR-047,Tier 1,2023-07,859.74,20.85,4
SPLR-048,Tier 3,2023-07,942.47,25.34,2
SPLR-049,Tier 2,2023-07,1180.82,30.31,3
SPLR-050,Tier 2,2023-07,1097.08,19.88,0
SPLR-051,Tier 1,2023-07,992.4,37.7,1
SPLR-052,Tier 1,2023-07,1074.5,17.98,3
SPLR-053,Tier 1,2023-07,813.57,29.08,1
SPLR-054,Tier 3,2023-07,1033.13,24.65,0
SPLR-055,Tier 3,2023-07,962.49,28.05,0
SPLR-056,Tier 3,2023-07,1030.13,24.93,0
SPLR-057,Tier 3,2023-07,1203.43,28.33,2
SPLR-058,Tier 2,2023-07,1161.67,27.27,1
SPLR-059,Tier 3,2023-07,1180.01,28.64,1
SPLR-060,Tier 1,2023-07,955.22,21.7,2
SPLR-061,Tier 2,2023-07,1002.42,30.29,4
SPLR-062,Tier 3,2023-07,1058.27,23.94,1
SPLR-063,Tier 3,2023-07,1631.46,20.74,0
SPLR-064,Tier 2,2023-07,1074.63,16.23,0
SPLR-065,Tier 1,2023-07,1109.4,39.59,1
SPLR-066,Tier 2,2023-07,1136.88,14.63,1
SPLR-067,Tier 3,2023-07,1249.01,29.87,0
SPLR-068,Tier 3,2023-07,904.97,22.23,0
SPLR-069,Tier 3,2023-07,1004.28,20.02,1
SPLR-070,Tier 2,2023-07,855.83,15.73,1
SPLR-071,Tier 3,2023-07,1125.79,22.77,1
SPLR-072,Tier 2,2023-07,1305.62,15.22,3
SPLR-073,Tier 2,2023-07,917.13,33.66,1
SPLR-074,Tier 3,2023-07,1196.41,22.04,0
SPLR-075,Tier 3,2023-07,921.73,17.39,2
SPLR-076,Tier 3,2023-07,1019.59,22.45,1
SPLR-077,Tier 3,2023-07,1662.91,29.14,0
SPLR-078,Tier 1,2023-07,1103.0,31.94,0
SPLR-079,Tier 3,2023-07,1103.38,19.61,1
SPLR-080,Tier 3,2023-07,1154.93,27.52,0
SPLR-081,Tier 3,2023-07,929.4,28.21,0
SPLR-082,Tier 2,2023-07,1493.2,25.07,0
SPLR-083,Tier 1,2023-07,1005.85,12.27,2
SPLR-084,Tier 3,2023-07,1205.98,29.79,0
SPLR-085,Tier 2,2023-07,947.89,33.34,0
SPLR-086,Tier 3,2023-07,1144.04,35.34,1
SPLR-087,Tier 2,2023-07,1117.95,29.19,0
SPLR-088,Tier 3,2023-07,1439.44,23.45,1
SPLR-089,Tier 2,2023-07,1025.2,27.55,2
SPLR-090,Tier 1,2023-07,1254.6,27.12,0
SPLR-091,Tier 3,2023-07,1006.77,29.08,0
SPLR-092,Tier 2,2023-07,994.89,17.59,0
SPLR-093,Tier 3,2023-07,934.24,23.0,0
SPLR-094,Tier 2,2023-07,807.05,35.11,0
SPLR-095,Tier 3,2023-07,1176.13,26.44,1
SPLR-096,Tier 3,2023-07,961.09,27.31,0
SPLR-097,Tier 1,2023-07,1317.85,22.26,1
SPLR-098,Tier 3,2023-07,850.56,28.62,0
SPLR-099,Tier 2,2023-07,1584.65,26.88,0
SPLR-100,Tier 3,2023-07,1005.16,28.92,1
SPLR-001,Tier 3,2023-08,830.16,18.69,0
SPLR-002,Tier 3,2023-08,1222.84,19.6,1
SPLR-003,Tier 1,2023-08,1255.36,31.12,2
SPLR-004,Tier 3,2023-08,1437.43,27.28,0
SPLR-005,Tier 3,2023-08,1009.66,15.66,2
SPLR-006,Tier 1,2023-08,1227.06,26.39,0
SPLR-007,Tier 1,2023-08,1242.24,20.1,3
SPLR-008,Tier 3,2023-08,825.68,23.27,0
SPLR-009,Tier 2,2023-08,1030.37,31.17,1
SPLR-010,Tier 2,2023-08,961.39,23.7,2
SPLR-011,Tier 3,2023-08,906.2,22.74,0
SPLR-012,Tier 3,2023-08,1315.97,26.05,0
SPLR-013,Tier 3,2023-08,809.6,21.51,0
SPLR-014,Tier 3,2023-08,982.05,23.73,0
SPLR-015,Tier 2,2023-08,1349.93,24.08,2
SPLR-016,Tier 3,2023-08,941.64,22.51,0
SPLR-017,Tier 3,2023-08,1275.69,21.66,2
SPLR-018,Tier 3,2023-08,1016.57,28.85,0
SPLR-019,Tier 2,2023-08,1149.98,29.57,0
SPLR-020,Tier 3,2023-08,796.22,22.19,1
SPLR-021,Tier 2,2023-08,1029.93,13.99,1
SPLR-022,Tier 1,2023-08,1208.93,26.88,5
SPLR-023,Tier 3,2023-08,806.32,20.48,0
SPLR-024,Tier 2,2023-08,966.29,23.54,1
SPLR-025,Tier 2,2023-08,1037.14,23.36,1
SPLR-026,Tier 3,2023-08,1215.25,29.02,0
SPLR-027,Tier 2,2023-08,865.04,19.37,1
SPLR-028,Tier 2,2023-08,888.12,24.66,0
SPLR-029,Tier 2,2023-08,1052.04,34.27,3
SPLR-030,Tier 3,2023-08,984.6,27.69,0
SPLR-031,Tier 2,2023-08,918.66,33.42,1
SPLR-032,Tier 3,2023-08,1259.8,25.12,1
SPLR-033,Tier 2,2023-08,1380.84,17.44,0
SPLR-034,Tier 1,2023-08,1015.12,18.5,2
SPLR-035,Tier 3,2023-08,1102.52,25.75,0
SPLR-036,Tier 2,2023-08,1317.85,17.62,0
SPLR-037,Tier 3,2023-08,1130.05,28.67,0
SPLR-038,Tier 2,2023-08,1094.48,20.94,0
SPLR-039,Tier 1,2023-08,873.58,23.01,3
SPLR-040,Tier 3,2023-08,821.07,30.75,1
SPLR-041,Tier 3,2023-08,984.22,22.38,1
SPLR-042,Tier 2,2023-08,952.28,28.22,0
SPLR-043,Tier 2,2023-08,1224.28,24.73,1
SPLR-044,Tier 1,2023-08,906.97,23.02,4
SPLR-045,Tier 3,2023-08,1287.73,24.9,1
SPLR-046,Tier 3,2023-08,941.74,16.13,0
SPLR-047,Tier 3,2023-08,853.89,28.97,0
SPLR-048,Tier 3,2023-08,1225.21,21.94,1
SPLR-049,Tier 3,2023-08,1151.07,24.7,0
SPLR-050,Tier 3,2023-08,954.32,20.23,0
SPLR-051,Tier 3,2023-08,1240.27,23.89,1
SPLR-052,Tier 3,2023-08,1146.54,17.97,1
SPLR-053,Tier 1,2023-08,1471.76,19.46,3
SPLR-054,Tier 2,2023-08,897.77,23.98,2
SPLR-055,Tier 1,2023-08,1079.87,32.94,4
SPLR-056,Tier 3,2023-08,1422.4,26.91,0
SPLR-057,Tier 1,2023-08,1165.94,23.54,0
SPLR-058,Tier 3,2023-08,1049.61,33.18,0
SPLR-059,Tier 2,2023-08,1210.22,14.35,3
SPLR-060,Tier 3,2023-08,1190.54,24.42,1
SPLR-061,Tier 3,2023-08,1394.91,18.96,0
SPLR-062,Tier 3,2023-08,1169.7,18.62,0
SPLR-063,Tier 1,2023-08,1345.68,13.77,4
SPLR-064,Tier 2,2023-08,1115.03,18.09,3
SPLR-065,Tier 3,2023-08,895.36,12.34,0
SPLR-066,Tier 3,2023-08,939.09,21.08,0
SPLR-067,Tier 3,2023-08,1109.04,28.64,2
SPLR-068,Tier 3,2023-08,1003.26,25.55,0
SPLR-069,Tier 3,2023-08,1185.36,28.13,0
SPLR-070,Tier 1,2023-08,1209.01,13.73,0
SPLR-071,Tier 3,2023-08,946.03,21.69,0
SPLR-072,Tier 3,2023-08,967.57,29.31,0
SPLR-073,Tier 2,2023-08,1324.17,25.07,0
SPLR-074,Tier 3,2023-08,1040.23,21.78,1
SPLR-075,Tier 2,2023-08,1176.17,31.5,1
SPLR-076,Tier 3,2023-08,1076.7,25.59,0
SPLR-077,Tier 3,2023-08,866.57,29.76,0
SPLR-078,Tier 3,2023-08,850.57,35.68,1
SPLR-079,Tier 1,2023-08,1470.09,13.43,3
SPLR-080,Tier 3,2023-08,1406.03,21.3,0
SPLR-081,Tier 2,2023-08,1069.92,17.75,3
SPLR-082,Tier 3,2023-08,896.28,24.87,1
SPLR-083,Tier 1,2023-08,1088.42,28.45,2
SPLR-084,Tier 1,2023-08,1001.74,25.46,1
SPLR-085,Tier 1,2023-08,992.9,19.39,2
SPLR-086,Tier 1,2023-08,848.67,25.08,4
SPLR-087,Tier 2,2023-08,1010.23,32.53,1
SPLR-088,Tier 3,2023-08,822.74,29.74,0
SPLR-089,Tier 2,2023-08,944.68,26.91,0
SPLR-090,Tier 3,2023-08,1334.17,26.6,0
SPLR-091,Tier 3,2023-08,1165.19,23.62,0
SPLR-092,Tier 3,2023-08,834.2,28.43,0
SPLR-093,Tier 2,2023-08,1041.31,29.85,2
SPLR-094,Tier 3,2023-08,1097.34,18.08,2
SPLR-095,Tier 3,2023-08,1218.95,33.83,1
SPLR-096,Tier 1,2023-08,1305.2,25.47,2
SPLR-097,Tier 2,2023-08,914.08,19.08,1
SPLR-098,Tier 3,2023-08,1550.57,22.72,0
SPLR-099,Tier 3,2023-08,1474.76,24.51,1
SPLR-100,Tier 1,2023-08,935.02,26.83,1
SPLR-001,Tier 3,2023-09,946.97,29.32,2
SPLR-002,Tier 1,2023-09,1025.92,17.69,2
SPLR-003,Tier 3,2023-09,1247.16,22.2,0
SPLR-004,Tier 3,2023-09,764.16,23.01,0
SPLR-005,Tier 3,2023-09,969.94,32.84,1
SPLR-006,Tier 3,2023-09,1048.42,25.41,1
SPLR-007,Tier 3,2023-09,924.13,20.97,0
SPLR-008,Tier 3,2023-09,1029.97,29.37,1
SPLR-009,Tier 1,2023-09,1132.04,24.94,2
SPLR-010,Tier 1,2023-09,991.15,17.82,3
SPLR-011,Tier 3,2023-09,792.16,31.67,0
SPLR-012,Tier 3,2023-09,1338.88,35.35,0
SPLR-013,Tier 3,2023-09,853.15,25.1,1
SPLR-014,Tier 3,2023-09,1154.8,22.51,2
SPLR-015,Tier 2,2023-09,1093.36,19.4,0
SPLR-016,Tier 3,2023-09,977.56,17.53,0
SPLR-017,Tier 2,2023-09,1041.84,32.12,0
SPLR-018,Tier 3,2023-09,1095.68,16.27,0
SPLR-019,Tier 2,2023-09,1338.73,35.01,4
SPLR-020,Tier 3,2023-09,1006.95,21.27,3
SPLR-021,Tier 2,2023-09,1061.96,28.06,0
SPLR-022,Tier 3,2023-09,972.87,24.63,0
SPLR-023,Tier 3,2023-09,1017.3,14.57,1
SPLR-024,Tier 2,2023-09,941.35,34.49,2
SPLR-025,Tier 1,2023-09,781.79,26.34,0
SPLR-026,Tier 1,2023-09,1263.08,26.99,1
SPLR-027,Tier 2,2023-09,1173.85,23.69,0
SPLR-028,Tier 2,2023-09,966.47,25.37,0
SPLR-029,Tier 2,2023-09,1000.8,33.61,0
SPLR-030,Tier 3,2023-09,1198.88,19.83,0
SPLR-031,Tier 2,2023-09,998.26,18.93,1
SPLR-032,Tier 3,2023-09,1109.1,24.74,1
SPLR-033,Tier 3,2023-09,1301.49,24.05,0
SPLR-034,Tier 3,2023-09,1124.6,23.33,0
SPLR-035,Tier 3,2023-09,966.35,25.49,0
SPLR-036,Tier 1,2023-09,864.49,27.61,2
SPLR-037,Tier 2,2023-09,1009.87,26.01,0
SPLR-038,Tier 3,2023-09,864.65,24.87,1
SPLR-039,Tier 2,2023-09,718.75,23.95,1
SPLR-040,Tier 2,2023-09,802.79,22.44,1
SPLR-041,Tier 2,2023-09,1288.34,21.62,0
SPLR-042,Tier 2,2023-09,1088.02,27.58,0
SPLR-043,Tier 1,2023-09,973.63,24.07,1
SPLR-044,Tier 2,2023-09,948.78,34.87,1
SPLR-045,Tier 2,2023-09,817.15,39.17,1
SPLR-046,Tier 3,2023-09,975.69,21.92,1
SPLR-047,Tier 2,2023-09,839.14,26.82,3
SPLR-048,Tier 3,2023-09,1261.35,18.63,0
SPLR-049,Tier 1,2023-09,1055.64,27.96,3
SPLR-050,Tier 2,2023-09,807.26,12.47,2
SPLR-051,Tier 3,2023-09,1081.32,22.03,0
SPLR-052,Tier 2,2023-09,1186.54,21.75,2
SPLR-053,Tier 3,2023-09,1158.78,28.48,0
SPLR-054,Tier 2,2023-09,1338.23,25.68,1
SPLR-055,Tier 3,2023-09,1762.12,23.85,0
SPLR-056,Tier 2,2023-09,1140.82,28.36,1
SPLR-057,Tier 2,2023-09,912.53,26.3,0
SPLR-058,Tier 1,2023-09,697.58,28.42,1
SPLR-059,Tier 3,2023-09,863.86,23.67,1
SPLR-060,Tier 3,2023-09,885.15,30.98,0
SPLR-061,Tier 3,2023-09,1513.93,20.27,0
SPLR-062,Tier 2,2023-09,1114.06,31.81,0
SPLR-063,Tier 2,2023-09,1145.24,28.33,0
SPLR-064,Tier 1,2023-09,1118.83,22.9,2
SPLR-065,Tier 2,2023-09,1219.54,19.47,1
SPLR-066,Tier 3,2023-09,832.24,34.33,0
SPLR-067,Tier 3,2023-09,1232.54,22.27,0
SPLR-068,Tier 2,2023-09,772.61,27.08,0
SPLR-069,Tier 3,2023-09,1130.77,22.65,0
SPLR-070,Tier 3,2023-09,918.98,32.86,0
SPLR-071,Tier 2,2023-09,724.73,22.41,0
SPLR-072,Tier 3,2023-09,1315.53,18.71,1
SPLR-073,Tier 3,2023-09,844.54,24.11,0
SPLR-074,Tier 3,2023-09,961.31,21.51,0
SPLR-075,Tier 2,2023-09,1149.63,20.52,0
SPLR-076,Tier 2,2023-09,1154.93,20.45,0
SPLR-077,Tier 3,2023-09,1181.84,33.84,0
SPLR-078,Tier 1,2023-09,933.92,26.61,2
SPLR-079,Tier 3,2023-09,1291.83,26.37,2
SPLR-080,Tier 1,2023-09,947.5,20.83,3
SPLR-081,Tier 3,2023-09,840.92,17.4,1
SPLR-082,Tier 3,2023-09,815.22,30.41,1
SPLR-083,Tier 2,2023-09,1089.61,30.46,1
SPLR-084,Tier 3,2023-09,1053.0,30.3,0
SPLR-085,Tier 3,2023-09,1046.98,19.51,0
SPLR-086,Tier 1,2023-09,1462.96,20.49,4
SPLR-087,Tier 3,2023-09,803.38,19.8,0
SPLR-088,Tier 2,2023-09,1215.95,19.5,2
SPLR-089,Tier 3,2023-09,1114.56,19.69,1
SPLR-090,Tier 2,2023-09,1295.13,16.92,3
SPLR-091,Tier 3,2023-09,1132.92,20.51,1
SPLR-092,Tier 3,2023-09,1238.16,21.61,0
SPLR-093,Tier 1,2023-09,1102.53,13.43,3
SPLR-094,Tier 3,2023-09,1354.59,36.16,1
SPLR-095,Tier 3,2023-09,1082.47,17.28,1
SPLR-096,Tier 1,2023-09,971.07,30.83,2
SPLR-097,Tier 1,2023-09,1108.79,21.76,2
SPLR-098,Tier 2,2023-09,951.06,29.05,3
SPLR-099,Tier 2,2023-09,998.68,35.27,1
SPLR-100,Tier 2,2023-09,1089.09,18.12,2
SPLR-001,Tier 3,2023-10,942.01,26.63,1
SPLR-002,Tier 3,2023-10,1061.25,23.11,0
SPLR-003,Tier 2,2023-10,1173.11,21.81,0
SPLR-004,Tier 3,2023-10,1140.97,18.99,2
SPLR-005,Tier 1,2023-10,903.92,33.12,0
SPLR-006,Tier 3,2023-10,1100.82,19.82,1
SPLR-007,Tier 3,2023-10,1115.04,33.73,0
SPLR-008,Tier 2,2023-10,1170.57,23.03,2
SPLR-009,Tier 2,2023-10,1281.9,18.88,0
SPLR-010,Tier 3,2023-10,1264.63,25.86,0
SPLR-011,Tier 3,2023-10,899.55,27.8,1
SPLR-012,Tier 3,2023-10,960.04,19.86,0
SPLR-013,Tier 2,2023-10,1041.26,29.19,0
SPLR-014,Tier 3,2023-10,767.23,22.26,2
SPLR-015,Tier 2,2023-10,1121.93,30.47,0
SPLR-016,Tier 3,2023-10,1109.51,34.78,1
SPLR-017,Tier 3,2023-10,1274.14,24.33,1
SPLR-018,Tier 3,2023-10,805.8,29.84,2
SPLR-019,Tier 3,2023-10,1312.96,17.47,0
SPLR-020,Tier 3,2023-10,1073.79,22.93,0
SPLR-021,Tier 3,2023-10,806.04,22.88,0
SPLR-022,Tier 1,2023-10,1112.18,34.82,1
SPLR-023,Tier 2,2023-10,951.41,25.77,0
SPLR-024,Tier 3,2023-10,1254.79,29.09,1
SPLR-025,Tier 3,2023-10,1609.89,23.22,0
SPLR-026,Tier 3,2023-10,1367.17,27.83,0
SPLR-027,Tier 3,2023-10,849.15,20.69,1
SPLR-028,Tier 3,2023-10,1013.65,29.27,1
SPLR-029,Tier 3,2023-10,1096.9,30.13,0
SPLR-030,Tier 1,2023-10,1428.28,27.4,1
SPLR-031,Tier 3,2023-10,1644.81,28.02,0
SPLR-032,Tier 3,2023-10,1117.98,23.64,1
SPLR-033,Tier 3,2023-10,1265.46,22.51,0
SPLR-034,Tier 1,2023-10,1017.65,27.67,4
SPLR-035,Tier 3,2023-10,859.42,20.52,2
SPLR-036,Tier 1,2023-10,998.9,24.29,0
SPLR-037,Tier 3,2023-10,1430.94,26.6,0
SPLR-038,Tier 1,2023-10,856.57,21.71,1
SPLR-039,Tier 1,2023-10,1056.13,28.86,3
SPLR-040,Tier 2,2023-10,1162.89,26.23,0
SPLR-041,Tier 1,2023-10,1050.96,20.64,3
SPLR-042,Tier 3,2023-10,1128.71,21.41,1
SPLR-043,Tier 2,2023-10,973.39,26.15,1
SPLR-044,Tier 3,2023-10,920.88,30.31,0
SPLR-045,Tier 3,2023-10,875.87,26.77,1
SPLR-046,Tier 3,2023-10,911.21,27.27,1
SPLR-047,Tier 3,2023-10,820.58,22.73,1
SPLR-048,Tier 1,2023-10,1176.35,18.84,0
SPLR-049,Tier 1,2023-10,1426.23,21.11,2
SPLR-050,Tier 2,2023-10,932.93,23.74,1
SPLR-051,Tier 2,2023-10,903.04,29.17,0
SPLR-052,Tier 3,2023-10,1317.33,22.14,1
SPLR-053,Tier 3,2023-10,991.75,24.77,1
SPLR-054,Tier 2,2023-10,1079.03,28.42,0
SPLR-055,Tier 1,2023-10,1375.03,36.05,1
SPLR-056,Tier 3,2023-10,1365.87,29.33,0
SPLR-057,Tier 2,2023-10,941.42,20.65,0
SPLR-058,Tier 2,2023-10,950.92,23.28,0
SPLR-059,Tier 3,2023-10,1233.34,27.24,0
SPLR-060,Tier 3,2023-10,828.37,23.12,0
SPLR-061,Tier 3,2023-10,1110.62,29.36,0
SPLR-062,Tier 3,2023-10,853.82,16.14,1
SPLR-063,Tier 3,2023-10,1230.36,15.39,0
SPLR-064,Tier 1,2023-10,1010.3,18.4,2
SPLR-065,Tier 2,2023-10,1620.47,20.31,1
SPLR-066,Tier 3,2023-10,1120.97,30.27,0
SPLR-067,Tier 2,2023-10,1070.4,21.26,3
SPLR-068,Tier 3,2023-10,1315.69,19.62,1
SPLR-069,Tier 2,2023-10,663.55,24.25,1
SPLR-070,Tier 2,2023-10,1025.48,23.21,0
SPLR-071,Tier 2,2023-10,829.42,30.11,1
SPLR-072,Tier 3,2023-10,861.69,18.15,0
SPLR-073,Tier 2,2023-10,1636.2,34.34,1
SPLR-074,Tier 2,2023-10,1007.03,25.65,0
SPLR-075,Tier 3,2023-10,1597.66,15.69,1
SPLR-076,Tier 3,2023-10,988.25,27.8,0
SPLR-077,Tier 2,2023-10,921.18,16.79,0
SPLR-078,Tier 1,2023-10,1398.53,25.08,3
SPLR-079,Tier 3,2023-10,796.49,24.67,1
SPLR-080,Tier 2,2023-10,949.65,20.62,1
SPLR-081,Tier 3,2023-10,996.73,31.42,0
SPLR-082,Tier 3,2023-10,1039.82,29.85,0
SPLR-083,Tier 3,2023-10,1248.34,19.41,0
SPLR-084,Tier 3,2023-10,1040.81,20.3,1
SPLR-085,Tier 2,2023-10,970.41,27.49,3
SPLR-086,Tier 2,2023-10,976.59,23.21,1
SPLR-087,Tier 3,2023-10,1009.42,13.97,0
SPLR-088,Tier 2,2023-10,1241.0,26.33,0
SPLR-089,Tier 2,2023-10,903.11,23.34,3
SPLR-090,Tier 2,2023-10,971.2,25.7,2
SPLR-091,Tier 2,2023-10,1029.2,26.32,0
SPLR-092,Tier 2,2023-10,1013.8,28.71,0
SPLR-093,Tier 3,2023-10,1665.98,21.16,0
SPLR-094,Tier 3,2023-10,1275.32,24.08,2
SPLR-095,Tier 3,2023-10,1089.4,29.56,0
SPLR-096,Tier 1,2023-10,1104.63,25.93,2
SPLR-097,Tier 3,2023-10,1220.21,19.89,0
SPLR-098,Tier 3,2023-10,1405.41,23.42,1
SPLR-099,Tier 2,2023-10,1185.57,27.18,1
SPLR-100,Tier 3,2023-10,915.29,19.33,0
SPLR-001,Tier 3,2023-11,925.01,21.6,0
SPLR-002,Tier 3,2023-11,1286.55,30.64,0
SPLR-003,Tier 1,2023-11,1107.14,28.89,2
SPLR-004,Tier 2,2023-11,1068.98,25.14,2
SPLR-005,Tier 3,2023-11,1225.81,19.56,1
SPLR-006,Tier 1,2023-11,933.87,36.02,4
SPLR-007,Tier 3,2023-11,990.45,17.94,1
SPLR-008,Tier 1,2023-11,1391.1,25.56,2
SPLR-009,Tier 3,2023-11,1117.52,23.82,0
SPLR-010,Tier 3,2023-11,1225.87,22.78,0
SPLR-011,Tier 2,2023-11,1001.13,34.04,0
SPLR-012,Tier 3,2023-11,1054.58,24.17,2
SPLR-013,Tier 3,2023-11,803.11,19.83,0
SPLR-014,Tier 2,2023-11,1786.74,19.81,1
SPLR-015,Tier 1,2023-11,744.13,23.82,2
SPLR-016,Tier 3,2023-11,1437.4,22.12,1
SPLR-017,Tier 2,2023-11,1211.23,17.87,1
SPLR-018,Tier 3,2023-11,757.37,24.26,0
SPLR-019,Tier 3,2023-11,1032.88,24.06,1
SPLR-020,Tier 1,2023-11,1049.26,30.49,4
SPLR-021,Tier 3,2023-11,1033.35,18.31,0
SPLR-022,Tier 3,2023-11,986.24,24.37,1
SPLR-023,Tier 3,2023-11,1077.51,17.89,1
SPLR-024,Tier 3,2023-11,762.5,24.98,2
SPLR-025,Tier 3,2023-11,1289.82,20.38,0
SPLR-026,Tier 1,2023-11,1105.3,18.57,2
SPLR-027,Tier 3,2023-11,857.48,29.62,0
SPLR-028,Tier 1,2023-11,1013.19,27.52,4
SPLR-029,Tier 3,2023-11,1052.94,21.8,1
SPLR-030,Tier 3,2023-11,962.23,23.18,1
SPLR-031,Tier 2,2023-11,1183.0,24.31,0
SPLR-032,Tier 2,2023-11,1182.55,23.85,0
SPLR-033,Tier 3,2023-11,1127.64,16.76,1
SPLR-034,Tier 3,2023-11,1199.94,20.7,0
SPLR-035,Tier 3,2023-11,1381.29,22.67,1
SPLR-036,Tier 3,2023-11,966.26,11.91,0
SPLR-037,Tier 1,2023-11,990.62,24.25,2
SPLR-038,Tier 3,2023-11,1185.52,27.64,0
SPLR-039,Tier 1,2023-11,1286.04,18.02,1
SPLR-040,Tier 3,2023-11,999.75,22.02,1
SPLR-041,Tier 2,2023-11,1273.59,23.37,1
SPLR-042,Tier 3,2023-11,985.42,18.77,0
SPLR-043,Tier 3,2023-11,874.49,29.98,0
SPLR-044,Tier 2,2023-11,1218.44,24.3,1
SPLR-045,Tier 3,2023-11,977.57,23.15,0
SPLR-046,Tier 3,2023-11,928.49,22.59,0
SPLR-047,Tier 2,2023-11,744.92,29.97,1
SPLR-048,Tier 1,2023-11,881.81,19.83,2
SPLR-049,Tier 1,2023-11,1226.38,14.86,1
SPLR-050,Tier 1,2023-11,1228.57,37.49,1
SPLR-051,Tier 2,2023-11,1163.69,31.6,0
SPLR-052,Tier 2,2023-11,1502.95,27.16,2
SPLR-053,Tier 1,2023-11,1295.5,30.91,0
SPLR-054,Tier 3,2023-11,790.12,20.39,1
SPLR-055,Tier 3,2023-11,1249.85,25.88,3
SPLR-056,Tier 3,2023-11,860.92,33.93,1
SPLR-057,Tier 3,2023-11,1091.93,26.04,1
SPLR-058,Tier 1,2023-11,1199.03,21.52,0
SPLR-059,Tier 3,2023-11,868.01,32.12,1
SPLR-060,Tier 3,2023-11,943.37,23.47,0
SPLR-061,Tier 3,2023-11,1203.76,37.7,1
SPLR-062,Tier 3,2023-11,774.19,17.93,0
SPLR-063,Tier 1,2023-11,1012.65,29.04,3
SPLR-064,Tier 3,2023-11,1086.09,20.99,2
SPLR-065,Tier 1,2023-11,1201.0,21.7,3
SPLR-066,Tier 1,2023-11,1180.92,27.76,2
SPLR-067,Tier 2,2023-11,985.98,19.88,1
SPLR-068,Tier 2,2023-11,789.21,24.11,0
SPLR-069,Tier 2,2023-11,817.76,32.83,0
SPLR-070,Tier 2,2023-11,1161.37,27.91,2
SPLR-071,Tier 3,2023-11,906.96,28.27,0
SPLR-072,Tier 3,2023-11,1061.36,30.56,1
SPLR-073,Tier 2,2023-11,1024.73,31.73,1
SPLR-074,Tier 3,2023-11,1078.0,28.54,0
SPLR-075,Tier 1,2023-11,1202.11,27.58,1
SPLR-076,Tier 3,2023-11,1185.08,24.83,2
SPLR-077,Tier 3,2023-11,1592.85,22.65,1
SPLR-078,Tier 1,2023-11,1113.69,30.78,1
SPLR-079,Tier 1,2023-11,1132.93,16.03,0
SPLR-080,Tier 2,2023-11,1157.87,22.96,0
SPLR-081,Tier 2,2023-11,1030.83,17.28,2
SPLR-082,Tier 3,2023-11,1188.07,31.33,0
SPLR-083,Tier 3,2023-11,1040.95,19.11,0
SPLR-084,Tier 3,2023-11,1187.38,32.75,0
SPLR-085,Tier 2,2023-11,988.17,21.96,1
SPLR-086,Tier 1,2023-11,857.7,25.29,3
SPLR-087,Tier 3,2023-11,935.22,25.94,0
SPLR-088,Tier 2,2023-11,1277.12,28.44,2
SPLR-089,Tier 3,2023-11,1242.91,24.99,0
SPLR-090,Tier 2,2023-11,723.85,34.4,0
SPLR-091,Tier 1,2023-11,704.77,25.96,3
SPLR-092,Tier 1,2023-11,1157.67,32.28,1
SPLR-093,Tier 3,2023-11,815.66,27.29,0
SPLR-094,Tier 3,2023-11,952.85,23.24,1
SPLR-095,Tier 2,2023-11,1029.7,23.3,1
SPLR-096,Tier 3,2023-11,1022.6,17.02,0
SPLR-097,Tier 2,2023-11,887.67,33.98,0
SPLR-098,Tier 3,2023-11,1205.3,19.32,0
SPLR-099,Tier 3,2023-11,1195.73,20.32,0
SPLR-100,Tier 2,2023-11,1218.82,30.42,0
SPLR-001,Tier 2,2023-12,980.93,34.08,1
SPLR-002,Tier 3,2023-12,860.83,32.68,1
SPLR-003,Tier 3,2023-12,1257.72,21.85,1
SPLR-004,Tier 1,2023-12,1264.79,11.46,1
SPLR-005,Tier 2,2023-12,950.47,20.38,1
SPLR-006,Tier 3,2023-12,1160.23,28.51,0
SPLR-007,Tier 1,2023-12,1371.93,31.42,1
SPLR-008,Tier 3,2023-12,1110.68,24.58,2
SPLR-009,Tier 1,2023-12,1088.22,20.51,1
SPLR-010,Tier 3,2023-12,1022.44,26.34,0
SPLR-011,Tier 3,2023-12,863.78,26.05,0
SPLR-012,Tier 3,2023-12,788.57,21.52,0
SPLR-013,Tier 1,2023-12,1244.51,25.9,1
SPLR-014,Tier 2,2023-12,1371.18,29.68,1
SPLR-015,Tier 3,2023-12,1066.63,29.0,1
SPLR-016,Tier 1,2023-12,878.03,23.72,2
SPLR-017,Tier 2,2023-12,1408.82,23.55,3
SPLR-018,Tier 3,2023-12,1401.74,26.42,0
SPLR-019,Tier 1,2023-12,931.72,22.99,5
SPLR-020,Tier 3,2023-12,893.3,33.31,0
SPLR-021,Tier 3,2023-12,989.09,30.99,0
SPLR-022,Tier 2,2023-12,1133.05,21.49,1
SPLR-023,Tier 3,2023-12,994.31,25.97,0
SPLR-024,Tier 2,2023-12,1209.19,27.55,0
SPLR-025,Tier 1,2023-12,1140.48,28.7,5
SPLR-026,Tier 2,2023-12,951.59,17.47,1
SPLR-027,Tier 3,2023-12,1218.98,22.89,0
SPLR-028,Tier 3,2023-12,911.09,27.59,0
SPLR-029,Tier 2,2023-12,1064.47,24.12,2
SPLR-030,Tier 3,2023-12,762.54,13.08,2
SPLR-031,Tier 3,2023-12,1274.86,27.23,0
SPLR-032,Tier 3,2023-12,1254.68,24.02,1
SPLR-033,Tier 1,2023-12,737.86,27.07,3
SPLR-034,Tier 2,2023-12,1076.02,25.17,1
SPLR-035,Tier 1,2023-12,888.02,29.11,5
SPLR-036,Tier 3,2023-12,1344.21,25.04,0
SPLR-037,Tier 3,2023-12,822.16,28.57,1
SPLR-038,Tier 1,2023-12,1324.06,30.99,1
SPLR-039,Tier 3,2023-12,807.92,21.51,2
SPLR-040,Tier 1,2023-12,1428.49,32.86,2
SPLR-041,Tier 2,2023-12,1134.73,16.48,1
SPLR-042,Tier 3,2023-12,1134.03,22.58,0
SPLR-043,Tier 3,2023-12,1011.37,18.48,0
SPLR-044,Tier 3,2023-12,779.39,30.94,0
SPLR-045,Tier 3,2023-12,837.15,25.89,0
SPLR-046,Tier 2,2023-12,1048.73,30.01,1
SPLR-047,Tier 3,2023-12,1852.06,24.44,0
SPLR-048,Tier 2,2023-12,925.45,27.79,0
SPLR-049,Tier 3,2023-12,1080.84,19.37,0
SPLR-050,Tier 3,2023-12,1049.04,22.82,0
SPLR-051,Tier 2,2023-12,1141.05,34.13,0
SPLR-052,Tier 3,2023-12,1160.27,19.12,0
SPLR-053,Tier 3,2023-12,793.39,28.99,0
SPLR-054,Tier 3,2023-12,964.94,22.17,0
SPLR-055,Tier 3,2023-12,864.1,29.18,0
SPLR-056,Tier 2,2023-12,1680.86,27.19,2
SPLR-057,Tier 1,2023-12,1236.94,25.64,2
SPLR-058,Tier 3,2023-12,1088.55,16.37,1
SPLR-059,Tier 3,2023-12,1112.22,23.54,1
SPLR-060,Tier 3,2023-12,932.5,34.23,2
SPLR-061,Tier 2,2023-12,1228.48,26.76,1
SPLR-062,Tier 1,2023-12,939.45,28.56,3
SPLR-063,Tier 1,2023-12,970.71,19.03,1
SPLR-064,Tier 2,2023-12,926.55,29.23,1
SPLR-065,Tier 3,2023-12,1073.03,26.05,0
SPLR-066,Tier 3,2023-12,1118.02,20.93,0
SPLR-067,Tier 3,2023-12,810.88,15.46,0
SPLR-068,Tier 3,2023-12,1298.68,42.65,0
SPLR-069,Tier 2,2023-12,1128.23,20.81,0
SPLR-070,Tier 2,2023-12,952.61,22.31,2
SPLR-071,Tier 2,2023-12,891.06,21.8,1
SPLR-072,Tier 3,2023-12,1137.49,35.21,1
SPLR-073,Tier 3,2023-12,1199.89,27.98,0
SPLR-074,Tier 1,2023-12,877.32,23.21,1
SPLR-075,Tier 3,2023-12,739.75,31.7,1
SPLR-076,Tier 2,2023-12,956.22,30.82,0
SPLR-077,Tier 3,2023-12,1001.39,29.03,1
SPLR-078,Tier 3,2023-12,989.74,8.26,1
SPLR-079,Tier 1,2023-12,1231.1,26.52,0
SPLR-080,Tier 2,2023-12,1170.02,21.41,1
SPLR-081,Tier 1,2023-12,1086.38,19.34,0
SPLR-082,Tier 1,2023-12,1441.4,24.3,1
SPLR-083,Tier 3,2023-12,1027.67,30.75,1
SPLR-084,Tier 3,2023-12,1034.5,23.41,0
SPLR-085,Tier 1,2023-12,1001.69,29.82,3
SPLR-086,Tier 3,2023-12,776.85,29.49,0
SPLR-087,Tier 2,2023-12,1298.47,18.34,0
SPLR-088,Tier 2,2023-12,830.98,21.66,0
SPLR-089,Tier 2,2023-12,1443.71,21.76,2
SPLR-090,Tier 3,2023-12,1750.68,25.49,1
SPLR-091,Tier 1,2023-12,1323.7,26.16,2
SPLR-092,Tier 3,2023-12,1128.1,25.62,1
SPLR-093,Tier 2,2023-12,992.57,24.85,1
SPLR-094,Tier 3,2023-12,1026.96,23.09,0
SPLR-095,Tier 3,2023-12,1527.85,30.82,0
SPLR-096,Tier 2,2023-12,1142.36,26.32,1
SPLR-097,Tier 3,2023-12,950.83,33.55,0
SPLR-098,Tier 3,2023-12,853.7,31.55,1
SPLR-099,Tier 2,2023-12,1029.54,21.64,1
SPLR-100,Tier 2,2023-12,840.42,35.46,0
SPLR-001,Tier 1,2024-01,1295.04,22.11,3
SPLR-002,Tier 3,2024-01,1028.3,22.51,2
SPLR-003,Tier 2,2024-01,1246.89,16.11,0
SPLR-004,Tier 2,2024-01,1051.39,27.64,3
SPLR-005,Tier 1,2024-01,1408.0,31.7,6
SPLR-006,Tier 3,2024-01,1075.43,20.73,0
SPLR-007,Tier 3,2024-01,1041.3,31.26,0
SPLR-008,Tier 3,2024-01,978.86,25.16,1
SPLR-009,Tier 3,2024-01,1144.58,19.36,0
SPLR-010,Tier 2,2024-01,1071.38,26.27,0
SPLR-011,Tier 2,2024-01,1184.58,20.09,2
SPLR-012,Tier 3,2024-01,1035.84,29.32,0
SPLR-013,Tier 3,2024-01,716.65,21.09,2
SPLR-014,Tier 3,2024-01,1153.36,27.28,1
SPLR-015,Tier 3,2024-01,806.65,27.78,1
SPLR-016,Tier 2,2024-01,767.03,28.85,0
SPLR-017,Tier 2,2024-01,1288.63,26.99,2
SPLR-018,Tier 1,2024-01,654.9,30.49,0
SPLR-019,Tier 2,2024-01,1539.22,28.43,2
SPLR-020,Tier 3,2024-01,817.85,28.33,0
SPLR-021,Tier 2,2024-01,1445.72,14.6,0
SPLR-022,Tier 3,2024-01,1267.31,31.71,0
SPLR-023,Tier 2,2024-01,1234.96,31.27,1
SPLR-024,Tier 3,2024-01,1196.99,24.22,1
SPLR-025,Tier 3,2024-01,940.35,21.74,0
SPLR-026,Tier 3,2024-01,771.79,23.92,0
SPLR-027,Tier 3,2024-01,1092.66,29.33,1
SPLR-028,Tier 3,2024-01,831.65,30.96,0
SPLR-029,Tier 3,2024-01,1069.63,38.61,0
SPLR-030,Tier 1,2024-01,923.86,17.96,0
SPLR-031,Tier 2,2024-01,862.58,29.4,2
SPLR-032,Tier 2,2024-01,706.16,26.77,1
SPLR-033,Tier 3,2024-01,1371.67,20.26,0
SPLR-034,Tier 3,2024-01,1049.36,31.24,1
SPLR-035,Tier 3,2024-01,1178.85,28.48,0
SPLR-036,Tier 1,2024-01,1000.46,20.79,2
SPLR-037,Tier 3,2024-01,1066.0,23.08,0
SPLR-038,Tier 1,2024-01,1086.77,28.12,2
SPLR-039,Tier 2,2024-01,1233.24,16.13,2
SPLR-040,Tier 3,2024-01,962.11,21.94,3
SPLR-041,Tier 3,2024-01,605.42,26.98,0
SPLR-042,Tier 3,2024-01,988.68,25.03,0
SPLR-043,Tier 1,2024-01,1144.43,27.38,2
SPLR-044,Tier 3,2024-01,1256.55,28.51,1
SPLR-045,Tier 3,2024-01,970.57,19.49,0
SPLR-046,Tier 3,2024-01,1335.95,21.12,0
SPLR-047,Tier 2,2024-01,1027.56,19.85,1
SPLR-048,Tier 3,2024-01,873.46,34.94,0
SPLR-049,Tier 2,2024-01,1523.97,24.43,2
SPLR-050,Tier 3,2024-01,1340.47,15.54,1
SPLR-051,Tier 1,2024-01,954.03,27.07,1
SPLR-052,Tier 3,2024-01,977.0,28.18,2
SPLR-053,Tier 3,2024-01,745.71,35.61,0
SPLR-054,Tier 1,2024-01,1676.39,22.13,7
SPLR-055,Tier 3,2024-01,1064.79,27.47,0
SPLR-056,Tier 2,2024-01,1109.86,25.33,0
SPLR-057,Tier 2,2024-01,1110.24,33.37,0
SPLR-058,Tier 3,2024-01,1138.56,32.45,1
SPLR-059,Tier 2,2024-01,1658.63,23.11,1
SPLR-060,Tier 3,2024-01,1084.99,27.82,1
SPLR-061,Tier 3,2024-01,885.19,16.3,0
SPLR-062,Tier 3,2024-01,1559.81,35.3,0
SPLR-063,Tier 2,2024-01,1079.91,19.4,0
SPLR-064,Tier 3,2024-01,1454.53,30.39,0
SPLR-065,Tier 2,2024-01,1131.17,28.63,1
SPLR-066,Tier 2,2024-01,1033.23,26.39,0
SPLR-067,Tier 3,2024-01,904.17,20.34,1
SPLR-068,Tier 2,2024-01,1046.16,23.24,0
SPLR-069,Tier 1,2024-01,1227.65,21.85,1
SPLR-070,Tier 3,2024-01,765.88,17.64,0
SPLR-071,Tier 2,2024-01,1341.4,30.19,2
SPLR-072,Tier 3,2024-01,1232.13,34.1,1
SPLR-073,Tier 3,2024-01,974.0,37.26,1
SPLR-074,Tier 2,2024-01,1547.72,25.06,4
SPLR-075,Tier 2,2024-01,1020.67,24.67,0
SPLR-076,Tier 3,2024-01,1267.02,25.39,1
SPLR-077,Tier 2,2024-01,1118.57,20.83,1
SPLR-078,Tier 1,2024-01,1274.11,23.87,2
SPLR-079,Tier 2,2024-01,1466.99,23.35,0
SPLR-080,Tier 3,2024-01,1543.06,24.8,0
SPLR-081,Tier 3,2024-01,1317.3,30.36,1
SPLR-082,Tier 2,2024-01,1077.88,29.31,1
SPLR-083,Tier 1,2024-01,1052.27,24.67,2
SPLR-084,Tier 2,2024-01,951.24,30.61,0
SPLR-085,Tier 2,2024-01,1183.42,22.02,0
SPLR-086,Tier 3,2024-01,1175.07,9.78,1
SPLR-087,Tier 2,2024-01,895.53,20.14,0
SPLR-088,Tier 3,2024-01,902.4,19.42,0
SPLR-089,Tier 3,2024-01,884.65,32.7,1
SPLR-090,Tier 2,2024-01,1153.88,15.95,0
SPLR-091,Tier 3,2024-01,1053.19,21.13,2
SPLR-092,Tier 3,2024-01,1178.97,28.54,1
SPLR-093,Tier 3,2024-01,844.48,22.63,0
SPLR-094,Tier 2,2024-01,1492.79,36.36,4
SPLR-095,Tier 1,2024-01,1075.14,16.31,3
SPLR-096,Tier 3,2024-01,1261.91,20.45,0
SPLR-097,Tier 1,2024-01,856.93,20.91,2
SPLR-098,Tier 3,2024-01,917.55,25.63,1
SPLR-099,Tier 2,2024-01,1370.95,29.32,0
SPLR-100,Tier 3,2024-01,1136.34,29.47,0
SPLR-001,Tier 3,2024-02,943.69,28.32,0
SPLR-002,Tier 3,2024-02,1205.04,29.72,1
SPLR-003,Tier 1,2024-02,939.28,32.49,1
SPLR-004,Tier 1,2024-02,1547.13,22.78,3
SPLR-005,Tier 3,2024-02,1157.86,29.51,1
SPLR-006,Tier 3,2024-02,1260.6,23.29,0
SPLR-007,Tier 3,2024-02,1022.29,26.57,1
SPLR-008,Tier 3,2024-02,1363.96,25.39,0
SPLR-009,Tier 2,2024-02,967.83,20.59,1
SPLR-010,Tier 3,2024-02,1198.89,27.98,0
SPLR-011,Tier 2,2024-02,966.0,27.87,0
SPLR-012,Tier 3,2024-02,1253.89,19.71,0
SPLR-013,Tier 1,2024-02,1011.39,28.5,0
SPLR-014,Tier 3,2024-02,1221.64,16.42,0
SPLR-015,Tier 2,2024-02,1308.4,25.49,1
SPLR-016,Tier 3,2024-02,1635.28,16.18,2
SPLR-017,Tier 3,2024-02,941.81,32.17,0
SPLR-018,Tier 3,2024-02,1078.38,23.76,0
SPLR-019,Tier 2,2024-02,1187.3,16.17,0
SPLR-020,Tier 2,2024-02,1020.37,19.15,0
SPLR-021,Tier 1,2024-02,839.98,25.81,1
SPLR-022,Tier 3,2024-02,1334.57,28.91,0
SPLR-023,Tier 1,2024-02,941.51,24.71,2
SPLR-024,Tier 3,2024-02,1251.86,25.17,0
SPLR-025,Tier 2,2024-02,785.0,32.51,2
SPLR-026,Tier 3,2024-02,1038.38,30.84,2
SPLR-027,Tier 1,2024-02,893.4,30.11,1
SPLR-028,Tier 3,2024-02,918.51,28.8,0
SPLR-029,Tier 3,2024-02,933.29,27.69,0
SPLR-030,Tier 3,2024-02,968.33,18.26,0
SPLR-031,Tier 3,2024-02,909.08,30.91,0
SPLR-032,Tier 1,2024-02,1583.76,20.7,1
SPLR-033,Tier 1,2024-02,1003.06,28.11,3
SPLR-034,Tier 1,2024-02,1063.81,33.65,5
SPLR-035,Tier 1,2024-02,1529.67,23.23,4
SPLR-036,Tier 3,2024-02,1014.18,28.11,0
SPLR-037,Tier 3,2024-02,1018.29,21.86,1
SPLR-038,Tier 2,2024-02,1132.3,29.04,0
SPLR-039,Tier 2,2024-02,1086.66,13.61,0
SPLR-040,Tier 2,2024-02,894.07,22.5,1
SPLR-041,Tier 2,2024-02,656.27,24.1,1
SPLR-042,Tier 3,2024-02,1477.37,25.61,0
SPLR-043,Tier 3,2024-02,1046.76,28.25,0
SPLR-044,Tier 2,2024-02,1123.11,21.12,0
SPLR-045,Tier 3,2024-02,1113.91,18.9,0
SPLR-046,Tier 3,2024-02,1125.49,22.68,1
SPLR-047,Tier 3,2024-02,1492.69,23.76,0
SPLR-048,Tier 3,2024-02,807.67,20.23,1
SPLR-049,Tier 3,2024-02,980.94,26.1,0
SPLR-050,Tier 1,2024-02,1299.87,22.98,2
SPLR-051,Tier 2,2024-02,863.83,26.86,0
SPLR-052,Tier 3,2024-02,1001.24,14.4,0
SPLR-053,Tier 1,2024-02,1075.84,22.41,1
SPLR-054,Tier 1,2024-02,1390.67,31.58,1
SPLR-055,Tier 1,2024-02,1532.5,25.23,2
SPLR-056,Tier 2,2024-02,1151.13,34.59,1
SPLR-057,Tier 2,2024-02,1262.73,26.32,2
SPLR-058,Tier 3,2024-02,1055.22,22.37,0
SPLR-059,Tier 3,2024-02,1289.71,29.36,0
SPLR-060,Tier 3,2024-02,949.63,20.52,0
SPLR-061,Tier 1,2024-02,1014.52,18.88,3
SPLR-062,Tier 3,2024-02,964.26,32.42,0
SPLR-063,Tier 1,2024-02,1074.0,13.21,1
SPLR-064,Tier 2,2024-02,1033.17,24.73,1
SPLR-065,Tier 3,2024-02,1106.87,23.15,2
SPLR-066,Tier 3,2024-02,1219.61,20.89,1
SPLR-067,Tier 2,2024-02,1162.45,25.85,1
SPLR-068,Tier 1,2024-02,944.41,24.49,2
SPLR-069,Tier 1,2024-02,1284.87,16.53,1
SPLR-070,Tier 3,2024-02,889.94,23.18,1
SPLR-071,Tier 3,2024-02,864.83,29.79,0
SPLR-072,Tier 3,2024-02,1011.41,24.76,0
SPLR-073,Tier 1,2024-02,750.39,25.06,0
SPLR-074,Tier 3,2024-02,1419.74,19.6,1
SPLR-075,Tier 2,2024-02,854.08,26.97,0
SPLR-076,Tier 3,2024-02,989.96,21.67,0
SPLR-077,Tier 3,2024-02,1768.13,29.22,1
SPLR-078,Tier 3,2024-02,1320.14,27.46,0
SPLR-079,Tier 3,2024-02,926.69,20.56,0
SPLR-080,Tier 2,2024-02,1313.3,20.73,0
SPLR-081,Tier 1,2024-02,1230.53,20.15,3
SPLR-082,Tier 1,2024-02,1018.67,19.39,2
SPLR-083,Tier 2,2024-02,745.3,25.45,1
SPLR-084,Tier 3,2024-02,1283.42,22.24,0
SPLR-085,Tier 2,2024-02,787.15,22.97,0
SPLR-086,Tier 3,2024-02,1320.61,23.08,1
SPLR-087,Tier 2,2024-02,1315.83,23.33,1
SPLR-088,Tier 3,2024-02,1241.19,20.8,0
SPLR-089,Tier 1,2024-02,1199.65,28.14,2
SPLR-090,Tier 3,2024-02,898.84,22.58,0
SPLR-091,Tier 3,2024-02,747.67,21.59,0
SPLR-092,Tier 3,2024-02,1149.52,23.55,0
SPLR-093,Tier 3,2024-02,1061.19,17.27,0
SPLR-094,Tier 1,2024-02,953.68,20.62,1
SPLR-095,Tier 2,2024-02,1041.08,32.71,2
SPLR-096,Tier 3,2024-02,978.16,22.36,0
SPLR-097,Tier 2,2024-02,1165.25,22.02,1
SPLR-098,Tier 3,2024-02,1209.93,32.28,1
SPLR-099,Tier 3,2024-02,1303.56,17.96,0
SPLR-100,Tier 2,2024-02,882.5,29.44,2
SPLR-001,Tier 3,2024-03,943.34,23.5,0
SPLR-002,Tier 1,2024-03,948.82,28.52,1
SPLR-003,Tier 2,2024-03,1239.76,25.67,0
SPLR-004,Tier 3,2024-03,1035.04,26.67,1
SPLR-005,Tier 2,2024-03,951.49,30.89,0
SPLR-006,Tier 2,2024-03,1383.6,23.18,1
SPLR-007,Tier 3,2024-03,818.89,31.62,0
SPLR-008,Tier 2,2024-03,1157.49,25.83,2
SPLR-009,Tier 3,2024-03,1084.39,17.59,0
SPLR-010,Tier 3,2024-03,1105.48,16.64,0
SPLR-011,Tier 1,2024-03,1102.57,16.35,4
SPLR-012,Tier 3,2024-03,965.81,28.0,0
SPLR-013,Tier 3,2024-03,1215.04,34.42,1
SPLR-014,Tier 3,2024-03,903.4,25.43,1
SPLR-015,Tier 1,2024-03,1249.54,33.17,2
SPLR-016,Tier 1,2024-03,1371.71,28.57,1
SPLR-017,Tier 3,2024-03,1410.25,24.85,0
SPLR-018,Tier 3,2024-03,1428.46,26.04,1
SPLR-019,Tier 3,2024-03,1254.95,20.44,3
SPLR-020,Tier 2,2024-03,964.84,26.74,1
SPLR-021,Tier 1,2024-03,1345.75,16.22,3
SPLR-022,Tier 1,2024-03,1313.32,26.09,1
SPLR-023,Tier 2,2024-03,766.97,28.44,0
SPLR-024,Tier 2,2024-03,1096.77,30.97,3
SPLR-025,Tier 2,2024-03,849.85,23.4,1
SPLR-026,Tier 1,2024-03,1110.79,15.83,1
SPLR-027,Tier 1,2024-03,937.54,25.96,0
SPLR-028,Tier 2,2024-03,1398.22,20.89,1
SPLR-029,Tier 3,2024-03,758.23,29.82,1
SPLR-030,Tier 2,2024-03,1232.56,26.6,1
SPLR-031,Tier 1,2024-03,1307.52,20.07,0
SPLR-032,Tier 2,2024-03,1205.71,29.27,1
SPLR-033,Tier 1,2024-03,1287.4,30.83,1
SPLR-034,Tier 3,2024-03,1070.83,23.9,0
SPLR-035,Tier 2,2024-03,1254.53,25.57,1
SPLR-036,Tier 2,2024-03,903.69,35.97,1
SPLR-037,Tier 2,2024-03,799.25,22.5,2
SPLR-038,Tier 2,2024-03,921.52,25.35,3
SPLR-039,Tier 1,2024-03,962.43,23.37,5
SPLR-040,Tier 3,2024-03,903.57,20.72,0
SPLR-041,Tier 3,2024-03,1099.44,16.21,0
SPLR-042,Tier 3,2024-03,1567.54,25.74,0
SPLR-043,Tier 3,2024-03,956.2,22.44,0
SPLR-044,Tier 1,2024-03,1263.87,29.05,2
SPLR-045,Tier 2,2024-03,970.57,38.57,1
SPLR-046,Tier 1,2024-03,1472.92,27.6,0
SPLR-047,Tier 2,2024-03,974.41,27.0,0
SPLR-048,Tier 2,2024-03,1065.04,21.56,0
SPLR-049,Tier 1,2024-03,1364.64,24.71,3
SPLR-050,Tier 2,2024-03,1202.57,23.66,2
SPLR-051,Tier 2,2024-03,1042.49,31.61,0
SPLR-052,Tier 2,2024-03,1375.73,24.4,0
SPLR-053,Tier 1,2024-03,1056.8,27.88,1
SPLR-054,Tier 2,2024-03,903.73,22.42,1
SPLR-055,Tier 2,2024-03,1357.16,28.43,4
SPLR-056,Tier 3,2024-03,1018.28,25.01,0
SPLR-057,Tier 3,2024-03,1012.56,23.8,0
SPLR-058,Tier 1,2024-03,955.78,27.34,4
SPLR-059,Tier 1,2024-03,1142.27,28.71,2
SPLR-060,Tier 2,2024-03,919.08,25.71,1
SPLR-061,Tier 3,2024-03,1145.25,17.58,1
SPLR-062,Tier 2,2024-03,1048.7,31.8,2
SPLR-063,Tier 3,2024-03,665.14,19.11,1
SPLR-064,Tier 3,2024-03,883.3,20.73,0
SPLR-065,Tier 2,2024-03,834.14,27.22,0
SPLR-066,Tier 2,2024-03,1371.85,30.58,2
SPLR-067,Tier 3,2024-03,838.43,29.89,1
SPLR-068,Tier 3,2024-03,1030.75,18.05,0
SPLR-069,Tier 3,2024-03,1094.01,26.62,0
SPLR-070,Tier 1,2024-03,1074.24,35.8,0
SPLR-071,Tier 2,2024-03,1419.71,28.91,1
SPLR-072,Tier 3,2024-03,951.9,21.51,0
SPLR-073,Tier 2,2024-03,1303.23,23.1,1
SPLR-074,Tier 2,2024-03,1443.58,28.22,0
SPLR-075,Tier 3,2024-03,1118.67,25.22,0
SPLR-076,Tier 3,2024-03,905.65,28.62,0
SPLR-077,Tier 2,2024-03,752.79,25.66,0
SPLR-078,Tier 3,2024-03,1068.13,34.45,0
SPLR-079,Tier 2,2024-03,937.1,26.11,1
SPLR-080,Tier 3,2024-03,1175.69,23.53,1
SPLR-081,Tier 2,2024-03,1076.64,31.65,2
SPLR-082,Tier 2,2024-03,952.63,36.05,0
SPLR-083,Tier 3,2024-03,1265.75,34.64,0
SPLR-084,Tier 2,2024-03,1075.83,22.48,1
SPLR-085,Tier 1,2024-03,1362.74,27.85,4
SPLR-086,Tier 3,2024-03,936.62,20.26,0
SPLR-087,Tier 3,2024-03,1011.05,31.72,0
SPLR-088,Tier 3,2024-03,1144.79,23.96,1
SPLR-089,Tier 3,2024-03,985.83,36.7,0
SPLR-090,Tier 3,2024-03,780.57,20.25,0
SPLR-091,Tier 3,2024-03,1357.32,10.92,0
SPLR-092,Tier 2,2024-03,807.33,25.41,0
SPLR-093,Tier 3,2024-03,1531.61,19.48,1
SPLR-094,Tier 2,2024-03,709.87,21.92,1
SPLR-095,Tier 2,2024-03,1343.33,24.91,1
SPLR-096,Tier 3,2024-03,1151.23,20.22,0
SPLR-097,Tier 3,2024-03,1285.24,28.95,0
SPLR-098,Tier 3,2024-03,1107.23,17.1,0
SPLR-099,Tier 2,2024-03,890.66,19.11,0
SPLR-100,Tier 2,2024-03,1208.87,21.87,0
SPLR-001,Tier 3,2024-04,1097.8,23.56,1
SPLR-002,Tier 2,2024-04,1118.57,20.04,3
SPLR-003,Tier 3,2024-04,923.2,25.45,1
SPLR-004,Tier 3,2024-04,1088.98,23.19,1
SPLR-005,Tier 3,2024-04,968.05,21.03,0
SPLR-006,Tier 1,2024-04,1264.52,22.97,4
SPLR-007,Tier 3,2024-04,983.8,28.89,0
SPLR-008,Tier 2,2024-04,1057.74,17.58,0
SPLR-009,Tier 2,2024-04,1171.71,22.4,1
SPLR-010,Tier 3,2024-04,895.49,29.23,0
SPLR-011,Tier 3,2024-04,1219.15,24.26,0
SPLR-012,Tier 3,2024-04,1090.46,38.18,1
SPLR-013,Tier 3,2024-04,1332.52,30.81,2
SPLR-014,Tier 3,2024-04,1075.08,22.08,0
SPLR-015,Tier 2,2024-04,992.41,15.63,1
SPLR-016,Tier 3,2024-04,1074.8,29.09,1
SPLR-017,Tier 3,2024-04,909.65,15.34,0
SPLR-018,Tier 3,2024-04,1219.9,24.02,1
SPLR-019,Tier 1,2024-04,1049.11,20.31,0
SPLR-020,Tier 3,2024-04,901.36,26.69,0
SPLR-021,Tier 3,2024-04,1047.24,35.12,2
SPLR-022,Tier 2,2024-04,1268.17,20.27,1
SPLR-023,Tier 3,2024-04,1030.26,27.93,1
SPLR-024,Tier 1,2024-04,1138.55,34.16,1
SPLR-025,Tier 3,2024-04,918.7,28.02,0
SPLR-026,Tier 3,2024-04,989.97,17.59,0
SPLR-027,Tier 2,2024-04,1316.04,24.87,2
SPLR-028,Tier 3,2024-04,923.44,27.56,1
SPLR-029,Tier 3,2024-04,780.63,19.98,1
SPLR-030,Tier 2,2024-04,886.11,26.02,2
SPLR-031,Tier 1,2024-04,1248.14,24.89,3
SPLR-032,Tier 2,2024-04,944.8,24.43,1
SPLR-033,Tier 3,2024-04,1134.72,21.08,4
SPLR-034,Tier 3,2024-04,1334.37,22.82,0
SPLR-035,Tier 3,2024-04,1444.28,32.64,0
SPLR-036,Tier 3,2024-04,1083.69,29.6,0
SPLR-037,Tier 2,2024-04,1081.9,25.7,0
SPLR-038,Tier 2,2024-04,1383.48,25.28,3
SPLR-039,Tier 3,2024-04,1022.72,23.7,4
SPLR-040,Tier 3,2024-04,1215.47,35.39,0
SPLR-041,Tier 3,2024-04,1089.43,33.43,1
SPLR-042,Tier 2,2024-04,856.58,24.84,0
SPLR-043,Tier 1,2024-04,1007.22,22.77,2
SPLR-044,Tier 1,2024-04,1478.56,32.11,1
SPLR-045,Tier 2,2024-04,956.79,28.71,0
SPLR-046,Tier 3,2024-04,987.76,26.2,0
SPLR-047,Tier 1,2024-04,852.82,26.25,2
SPLR-048,Tier 3,2024-04,1193.95,27.25,0
SPLR-049,Tier 1,2024-04,1033.57,26.24,0
SPLR-050,Tier 2,2024-04,1001.03,35.93,1
SPLR-051,Tier 2,2024-04,1083.5,15.76,1
SPLR-052,Tier 2,2024-04,1309.32,28.94,2
SPLR-053,Tier 2,2024-04,945.02,32.68,1
SPLR-054,Tier 2,2024-04,805.79,23.65,1
SPLR-055,Tier 2,2024-04,1231.5,41.99,3
SPLR-056,Tier 3,2024-04,888.13,15.55,0
SPLR-057,Tier 2,2024-04,1104.92,32.14,3
SPLR-058,Tier 2,2024-04,985.62,33.59,0
SPLR-059,Tier 3,2024-04,1078.68,21.76,0
SPLR-060,Tier 1,2024-04,1258.48,19.66,2
SPLR-061,Tier 3,2024-04,1116.23,27.94,0
SPLR-062,Tier 3,2024-04,983.22,23.06,1
SPLR-063,Tier 3,2024-04,1686.52,28.91,0
SPLR-064,Tier 1,2024-04,1302.48,21.85,2
SPLR-065,Tier 3,2024-04,903.0,29.72,0
SPLR-066,Tier 2,2024-04,766.44,28.1,1
SPLR-067,Tier 1,2024-04,1663.44,24.42,4
SPLR-068,Tier 1,2024-04,1046.32,30.16,3
SPLR-069,Tier 3,2024-04,1257.35,28.99,1
SPLR-070,Tier 3,2024-04,837.12,34.56,0
SPLR-071,Tier 2,2024-04,1108.13,20.72,1
SPLR-072,Tier 2,2024-04,1405.31,28.42,2
SPLR-073,Tier 1,2024-04,932.59,22.54,2
SPLR-074,Tier 3,2024-04,1423.14,27.53,0
SPLR-075,Tier 2,2024-04,1051.46,23.78,0
SPLR-076,Tier 1,2024-04,1247.51,27.31,4
SPLR-077,Tier 3,2024-04,908.53,18.24,4
SPLR-078,Tier 1,2024-04,1018.21,31.07,4
SPLR-079,Tier 3,2024-04,1011.23,26.58,1
SPLR-080,Tier 2,2024-04,824.67,22.22,2
SPLR-081,Tier 3,2024-04,938.88,26.06,0
SPLR-082,Tier 2,2024-04,977.54,22.04,2
SPLR-083,Tier 3,2024-04,1203.59,19.21,2
SPLR-084,Tier 3,2024-04,1451.16,26.18,0
SPLR-085,Tier 1,2024-04,877.14,17.0,3
SPLR-086,Tier 1,2024-04,995.49,19.67,4
SPLR-087,Tier 3,2024-04,1100.49,31.21,0
SPLR-088,Tier 1,2024-04,1746.52,30.95,2
SPLR-089,Tier 2,2024-04,1162.36,24.41,1
SPLR-090,Tier 2,2024-04,930.56,29.48,2
SPLR-091,Tier 2,2024-04,1172.33,25.91,3
SPLR-092,Tier 3,2024-04,1060.9,28.54,0
SPLR-093,Tier 3,2024-04,1566.94,16.47,0
SPLR-094,Tier 3,2024-04,1586.03,18.38,0
SPLR-095,Tier 3,2024-04,975.09,26.48,1
SPLR-096,Tier 3,2024-04,980.08,22.45,0
SPLR-097,Tier 3,2024-04,1173.31,26.62,1
SPLR-098,Tier 2,2024-04,1043.14,15.9,1
SPLR-099,Tier 3,2024-04,1000.77,33.3,0
SPLR-100,Tier 3,2024-04,942.56,24.61,1
SPLR-001,Tier 3,2024-05,1027.45,25.75,1
SPLR-002,Tier 3,2024-05,1113.46,25.97,1
SPLR-003,Tier 2,2024-05,937.59,32.0,0
SPLR-004,Tier 3,2024-05,867.14,23.95,1
SPLR-005,Tier 1,2024-05,1489.17,31.24,2
SPLR-006,Tier 1,2024-05,788.56,27.27,3
SPLR-007,Tier 1,2024-05,922.49,21.88,0
SPLR-008,Tier 2,2024-05,1245.41,19.39,0
SPLR-009,Tier 1,2024-05,1297.85,25.12,2
SPLR-010,Tier 3,2024-05,856.7,24.11,1
SPLR-011,Tier 3,2024-05,1170.82,28.0,1
SPLR-012,Tier 2,2024-05,1216.77,21.59,1
SPLR-013,Tier 1,2024-05,994.94,22.88,2
SPLR-014,Tier 2,2024-05,1613.47,18.26,2
SPLR-015,Tier 1,2024-05,1074.04,23.61,3
SPLR-016,Tier 3,2024-05,889.7,27.51,1
SPLR-017,Tier 3,2024-05,1062.89,25.23,0
SPLR-018,Tier 3,2024-05,905.7,28.71,1
SPLR-019,Tier 3,2024-05,785.11,30.32,0
SPLR-020,Tier 3,2024-05,955.95,37.16,1
SPLR-021,Tier 2,2024-05,970.16,21.85,0
SPLR-022,Tier 1,2024-05,1307.46,20.81,3
SPLR-023,Tier 2,2024-05,1129.69,27.4,1
SPLR-024,Tier 2,2024-05,915.58,31.44,1
SPLR-025,Tier 1,2024-05,1037.61,26.01,1
SPLR-026,Tier 2,2024-05,790.09,19.72,1
SPLR-027,Tier 1,2024-05,1298.57,22.77,0
SPLR-028,Tier 1,2024-05,1033.31,22.47,3
SPLR-029,Tier 3,2024-05,993.51,26.6,1
SPLR-030,Tier 3,2024-05,1282.3,25.93,1
SPLR-031,Tier 3,2024-05,1037.07,11.05,0
SPLR-032,Tier 2,2024-05,1094.19,34.63,0
SPLR-033,Tier 3,2024-05,817.8,25.7,0
SPLR-034,Tier 2,2024-05,851.61,21.29,2
SPLR-035,Tier 3,2024-05,1143.5,28.94,0
SPLR-036,Tier 2,2024-05,1064.08,30.82,1
SPLR-037,Tier 1,2024-05,1279.42,26.04,1
SPLR-038,Tier 1,2024-05,707.82,25.09,3
SPLR-039,Tier 3,2024-05,950.39,27.06,1
SPLR-040,Tier 2,2024-05,1054.35,27.03,0
SPLR-041,Tier 2,2024-05,925.53,25.07,1
SPLR-042,Tier 3,2024-05,1114.31,33.17,0
SPLR-043,Tier 1,2024-05,1116.75,21.91,3
SPLR-044,Tier 2,2024-05,1514.7,14.29,0
SPLR-045,Tier 3,2024-05,1047.5,28.12,0
SPLR-046,Tier 3,2024-05,1406.94,16.82,0
SPLR-047,Tier 3,2024-05,1022.06,25.69,0
SPLR-048,Tier 1,2024-05,1000.37,30.24,1
SPLR-049,Tier 1,2024-05,1009.81,21.19,4
SPLR-050,Tier 3,2024-05,946.95,12.53,0
SPLR-051,Tier 3,2024-05,996.27,27.91,0
SPLR-052,Tier 2,2024-05,882.22,27.88,2
SPLR-053,Tier 3,2024-05,1079.92,20.11,1
SPLR-054,Tier 1,2024-05,1226.49,32.92,1
SPLR-055,Tier 3,2024-05,938.54,28.46,1
SPLR-056,Tier 3,2024-05,1301.28,26.06,1
SPLR-057,Tier 3,2024-05,1216.18,21.58,0
SPLR-058,Tier 1,2024-05,1091.9,24.04,2
SPLR-059,Tier 3,2024-05,1361.96,19.32,0
SPLR-060,Tier 3,2024-05,950.45,28.54,0
SPLR-061,Tier 2,2024-05,1448.7,21.15,2
SPLR-062,Tier 3,2024-05,784.12,39.46,0
SPLR-063,Tier 2,2024-05,1131.54,19.37,1
SPLR-064,Tier 2,2024-05,1197.88,24.31,0
SPLR-065,Tier 3,2024-05,1342.8,29.19,0
SPLR-066,Tier 2,2024-05,1095.67,25.63,1
SPLR-067,Tier 3,2024-05,1249.42,33.32,1
SPLR-068,Tier 3,2024-05,906.6,21.57,0
SPLR-069,Tier 2,2024-05,1330.76,31.37,2
SPLR-070,Tier 3,2024-05,1017.47,29.51,2
SPLR-071,Tier 3,2024-05,1362.07,37.37,0
SPLR-072,Tier 2,2024-05,798.33,29.16,0
SPLR-073,Tier 3,2024-05,1111.63,27.35,1
SPLR-074,Tier 3,2024-05,1121.48,13.87,2
SPLR-075,Tier 1,2024-05,1186.63,26.01,3
SPLR-076,Tier 1,2024-05,1075.53,29.53,2
SPLR-077,Tier 2,2024-05,1361.22,24.41,0
SPLR-078,Tier 2,2024-05,1442.18,22.06,3
SPLR-079,Tier 1,2024-05,1482.34,28.32,4
SPLR-080,Tier 2,2024-05,839.71,16.47,0
SPLR-081,Tier 2,2024-05,1321.57,27.83,1
SPLR-082,Tier 3,2024-05,1215.61,25.73,0
SPLR-083,Tier 2,2024-05,1287.24,29.1,0
SPLR-084,Tier 3,2024-05,1137.8,26.6,0
SPLR-085,Tier 2,2024-05,1105.54,14.5,1
SPLR-086,Tier 2,2024-05,1037.76,28.64,0
SPLR-087,Tier 3,2024-05,1140.95,15.6,0
SPLR-088,Tier 3,2024-05,962.69,23.01,2
SPLR-089,Tier 3,2024-05,1412.86,17.59,1
SPLR-090,Tier 1,2024-05,1108.15,29.42,4
SPLR-091,Tier 3,2024-05,1014.38,14.78,0
SPLR-092,Tier 3,2024-05,1268.63,27.7,2
SPLR-093,Tier 3,2024-05,1149.48,27.35,0
SPLR-094,Tier 3,2024-05,989.42,26.47,1
SPLR-095,Tier 3,2024-05,1289.47,18.52,1
SPLR-096,Tier 1,2024-05,1069.77,22.72,5
SPLR-097,Tier 3,2024-05,938.88,28.28,0
SPLR-098,Tier 2,2024-05,1244.82,27.57,1
SPLR-099,Tier 3,2024-05,1166.41,27.65,0
SPLR-100,Tier 3,2024-05,1339.76,19.18,0
SPLR-001,Tier 3,2024-06,989.83,20.6,3
SPLR-002,Tier 3,2024-06,1013.44,35.13,0
SPLR-003,Tier 2,2024-06,1094.67,23.62,0
SPLR-004,Tier 3,2024-06,1341.79,23.49,0
SPLR-005,Tier 2,2024-06,1357.43,30.94,0
SPLR-006,Tier 2,2024-06,1281.64,22.55,1
SPLR-007,Tier 2,2024-06,951.28,25.28,0
SPLR-008,Tier 3,2024-06,925.62,24.85,1
SPLR-009,Tier 3,2024-06,1110.78,26.65,1
SPLR-010,Tier 1,2024-06,1145.08,25.33,1
SPLR-011,Tier 3,2024-06,1181.09,26.34,1
SPLR-012,Tier 2,2024-06,1135.27,21.76,0
SPLR-013,Tier 3,2024-06,1354.16,33.09,0
SPLR-014,Tier 2,2024-06,1187.89,18.77,0
SPLR-015,Tier 3,2024-06,1235.18,22.43,0
SPLR-016,Tier 2,2024-06,1229.32,24.9,0
SPLR-017,Tier 1,2024-06,1420.86,17.18,4
SPLR-018,Tier 3,2024-06,1068.64,23.56,0
SPLR-019,Tier 3,2024-06,1288.9,31.33,0
SPLR-020,Tier 3,2024-06,989.04,28.35,0
SPLR-021,Tier 2,2024-06,940.47,34.26,1
SPLR-022,Tier 3,2024-06,1397.1,22.37,1
SPLR-023,Tier 2,2024-06,1473.67,21.77,1
SPLR-024,Tier 1,2024-06,1391.11,23.59,1
SPLR-025,Tier 3,2024-06,878.35,27.36,0
SPLR-026,Tier 2,2024-06,1309.76,25.41,1
SPLR-027,Tier 2,2024-06,1176.57,23.33,0
SPLR-028,Tier 2,2024-06,857.11,23.47,1
SPLR-029,Tier 2,2024-06,857.1,18.07,2
SPLR-030,Tier 3,2024-06,1150.44,24.36,0
SPLR-031,Tier 2,2024-06,1256.3,23.71,0
SPLR-032,Tier 3,2024-06,914.19,19.62,1
SPLR-033,Tier 3,2024-06,1190.88,26.52,1
SPLR-034,Tier 2,2024-06,1059.74,26.07,0
SPLR-035,Tier 2,2024-06,1108.32,20.73,0
SPLR-036,Tier 3,2024-06,1002.62,21.17,0
SPLR-037,Tier 1,2024-06,1345.96,26.99,2
SPLR-038,Tier 1,2024-06,1039.59,26.41,3
SPLR-039,Tier 3,2024-06,794.32,29.13,0
SPLR-040,Tier 2,2024-06,1077.67,23.63,0
SPLR-041,Tier 1,2024-06,884.56,28.21,1
SPLR-042,Tier 3,2024-06,902.96,25.63,0
SPLR-043,Tier 2,2024-06,1171.09,21.25,0
SPLR-044,Tier 1,2024-06,1086.63,20.07,5
SPLR-045,Tier 3,2024-06,1179.36,24.23,0
SPLR-046,Tier 2,2024-06,831.29,27.16,0
SPLR-047,Tier 3,2024-06,1054.26,26.74,0
SPLR-048,Tier 1,2024-06,945.23,27.57,2
SPLR-049,Tier 3,2024-06,1028.55,30.25,0
SPLR-050,Tier 1,2024-06,1007.21,19.38,4
SPLR-051,Tier 3,2024-06,1133.55,23.86,0
SPLR-052,Tier 2,2024-06,1366.56,27.11,0
SPLR-053,Tier 3,2024-06,1191.6,32.46,1
SPLR-054,Tier 2,2024-06,960.98,31.64,0
SPLR-055,Tier 2,2024-06,977.8,33.02,1
SPLR-056,Tier 3,2024-06,1235.97,21.81,0
SPLR-057,Tier 1,2024-06,1063.16,29.13,2
SPLR-058,Tier 2,2024-06,1019.15,18.28,2
SPLR-059,Tier 2,2024-06,1052.49,15.93,0
SPLR-060,Tier 3,2024-06,1057.22,24.88,0
SPLR-061,Tier 2,2024-06,1335.82,32.94,1
SPLR-062,Tier 3,2024-06,1242.45,30.37,0
SPLR-063,Tier 3,2024-06,878.32,25.75,0
SPLR-064,Tier 1,2024-06,1043.43,29.9,2
SPLR-065,Tier 2,2024-06,1121.66,38.44,1
SPLR-066,Tier 1,2024-06,948.61,24.29,0
SPLR-067,Tier 2,2024-06,796.41,21.33,1
SPLR-068,Tier 3,2024-06,1119.71,33.04,1
SPLR-069,Tier 1,2024-06,1091.53,28.47,2
SPLR-070,Tier 3,2024-06,842.78,24.44,2
SPLR-071,Tier 3,2024-06,1088.72,31.73,0
SPLR-072,Tier 3,2024-06,955.52,29.84,0
SPLR-073,Tier 2,2024-06,1024.98,17.58,2
SPLR-074,Tier 1,2024-06,1028.44,24.75,2
SPLR-075,Tier 1,2024-06,1068.51,23.32,1
SPLR-076,Tier 2,2024-06,790.13,21.55,2
SPLR-077,Tier 3,2024-06,1124.43,21.51,0
SPLR-078,Tier 1,2024-06,1062.51,25.19,0
SPLR-079,Tier 2,2024-06,898.55,28.34,1
SPLR-080,Tier 3,2024-06,1484.16,22.11,0
SPLR-081,Tier 1,2024-06,1416.32,28.62,3
SPLR-082,Tier 3,2024-06,1567.63,32.71,0
SPLR-083,Tier 3,2024-06,796.91,19.73,0
SPLR-084,Tier 1,2024-06,1061.5,33.03,2
SPLR-085,Tier 3,2024-06,1128.76,32.27,0
SPLR-086,Tier 1,2024-06,1056.97,22.11,2
SPLR-087,Tier 3,2024-06,1150.88,28.72,0
SPLR-088,Tier 1,2024-06,1347.73,25.78,2
SPLR-089,Tier 3,2024-06,1023.59,24.44,0
SPLR-090,Tier 2,2024-06,1017.69,30.11,2
SPLR-091,Tier 3,2024-06,1170.25,21.28,1
SPLR-092,Tier 3,2024-06,1105.77,21.35,1
SPLR-093,Tier 1,2024-06,1121.78,31.06,2
SPLR-094,Tier 2,2024-06,1310.75,23.38,2
SPLR-095,Tier 3,2024-06,1257.97,27.61,0
SPLR-096,Tier 3,2024-06,1066.14,31.89,0
SPLR-097,Tier 1,2024-06,1148.44,11.41,3
SPLR-098,Tier 1,2024-06,1257.75,27.99,5
SPLR-099,Tier 3,2024-06,1029.8,30.59,0
SPLR-100,Tier 3,2024-06,1045.22,30.25,1
SPLR-001,Tier 2,2024-07,1081.94,24.11,0
SPLR-002,Tier 3,2024-07,932.79,29.68,0
SPLR-003,Tier 2,2024-07,1034.93,22.6,1
SPLR-004,Tier 1,2024-07,1218.75,26.16,2
SPLR-005,Tier 2,2024-07,1172.48,23.6,2
SPLR-006,Tier 1,2024-07,981.57,24.49,4
SPLR-007,Tier 3,2024-07,1228.32,23.06,1
SPLR-008,Tier 3,2024-07,1021.17,22.91,1
SPLR-009,Tier 3,2024-07,992.37,31.0,1
SPLR-010,Tier 3,2024-07,1251.72,23.86,0
SPLR-011,Tier 3,2024-07,1049.36,24.67,1
SPLR-012,Tier 3,2024-07,795.17,26.96,0
SPLR-013,Tier 3,2024-07,735.87,24.02,0
SPLR-014,Tier 2,2024-07,1209.87,26.73,0
SPLR-015,Tier 3,2024-07,1407.61,17.38,1
SPLR-016,Tier 3,2024-07,1116.06,24.83,1
SPLR-017,Tier 3,2024-07,913.67,29.63,0
SPLR-018,Tier 2,2024-07,884.18,16.48,0
SPLR-019,Tier 1,2024-07,989.34,30.56,1
SPLR-020,Tier 3,2024-07,1192.4,25.65,1
SPLR-021,Tier 3,2024-07,1243.98,22.83,2
SPLR-022,Tier 2,2024-07,968.24,31.01,2
SPLR-023,Tier 1,2024-07,1004.86,22.26,1
SPLR-024,Tier 2,2024-07,953.67,19.84,1
SPLR-025,Tier 3,2024-07,979.0,22.67,0
SPLR-026,Tier 3,2024-07,786.78,25.1,1
SPLR-027,Tier 3,2024-07,1095.79,24.34,0
SPLR-028,Tier 3,2024-07,857.03,29.51,0
SPLR-029,Tier 3,2024-07,930.4,18.94,0
SPLR-030,Tier 1,2024-07,907.06,24.94,1
SPLR-031,Tier 3,2024-07,1179.94,25.73,1
SPLR-032,Tier 3,2024-07,1309.88,26.47,0
SPLR-033,Tier 2,2024-07,935.76,33.39,0
SPLR-034,Tier 3,2024-07,949.24,24.17,1
SPLR-035,Tier 3,2024-07,948.61,23.18,1
SPLR-036,Tier 3,2024-07,1486.19,34.14,0
SPLR-037,Tier 3,2024-07,1208.34,21.17,0
SPLR-038,Tier 1,2024-07,1144.34,22.08,1
SPLR-039,Tier 1,2024-07,670.58,18.51,4
SPLR-040,Tier 2,2024-07,962.3,15.67,0
SPLR-041,Tier 1,2024-07,1099.39,19.96,3
SPLR-042,Tier 1,2024-07,1388.31,25.18,4
SPLR-043,Tier 3,2024-07,815.84,27.04,0
SPLR-044,Tier 3,2024-07,849.37,28.71,0
SPLR-045,Tier 3,2024-07,943.67,21.45,1
SPLR-046,Tier 3,2024-07,1107.93,19.68,1
SPLR-047,Tier 2,2024-07,1191.74,16.16,2
SPLR-048,Tier 3,2024-07,802.75,34.32,1
SPLR-049,Tier 1,2024-07,1058.04,18.31,2
SPLR-050,Tier 3,2024-07,1028.08,20.01,0
SPLR-051,Tier 3,2024-07,847.99,17.71,2
SPLR-052,Tier 2,2024-07,998.09,22.97,0
SPLR-053,Tier 2,2024-07,1768.52,28.04,0
SPLR-054,Tier 3,2024-07,937.29,30.37,1
SPLR-055,Tier 2,2024-07,1395.78,23.45,1
SPLR-056,Tier 3,2024-07,1186.41,24.06,0
SPLR-057,Tier 3,2024-07,1071.08,22.13,2
SPLR-058,Tier 2,2024-07,914.39,25.39,2
SPLR-059,Tier 3,2024-07,1279.63,26.12,2
SPLR-060,Tier 3,2024-07,1207.94,23.34,2
SPLR-061,Tier 3,2024-07,1099.43,19.81,0
SPLR-062,Tier 1,2024-07,1219.13,28.74,1
SPLR-063,Tier 3,2024-07,1007.84,26.55,0
SPLR-064,Tier 3,2024-07,1091.2,24.15,2
SPLR-065,Tier 3,2024-07,1322.33,17.5,3
SPLR-066,Tier 1,2024-07,1290.36,26.85,1
SPLR-067,Tier 1,2024-07,973.03,26.66,1
SPLR-068,Tier 2,2024-07,745.77,31.11,1
SPLR-069,Tier 2,2024-07,1081.82,19.66,0
SPLR-070,Tier 3,2024-07,1011.05,24.11,2
SPLR-071,Tier 2,2024-07,937.58,33.73,3
SPLR-072,Tier 3,2024-07,1040.53,24.84,1
SPLR-073,Tier 3,2024-07,1213.99,22.62,1
SPLR-074,Tier 1,2024-07,1231.26,23.03,0
SPLR-075,Tier 3,2024-07,1076.69,22.99,0
SPLR-076,Tier 3,2024-07,1211.06,34.03,0
SPLR-077,Tier 1,2024-07,1012.78,19.46,2
SPLR-078,Tier 3,2024-07,1075.46,20.46,0
SPLR-079,Tier 3,2024-07,1014.28,22.44,3
SPLR-080,Tier 3,2024-07,1156.77,16.45,2
SPLR-081,Tier 3,2024-07,1103.49,23.75,2
SPLR-082,Tier 1,2024-07,1085.19,28.1,4
SPLR-083,Tier 1,2024-07,757.41,35.13,1
SPLR-084,Tier 3,2024-07,1264.45,20.85,0
SPLR-085,Tier 2,2024-07,905.69,17.16,1
SPLR-086,Tier 3,2024-07,1051.11,30.57,1
SPLR-087,Tier 3,2024-07,955.14,22.82,0
SPLR-088,Tier 1,2024-07,908.22,25.4,2
SPLR-089,Tier 3,2024-07,1188.5,21.93,1
SPLR-090,Tier 2,2024-07,1158.79,24.17,0
SPLR-091,Tier 1,2024-07,966.76,26.15,2
SPLR-092,Tier 3,2024-07,1058.38,28.72,1
SPLR-093,Tier 3,2024-07,1239.64,23.33,1
SPLR-094,Tier 1,2024-07,961.61,25.95,2
SPLR-095,Tier 2,2024-07,1401.57,15.7,2
SPLR-096,Tier 2,2024-07,800.65,35.45,0
SPLR-097,Tier 2,2024-07,737.49,25.16,2
SPLR-098,Tier 3,2024-07,815.33,26.31,1
SPLR-099,Tier 2,2024-07,1189.12,18.8,0
SPLR-100,Tier 2,2024-07,1051.08,30.98,1
SPLR-001,Tier 1,2024-08,1123.9,24.77,1
SPLR-002,Tier 3,2024-08,915.78,18.95,1
SPLR-003,Tier 3,2024-08,1095.19,33.33,1
SPLR-004,Tier 2,2024-08,1117.07,19.88,3
SPLR-005,Tier 3,2024-08,1058.89,28.64,0
SPLR-006,Tier 1,2024-08,1006.09,15.11,1
SPLR-007,Tier 3,2024-08,1061.82,27.53,1
SPLR-008,Tier 2,2024-08,1003.71,25.21,2
SPLR-009,Tier 2,2024-08,1043.79,22.98,1
SPLR-010,Tier 2,2024-08,1285.38,35.86,0
SPLR-011,Tier 1,2024-08,977.51,23.01,2
SPLR-012,Tier 3,2024-08,1117.08,24.24,1
SPLR-013,Tier 3,2024-08,821.94,22.02,2
SPLR-014,Tier 3,2024-08,1174.11,28.03,0
SPLR-015,Tier 3,2024-08,857.7,23.49,0
SPLR-016,Tier 3,2024-08,910.54,29.59,2
SPLR-017,Tier 2,2024-08,1395.26,24.37,2
SPLR-018,Tier 2,2024-08,1621.9,19.55,1
SPLR-019,Tier 2,2024-08,1046.99,26.69,2
SPLR-020,Tier 3,2024-08,829.88,28.67,0
SPLR-021,Tier 2,2024-08,1348.94,21.46,1
SPLR-022,Tier 1,2024-08,1144.12,30.36,2
SPLR-023,Tier 2,2024-08,1596.68,23.1,0
SPLR-024,Tier 3,2024-08,999.01,17.18,0
SPLR-025,Tier 3,2024-08,1164.27,20.77,0
SPLR-026,Tier 1,2024-08,1046.97,21.42,1
SPLR-027,Tier 3,2024-08,1247.46,35.69,0
SPLR-028,Tier 3,2024-08,1331.56,17.13,2
SPLR-029,Tier 3,2024-08,845.87,18.03,1
SPLR-030,Tier 1,2024-08,1051.15,25.32,2
SPLR-031,Tier 2,2024-08,1199.37,23.38,1
SPLR-032,Tier 2,2024-08,1120.03,23.1,2
SPLR-033,Tier 3,2024-08,1546.88,17.97,0
SPLR-034,Tier 2,2024-08,1107.52,28.18,0
SPLR-035,Tier 3,2024-08,1384.42,23.88,0
SPLR-036,Tier 1,2024-08,1299.74,19.14,2
SPLR-037,Tier 2,2024-08,778.63,30.01,0
SPLR-038,Tier 3,2024-08,1118.97,37.01,3
SPLR-039,Tier 2,2024-08,1553.53,24.51,0
SPLR-040,Tier 3,2024-08,980.32,23.89,0
SPLR-041,Tier 2,2024-08,1069.03,17.97,2
SPLR-042,Tier 3,2024-08,1101.83,20.87,0
SPLR-043,Tier 2,2024-08,1135.13,25.32,0
SPLR-044,Tier 3,2024-08,1055.7,17.63,3
SPLR-045,Tier 1,2024-08,1051.16,23.9,6
SPLR-046,Tier 3,2024-08,1207.44,15.79,0
SPLR-047,Tier 3,2024-08,1406.15,22.55,0
SPLR-048,Tier 2,2024-08,972.69,31.37,0
SPLR-049,Tier 1,2024-08,1364.68,17.05,0
SPLR-050,Tier 2,2024-08,1119.4,26.94,0
SPLR-051,Tier 2,2024-08,1406.64,21.7,2
SPLR-052,Tier 2,2024-08,1139.11,24.96,0
SPLR-053,Tier 3,2024-08,801.1,21.71,1
SPLR-054,Tier 3,2024-08,994.94,23.84,0
SPLR-055,Tier 3,2024-08,770.64,17.38,1
SPLR-056,Tier 1,2024-08,1181.12,23.49,2
SPLR-057,Tier 3,2024-08,1197.88,24.26,0
SPLR-058,Tier 3,2024-08,1344.61,17.55,1
SPLR-059,Tier 3,2024-08,1203.12,25.03,0
SPLR-060,Tier 1,2024-08,1244.52,32.43,2
SPLR-061,Tier 3,2024-08,896.05,28.39,0
SPLR-062,Tier 2,2024-08,1069.62,27.24,1
SPLR-063,Tier 2,2024-08,852.92,26.93,2
SPLR-064,Tier 1,2024-08,1102.56,25.12,3
SPLR-065,Tier 3,2024-08,1082.68,18.12,1
SPLR-066,Tier 3,2024-08,859.57,30.78,0
SPLR-067,Tier 1,2024-08,1003.26,35.31,1
SPLR-068,Tier 3,2024-08,1196.64,19.54,1
SPLR-069,Tier 3,2024-08,1169.17,15.03,0
SPLR-070,Tier 3,2024-08,1199.96,28.25,0
SPLR-071,Tier 3,2024-08,1424.32,24.0,0
SPLR-072,Tier 2,2024-08,991.68,25.72,1
SPLR-073,Tier 3,2024-08,996.51,30.23,0
SPLR-074,Tier 1,2024-08,804.7,18.47,3
SPLR-075,Tier 1,2024-08,1128.27,34.08,3
SPLR-076,Tier 1,2024-08,628.03,21.41,2
SPLR-077,Tier 3,2024-08,1163.21,25.83,1
SPLR-078,Tier 1,2024-08,996.52,30.36,1
SPLR-079,Tier 3,2024-08,818.7,26.02,1
SPLR-080,Tier 2,2024-08,816.13,22.0,1
SPLR-081,Tier 3,2024-08,1255.35,26.68,0
SPLR-082,Tier 2,2024-08,1399.9,26.86,0
SPLR-083,Tier 2,2024-08,1072.25,26.88,0
SPLR-084,Tier 2,2024-08,1545.0,23.12,2
SPLR-085,Tier 3,2024-08,1255.32,18.44,1
SPLR-086,Tier 3,2024-08,1113.41,29.88,0
SPLR-087,Tier 3,2024-08,1077.89,28.06,0
SPLR-088,Tier 2,2024-08,977.73,21.49,3
SPLR-089,Tier 2,2024-08,1104.8,25.01,1
SPLR-090,Tier 1,2024-08,1141.43,26.97,0
SPLR-091,Tier 2,2024-08,976.0,29.55,0
SPLR-092,Tier 3,2024-08,1048.42,17.33,0
SPLR-093,Tier 3,2024-08,930.35,22.3,2
SPLR-094,Tier 1,2024-08,900.61,20.93,1
SPLR-095,Tier 1,2024-08,1599.33,30.27,3
SPLR-096,Tier 2,2024-08,886.42,31.67,0
SPLR-097,Tier 2,2024-08,838.47,21.1,0
SPLR-098,Tier 3,2024-08,1135.93,26.25,0
SPLR-099,Tier 3,2024-08,1098.23,24.26,0
SPLR-100,Tier 2,2024-08,964.42,24.22,0
SPLR-001,Tier 2,2024-09,1204.13,27.85,0
SPLR-002,Tier 2,2024-09,927.15,23.08,0
SPLR-003,Tier 1,2024-09,1432.87,26.23,2
SPLR-004,Tier 1,2024-09,1190.98,19.63,4
SPLR-005,Tier 3,2024-09,1006.3,29.11,1
SPLR-006,Tier 3,2024-09,1407.85,25.41,0
SPLR-007,Tier 3,2024-09,1146.3,24.9,0
SPLR-008,Tier 1,2024-09,974.64,25.68,3
SPLR-009,Tier 3,2024-09,1047.95,25.17,0
SPLR-010,Tier 2,2024-09,871.78,27.24,0
SPLR-011,Tier 1,2024-09,996.99,25.78,1
SPLR-012,Tier 2,2024-09,1499.62,29.48,1
SPLR-013,Tier 2,2024-09,1211.91,24.48,0
SPLR-014,Tier 3,2024-09,999.08,23.65,0
SPLR-015,Tier 3,2024-09,1319.07,31.9,1
SPLR-016,Tier 2,2024-09,1004.84,21.43,2
SPLR-017,Tier 3,2024-09,1310.67,32.07,1
SPLR-018,Tier 1,2024-09,950.84,28.98,4
SPLR-019,Tier 2,2024-09,1106.06,21.74,0
SPLR-020,Tier 2,2024-09,793.78,30.23,0
SPLR-021,Tier 3,2024-09,722.3,29.16,0
SPLR-022,Tier 2,2024-09,1225.28,27.74,0
SPLR-023,Tier 2,2024-09,931.48,21.63,4
SPLR-024,Tier 3,2024-09,861.81,15.44,0
SPLR-025,Tier 1,2024-09,1483.0,14.7,2
SPLR-026,Tier 1,2024-09,709.28,21.93,6
SPLR-027,Tier 3,2024-09,1178.31,23.73,1
SPLR-028,Tier 3,2024-09,1387.3,28.81,2
SPLR-029,Tier 1,2024-09,892.22,21.08,4
SPLR-030,Tier 3,2024-09,1490.68,26.54,0
SPLR-031,Tier 2,2024-09,1260.47,28.02,1
SPLR-032,Tier 3,2024-09,1463.73,20.5,2
SPLR-033,Tier 3,2024-09,875.96,23.44,0
SPLR-034,Tier 3,2024-09,1189.93,26.22,0
SPLR-035,Tier 2,2024-09,976.86,20.77,1
SPLR-036,Tier 3,2024-09,1244.19,20.64,0
SPLR-037,Tier 1,2024-09,1401.57,25.96,2
SPLR-038,Tier 1,2024-09,954.6,34.96,3
SPLR-039,Tier 3,2024-09,1116.71,20.75,0
SPLR-040,Tier 2,2024-09,1343.06,21.14,0
SPLR-041,Tier 1,2024-09,1246.11,29.19,2
SPLR-042,Tier 3,2024-09,853.64,22.67,0
SPLR-043,Tier 3,2024-09,1125.44,28.27,0
SPLR-044,Tier 2,2024-09,951.36,33.97,2
SPLR-045,Tier 1,2024-09,1204.12,29.18,1
SPLR-046,Tier 2,2024-09,1075.14,19.35,0
SPLR-047,Tier 1,2024-09,1255.52,29.73,1
SPLR-048,Tier 3,2024-09,1185.31,22.29,0
SPLR-049,Tier 3,2024-09,915.97,22.68,0
SPLR-050,Tier 2,2024-09,1209.98,34.93,0
SPLR-051,Tier 1,2024-09,1265.5,29.99,0
SPLR-052,Tier 3,2024-09,932.09,25.6,2
SPLR-053,Tier 1,2024-09,1134.59,31.17,1
SPLR-054,Tier 2,2024-09,1318.62,17.63,0
SPLR-055,Tier 1,2024-09,1039.68,16.59,2
SPLR-056,Tier 2,2024-09,1250.13,30.96,1
SPLR-057,Tier 3,2024-09,1016.9,23.94,1
SPLR-058,Tier 1,2024-09,1027.02,24.61,1
SPLR-059,Tier 3,2024-09,1113.6,22.75,1
SPLR-060,Tier 2,2024-09,1026.46,26.92,0
SPLR-061,Tier 2,2024-09,1154.63,19.8,1
SPLR-062,Tier 2,2024-09,1137.01,32.83,2
SPLR-063,Tier 3,2024-09,1383.28,20.6,1
SPLR-064,Tier 1,2024-09,973.57,13.7,1
SPLR-065,Tier 2,2024-09,1091.7,25.39,1
SPLR-066,Tier 1,2024-09,1137.92,16.87,1
SPLR-067,Tier 1,2024-09,1076.2,26.67,1
SPLR-068,Tier 3,2024-09,1182.07,22.27,1
SPLR-069,Tier 3,2024-09,1562.65,23.89,0
SPLR-070,Tier 3,2024-09,958.85,25.45,1
SPLR-071,Tier 3,2024-09,1172.6,27.17,0
SPLR-072,Tier 3,2024-09,1041.17,14.88,0
SPLR-073,Tier 3,2024-09,1227.7,16.96,0
SPLR-074,Tier 3,2024-09,1106.89,24.15,1
SPLR-075,Tier 2,2024-09,875.2,25.21,1
SPLR-076,Tier 3,2024-09,1216.08,25.83,0
SPLR-077,Tier 2,2024-09,927.53,23.63,0
SPLR-078,Tier 3,2024-09,1001.17,19.44,0
SPLR-079,Tier 3,2024-09,1300.34,18.52,1
SPLR-080,Tier 2,2024-09,968.65,20.87,2
SPLR-081,Tier 1,2024-09,1050.16,19.18,3
SPLR-082,Tier 2,2024-09,819.6,25.47,1
SPLR-083,Tier 2,2024-09,746.4,26.71,0
SPLR-084,Tier 3,2024-09,1184.92,31.06,0
SPLR-085,Tier 3,2024-09,961.12,19.39,1
SPLR-086,Tier 1,2024-09,1191.33,12.66,2
SPLR-087,Tier 3,2024-09,1489.2,29.55,2
SPLR-088,Tier 3,2024-09,1552.22,19.73,1
SPLR-089,Tier 3,2024-09,1217.52,21.23,1
SPLR-090,Tier 3,2024-09,901.1,24.85,0
SPLR-091,Tier 3,2024-09,859.62,19.58,2
SPLR-092,Tier 1,2024-09,860.28,25.34,2
SPLR-093,Tier 3,2024-09,1314.33,24.91,1
SPLR-094,Tier 2,2024-09,1018.88,27.83,0
SPLR-095,Tier 3,2024-09,1406.92,34.4,2
SPLR-096,Tier 3,2024-09,1182.06,25.28,1
SPLR-097,Tier 1,2024-09,1082.14,30.98,2
SPLR-098,Tier 3,2024-09,1317.97,25.1,0
SPLR-099,Tier 2,2024-09,1221.13,24.44,1
SPLR-100,Tier 3,2024-09,1272.17,11.3,1
SPLR-001,Tier 3,2024-10,1372.19,24.01,0
SPLR-002,Tier 2,2024-10,1355.02,18.63,2
SPLR-003,Tier 3,2024-10,983.1,20.9,0
SPLR-004,Tier 3,2024-10,933.96,29.45,0
SPLR-005,Tier 1,2024-10,827.2,25.73,1
SPLR-006,Tier 3,2024-10,1334.45,24.08,1
SPLR-007,Tier 3,2024-10,1466.75,21.77,2
SPLR-008,Tier 3,2024-10,1003.12,17.51,1
SPLR-009,Tier 3,2024-10,1086.17,16.97,2
SPLR-010,Tier 1,2024-10,1190.38,21.16,1
SPLR-011,Tier 3,2024-10,1224.76,23.69,1
SPLR-012,Tier 3,2024-10,1000.47,24.84,1
SPLR-013,Tier 3,2024-10,1204.0,24.22,1
SPLR-014,Tier 3,2024-10,1002.12,24.38,1
SPLR-015,Tier 1,2024-10,1053.71,27.53,0
SPLR-016,Tier 3,2024-10,1135.02,18.58,1
SPLR-017,Tier 3,2024-10,1296.57,27.0,0
SPLR-018,Tier 2,2024-10,1151.86,24.69,3
SPLR-019,Tier 2,2024-10,1064.14,25.05,0
SPLR-020,Tier 2,2024-10,980.73,22.4,0
SPLR-021,Tier 1,2024-10,903.9,18.04,1
SPLR-022,Tier 2,2024-10,1102.57,23.64,1
SPLR-023,Tier 2,2024-10,1316.51,27.23,1
SPLR-024,Tier 3,2024-10,1521.15,20.17,0
SPLR-025,Tier 1,2024-10,1151.72,25.22,4
SPLR-026,Tier 3,2024-10,1101.76,22.39,0
SPLR-027,Tier 2,2024-10,1265.7,21.72,0
SPLR-028,Tier 1,2024-10,1349.26,16.66,4
SPLR-029,Tier 3,2024-10,1034.99,26.41,0
SPLR-030,Tier 3,2024-10,1109.66,27.49,1
SPLR-031,Tier 3,2024-10,941.12,22.34,0
SPLR-032,Tier 2,2024-10,903.53,28.7,0
SPLR-033,Tier 1,2024-10,1122.01,24.66,2
SPLR-034,Tier 3,2024-10,895.54,22.71,0
SPLR-035,Tier 3,2024-10,997.76,14.99,0
SPLR-036,Tier 3,2024-10,910.39,21.82,1
SPLR-037,Tier 3,2024-10,854.38,32.84,2
SPLR-038,Tier 3,2024-10,1110.15,17.38,0
SPLR-039,Tier 3,2024-10,1547.14,17.3,0
SPLR-040,Tier 2,2024-10,1184.34,15.04,1
SPLR-041,Tier 3,2024-10,1014.0,25.61,0
SPLR-042,Tier 2,2024-10,912.7,25.62,0
SPLR-043,Tier 1,2024-10,1131.21,18.79,2
SPLR-044,Tier 2,2024-10,1167.92,19.09,1
SPLR-045,Tier 1,2024-10,937.45,17.63,0
SPLR-046,Tier 1,2024-10,1148.75,22.17,4
SPLR-047,Tier 3,2024-10,864.84,21.41,0
SPLR-048,Tier 3,2024-10,1049.24,24.27,1
SPLR-049,Tier 3,2024-10,1653.16,29.75,0
SPLR-050,Tier 3,2024-10,1026.27,21.74,0
SPLR-051,Tier 1,2024-10,867.03,22.94,3
SPLR-052,Tier 3,2024-10,1317.26,23.2,0
SPLR-053,Tier 3,2024-10,1270.77,29.05,0
SPLR-054,Tier 3,2024-10,1030.5,15.65,0
SPLR-055,Tier 3,2024-10,1085.83,18.15,1
SPLR-056,Tier 2,2024-10,966.31,24.0,1
SPLR-057,Tier 3,2024-10,732.91,25.57,0
SPLR-058,Tier 1,2024-10,1082.96,24.03,4
SPLR-059,Tier 2,2024-10,1041.98,26.02,2
SPLR-060,Tier 3,2024-10,1074.44,22.49,0
SPLR-061,Tier 1,2024-10,1285.21,27.32,3
SPLR-062,Tier 3,2024-10,1054.81,29.62,0
SPLR-063,Tier 3,2024-10,1448.57,21.7,0
SPLR-064,Tier 3,2024-10,1354.07,23.72,0
SPLR-065,Tier 2,2024-10,1181.55,25.99,0
SPLR-066,Tier 3,2024-10,1309.03,29.72,1
SPLR-067,Tier 3,2024-10,1141.42,18.97,0
SPLR-068,Tier 1,2024-10,1001.52,33.39,1
SPLR-069,Tier 3,2024-10,956.21,20.77,0
SPLR-070,Tier 3,2024-10,1026.18,24.51,0
SPLR-071,Tier 3,2024-10,933.59,30.79,1
SPLR-072,Tier 2,2024-10,1189.52,25.46,0
SPLR-073,Tier 3,2024-10,1048.19,25.97,0
SPLR-074,Tier 3,2024-10,1155.48,19.13,1
SPLR-075,Tier 1,2024-10,1524.73,26.97,3
SPLR-076,Tier 3,2024-10,850.28,28.06,0
SPLR-077,Tier 2,2024-10,810.19,21.32,0
SPLR-078,Tier 3,2024-10,902.35,25.42,0
SPLR-079,Tier 1,2024-10,926.8,31.5,0
SPLR-080,Tier 3,2024-10,827.63,25.44,0
SPLR-081,Tier 1,2024-10,1159.51,30.54,5
SPLR-082,Tier 3,2024-10,849.39,24.13,1
SPLR-083,Tier 3,2024-10,1070.65,24.61,0
SPLR-084,Tier 3,2024-10,1115.04,29.83,1
SPLR-085,Tier 2,2024-10,816.84,35.59,1
SPLR-086,Tier 2,2024-10,769.38,24.69,0
SPLR-087,Tier 2,2024-10,1102.6,15.15,1
SPLR-088,Tier 1,2024-10,1212.9,27.16,1
SPLR-089,Tier 2,2024-10,1305.95,22.76,0
SPLR-090,Tier 1,2024-10,1319.13,19.14,2
SPLR-091,Tier 1,2024-10,1023.68,18.27,2
SPLR-092,Tier 2,2024-10,1153.67,29.52,0
SPLR-093,Tier 3,2024-10,897.27,20.66,0
SPLR-094,Tier 3,2024-10,856.43,17.69,0
SPLR-095,Tier 3,2024-10,888.75,26.97,2
SPLR-096,Tier 2,2024-10,999.98,28.06,0
SPLR-097,Tier 2,2024-10,940.1,36.06,3
SPLR-098,Tier 3,2024-10,1043.52,25.64,0
SPLR-099,Tier 1,2024-10,992.6,33.15,2
SPLR-100,Tier 2,2024-10,1177.0,19.23,0
SPLR-001,Tier 3,2024-11,1046.47,22.6,0
SPLR-002,Tier 3,2024-11,1120.82,18.56,0
SPLR-003,Tier 3,2024-11,991.23,13.91,0
SPLR-004,Tier 1,2024-11,1361.44,18.38,3
SPLR-005,Tier 1,2024-11,935.71,24.61,4
SPLR-006,Tier 3,2024-11,1184.29,29.42,2
SPLR-007,Tier 2,2024-11,946.89,29.28,0
SPLR-008,Tier 2,2024-11,1118.55,15.73,2
SPLR-009,Tier 3,2024-11,1184.91,26.97,0
SPLR-010,Tier 1,2024-11,1388.86,21.6,4
SPLR-011,Tier 1,2024-11,1346.17,26.39,2
SPLR-012,Tier 2,2024-11,1343.31,23.57,0
SPLR-013,Tier 3,2024-11,991.54,19.45,1
SPLR-014,Tier 3,2024-11,1276.71,37.43,1
SPLR-015,Tier 3,2024-11,874.59,24.01,0
SPLR-016,Tier 1,2024-11,938.02,19.05,1
SPLR-017,Tier 3,2024-11,1137.0,22.0,0
SPLR-018,Tier 3,2024-11,1165.4,28.85,0
SPLR-019,Tier 2,2024-11,938.93,26.13,3
SPLR-020,Tier 1,2024-11,1013.7,17.36,2
SPLR-021,Tier 3,2024-11,1486.33,22.74,0
SPLR-022,Tier 1,2024-11,1401.66,20.57,2
SPLR-023,Tier 3,2024-11,1100.08,28.76,1
SPLR-024,Tier 1,2024-11,1055.05,37.96,3
SPLR-025,Tier 1,2024-11,808.92,37.14,2
SPLR-026,Tier 2,2024-11,829.16,22.45,0
SPLR-027,Tier 1,2024-11,1118.53,30.61,3
SPLR-028,Tier 3,2024-11,801.9,17.52,0
SPLR-029,Tier 3,2024-11,805.42,23.7,0
SPLR-030,Tier 3,2024-11,1181.76,27.19,0
SPLR-031,Tier 2,2024-11,1312.26,24.56,0
SPLR-032,Tier 2,2024-11,1036.95,26.64,2
SPLR-033,Tier 2,2024-11,1188.92,14.58,1
SPLR-034,Tier 1,2024-11,1003.04,31.36,2
SPLR-035,Tier 3,2024-11,947.49,25.12,0
SPLR-036,Tier 3,2024-11,1337.64,35.58,0
SPLR-037,Tier 1,2024-11,831.18,23.1,3
SPLR-038,Tier 2,2024-11,1704.51,33.9,1
SPLR-039,Tier 2,2024-11,1185.56,24.9,1
SPLR-040,Tier 2,2024-11,1024.14,23.1,1
SPLR-041,Tier 3,2024-11,942.32,21.19,0
SPLR-042,Tier 3,2024-11,715.93,19.46,0
SPLR-043,Tier 1,2024-11,1057.41,17.95,1
SPLR-044,Tier 1,2024-11,1015.17,19.87,2
SPLR-045,Tier 1,2024-11,1289.6,25.72,1
SPLR-046,Tier 2,2024-11,1464.76,24.64,0
SPLR-047,Tier 1,2024-11,1023.93,24.76,0
SPLR-048,Tier 3,2024-11,769.03,24.2,1
SPLR-049,Tier 2,2024-11,721.48,19.37,1
SPLR-050,Tier 2,2024-11,1054.32,24.39,0
SPLR-051,Tier 2,2024-11,1357.07,31.26,2
SPLR-052,Tier 3,2024-11,1432.95,29.66,0
SPLR-053,Tier 1,2024-11,1603.96,23.17,4
SPLR-054,Tier 3,2024-11,1550.65,26.08,0
SPLR-055,Tier 1,2024-11,1569.37,31.82,3
SPLR-056,Tier 3,2024-11,1210.45,17.87,1
SPLR-057,Tier 2,2024-11,1052.54,30.17,0
SPLR-058,Tier 2,2024-11,1032.91,22.51,2
SPLR-059,Tier 2,2024-11,1059.4,29.91,0
SPLR-060,Tier 2,2024-11,1090.82,31.11,1
SPLR-061,Tier 2,2024-11,1140.38,25.22,0
SPLR-062,Tier 2,2024-11,1073.11,32.27,0
SPLR-063,Tier 1,2024-11,964.26,27.54,1
SPLR-064,Tier 3,2024-11,1062.88,26.07,0
SPLR-065,Tier 3,2024-11,1296.05,29.38,0
SPLR-066,Tier 1,2024-11,905.18,24.68,2
SPLR-067,Tier 2,2024-11,1008.67,31.65,0
SPLR-068,Tier 3,2024-11,1012.02,26.4,0
SPLR-069,Tier 3,2024-11,1138.71,17.85,1
SPLR-070,Tier 3,2024-11,1068.19,20.75,1
SPLR-071,Tier 3,2024-11,985.77,27.55,0
SPLR-072,Tier 3,2024-11,859.22,19.38,2
SPLR-073,Tier 3,2024-11,1014.6,26.74,1
SPLR-074,Tier 2,2024-11,1128.79,21.88,1
SPLR-075,Tier 3,2024-11,1334.61,29.51,0
SPLR-076,Tier 3,2024-11,1043.03,23.07,0
SPLR-077,Tier 2,2024-11,955.54,22.02,1
SPLR-078,Tier 3,2024-11,996.84,27.31,0
SPLR-079,Tier 2,2024-11,1079.85,23.36,0
SPLR-080,Tier 1,2024-11,924.9,24.9,2
SPLR-081,Tier 3,2024-11,1367.87,26.41,2
SPLR-082,Tier 3,2024-11,1055.24,28.25,0
SPLR-083,Tier 3,2024-11,1220.64,29.92,1
SPLR-084,Tier 3,2024-11,850.12,20.57,0
SPLR-085,Tier 3,2024-11,1233.7,20.18,0
SPLR-086,Tier 3,2024-11,1265.12,30.41,0
SPLR-087,Tier 3,2024-11,1229.38,18.22,2
SPLR-088,Tier 1,2024-11,1098.55,27.37,3
SPLR-089,Tier 3,2024-11,1076.46,27.62,1
SPLR-090,Tier 1,2024-11,824.18,21.56,1
SPLR-091,Tier 3,2024-11,915.72,22.33,0
SPLR-092,Tier 3,2024-11,927.49,20.64,0
SPLR-093,Tier 3,2024-11,930.99,26.68,0
SPLR-094,Tier 1,2024-11,1432.02,16.93,1
SPLR-095,Tier 2,2024-11,704.6,21.33,0
SPLR-096,Tier 3,2024-11,1450.87,18.19,2
SPLR-097,Tier 2,2024-11,971.96,26.9,1
SPLR-098,Tier 3,2024-11,1033.2,19.09,0
SPLR-099,Tier 3,2024-11,1005.66,34.25,0
SPLR-100,Tier 3,2024-11,1131.81,25.21,0
SPLR-001,Tier 2,2024-12,1224.97,23.01,0
SPLR-002,Tier 3,2024-12,1095.73,30.31,0
SPLR-003,Tier 3,2024-12,884.81,19.76,0
SPLR-004,Tier 1,2024-12,1151.26,27.95,3
SPLR-005,Tier 2,2024-12,1414.25,23.95,0
SPLR-006,Tier 2,2024-12,1260.14,26.58,1
SPLR-007,Tier 2,2024-12,733.94,26.12,2
SPLR-008,Tier 2,2024-12,1579.31,22.71,0
SPLR-009,Tier 2,2024-12,1140.23,24.15,1
SPLR-010,Tier 3,2024-12,1213.62,19.87,2
SPLR-011,Tier 3,2024-12,1100.27,28.73,1
SPLR-012,Tier 3,2024-12,1015.22,22.27,1
SPLR-013,Tier 3,2024-12,1093.65,31.24,0
SPLR-014,Tier 2,2024-12,1005.84,27.69,1
SPLR-015,Tier 2,2024-12,1283.17,25.98,1
SPLR-016,Tier 1,2024-12,1211.34,29.02,2
SPLR-017,Tier 3,2024-12,1118.49,19.38,0
SPLR-018,Tier 3,2024-12,1147.64,30.9,0
SPLR-019,Tier 3,2024-12,1092.22,26.05,0
SPLR-020,Tier 3,2024-12,1322.29,28.78,0
SPLR-021,Tier 3,2024-12,990.96,23.67,0
SPLR-022,Tier 1,2024-12,1123.36,24.35,0
SPLR-023,Tier 2,2024-12,1321.03,12.62,6
SPLR-024,Tier 3,2024-12,1048.74,21.26,1
SPLR-025,Tier 2,2024-12,1196.11,16.88,1
SPLR-026,Tier 2,2024-12,1241.94,29.61,3
SPLR-027,Tier 2,2024-12,1125.39,17.92,3
SPLR-028,Tier 2,2024-12,801.15,29.95,0
SPLR-029,Tier 3,2024-12,1037.92,24.1,1
SPLR-030,Tier 1,2024-12,965.33,23.2,0
SPLR-031,Tier 2,2024-12,1114.73,21.29,0
SPLR-032,Tier 1,2024-12,1282.63,23.19,3
SPLR-033,Tier 3,2024-12,1048.53,25.51,0
SPLR-034,Tier 3,2024-12,1046.45,35.86,2
SPLR-035,Tier 1,2024-12,1085.88,37.83,5
SPLR-036,Tier 3,2024-12,1144.22,23.31,0
SPLR-037,Tier 2,2024-12,874.62,21.89,1
SPLR-038,Tier 2,2024-12,1361.07,23.36,1
SPLR-039,Tier 3,2024-12,1411.93,27.04,0
SPLR-040,Tier 3,2024-12,1218.73,12.5,0
SPLR-041,Tier 3,2024-12,961.62,25.97,0
SPLR-042,Tier 1,2024-12,972.7,23.86,2
SPLR-043,Tier 3,2024-12,875.27,32.81,1
SPLR-044,Tier 2,2024-12,1192.94,22.85,2
SPLR-045,Tier 2,2024-12,1085.44,27.65,1
SPLR-046,Tier 2,2024-12,1306.62,21.93,0
SPLR-047,Tier 3,2024-12,854.98,25.93,0
SPLR-048,Tier 1,2024-12,1348.78,33.69,0
SPLR-049,Tier 3,2024-12,1223.14,15.63,0
SPLR-050,Tier 1,2024-12,970.86,22.26,2
SPLR-051,Tier 3,2024-12,1088.69,23.09,1
SPLR-052,Tier 2,2024-12,1171.74,24.62,2
SPLR-053,Tier 3,2024-12,1145.51,28.12,1
SPLR-054,Tier 2,2024-12,1296.73,21.52,0
SPLR-055,Tier 2,2024-12,814.46,26.97,1
SPLR-056,Tier 3,2024-12,1155.38,30.81,0
SPLR-057,Tier 1,2024-12,786.26,26.71,1
SPLR-058,Tier 2,2024-12,1094.0,24.14,1
SPLR-059,Tier 3,2024-12,1386.84,19.31,1
SPLR-060,Tier 3,2024-12,1146.85,21.05,0
SPLR-061,Tier 3,2024-12,1067.91,22.95,0
SPLR-062,Tier 3,2024-12,1511.49,23.52,0
SPLR-063,Tier 3,2024-12,1006.42,24.15,1
SPLR-064,Tier 3,2024-12,1374.38,20.14,0
SPLR-065,Tier 1,2024-12,1329.47,9.51,2
SPLR-066,Tier 2,2024-12,1061.38,24.44,2
SPLR-067,Tier 3,2024-12,1188.17,21.67,2
SPLR-068,Tier 1,2024-12,1013.91,25.89,2
SPLR-069,Tier 3,2024-12,1058.68,25.69,0
SPLR-070,Tier 3,2024-12,1296.93,27.74,2
SPLR-071,Tier 1,2024-12,944.91,25.77,1
SPLR-072,Tier 1,2024-12,1240.82,23.13,2
SPLR-073,Tier 3,2024-12,1180.93,24.79,0
SPLR-074,Tier 3,2024-12,877.05,34.28,0
SPLR-075,Tier 2,2024-12,1384.47,24.77,0
SPLR-076,Tier 2,2024-12,1246.35,29.62,1
SPLR-077,Tier 3,2024-12,1137.56,27.01,2
SPLR-078,Tier 3,2024-12,1320.79,24.36,1
SPLR-079,Tier 2,2024-12,1215.08,23.08,1
SPLR-080,Tier 3,2024-12,1067.47,16.69,2
SPLR-081,Tier 3,2024-12,1730.23,35.84,0
SPLR-082,Tier 3,2024-12,1032.49,25.05,0
SPLR-083,Tier 1,2024-12,912.75,28.28,5
SPLR-084,Tier 1,2024-12,1176.52,22.55,4
SPLR-085,Tier 2,2024-12,1367.53,24.6,2
SPLR-086,Tier 3,2024-12,1056.89,20.98,1
SPLR-087,Tier 1,2024-12,1192.1,28.84,2
SPLR-088,Tier 3,2024-12,1024.4,28.1,0
SPLR-089,Tier 3,2024-12,868.29,23.55,0
SPLR-090,Tier 2,2024-12,979.49,22.13,0
SPLR-091,Tier 1,2024-12,1402.46,24.74,5
SPLR-092,Tier 3,2024-12,997.08,26.0,2
SPLR-093,Tier 3,2024-12,1229.71,28.88,1
SPLR-094,Tier 3,2024-12,1521.6,25.06,0
SPLR-095,Tier 2,2024-12,960.73,26.19,0
SPLR-096,Tier 2,2024-12,1590.64,23.32,0
SPLR-097,Tier 1,2024-12,984.61,22.21,1
SPLR-098,Tier 3,2024-12,1455.41,19.4,0
SPLR-099,Tier 3,2024-12,1235.8,29.63,0
SPLR-100,Tier 3,2024-12,1092.66,24.01,0
SPLR-001,Tier 3,2025-01,786.3,18.85,0
SPLR-002,Tier 3,2025-01,938.85,19.71,1
SPLR-003,Tier 2,2025-01,759.66,22.63,0
SPLR-004,Tier 2,2025-01,1035.09,19.35,0
SPLR-005,Tier 1,2025-01,918.27,23.33,1
SPLR-006,Tier 3,2025-01,950.64,23.69,0
SPLR-007,Tier 3,2025-01,1274.53,27.03,0
SPLR-008,Tier 1,2025-01,1137.03,24.9,7
SPLR-009,Tier 3,2025-01,1150.95,26.61,1
SPLR-010,Tier 3,2025-01,800.92,28.56,0
SPLR-011,Tier 3,2025-01,1152.64,26.71,1
SPLR-012,Tier 1,2025-01,837.0,20.13,0
SPLR-013,Tier 2,2025-01,1096.43,36.57,2
SPLR-014,Tier 3,2025-01,1067.08,22.42,0
SPLR-015,Tier 2,2025-01,1111.9,32.33,0
SPLR-016,Tier 3,2025-01,1104.34,22.72,1
SPLR-017,Tier 3,2025-01,1389.21,26.26,1
SPLR-018,Tier 2,2025-01,1432.4,31.85,3
SPLR-019,Tier 2,2025-01,1092.73,28.14,1
SPLR-020,Tier 2,2025-01,1375.5,22.05,1
SPLR-021,Tier 2,2025-01,926.53,25.49,2
SPLR-022,Tier 2,2025-01,1375.63,20.56,1
SPLR-023,Tier 3,2025-01,859.43,19.25,0
SPLR-024,Tier 3,2025-01,1129.69,23.73,0
SPLR-025,Tier 2,2025-01,1268.87,23.88,1
SPLR-026,Tier 1,2025-01,1062.24,18.61,2
SPLR-027,Tier 3,2025-01,1043.32,24.2,1
SPLR-028,Tier 3,2025-01,1207.05,23.6,0
SPLR-029,Tier 3,2025-01,1143.56,23.88,1
SPLR-030,Tier 2,2025-01,1024.26,30.05,3
SPLR-031,Tier 3,2025-01,1029.41,25.18,0
SPLR-032,Tier 3,2025-01,1051.64,21.42,0
SPLR-033,Tier 2,2025-01,997.23,27.62,0
SPLR-034,Tier 1,2025-01,1159.04,27.86,1
SPLR-035,Tier 1,2025-01,941.83,32.6,2
SPLR-036,Tier 3,2025-01,1449.05,23.41,1
SPLR-037,Tier 3,2025-01,986.19,25.13,0
SPLR-038,Tier 3,2025-01,1024.83,29.21,1
SPLR-039,Tier 2,2025-01,1037.93,23.29,1
SPLR-040,Tier 3,2025-01,594.59,22.05,1
SPLR-041,Tier 3,2025-01,1031.07,26.74,0
SPLR-042,Tier 2,2025-01,886.86,16.61,0
SPLR-043,Tier 1,2025-01,1046.34,31.38,2
SPLR-044,Tier 3,2025-01,1430.8,24.66,0
SPLR-045,Tier 3,2025-01,843.0,27.97,1
SPLR-046,Tier 3,2025-01,1287.08,16.63,0
SPLR-047,Tier 3,2025-01,965.04,16.8,0
SPLR-048,Tier 3,2025-01,1680.87,28.05,0
SPLR-049,Tier 3,2025-01,854.16,30.26,0
SPLR-050,Tier 3,2025-01,1203.42,27.19,0
SPLR-051,Tier 3,2025-01,1074.49,12.03,0
SPLR-052,Tier 3,2025-01,1020.51,25.57,1
SPLR-053,Tier 3,2025-01,1364.98,24.38,0
SPLR-054,Tier 2,2025-01,1134.54,26.88,1
SPLR-055,Tier 2,2025-01,1092.27,28.48,1
SPLR-056,Tier 2,2025-01,880.45,25.35,0
SPLR-057,Tier 1,2025-01,972.53,24.88,3
SPLR-058,Tier 3,2025-01,934.53,25.9,2
SPLR-059,Tier 3,2025-01,940.87,39.17,3
SPLR-060,Tier 1,2025-01,1015.42,23.94,4
SPLR-061,Tier 3,2025-01,1514.37,25.62,0
SPLR-062,Tier 2,2025-01,1178.44,29.55,2
SPLR-063,Tier 3,2025-01,959.36,18.03,1
SPLR-064,Tier 3,2025-01,1023.44,28.93,0
SPLR-065,Tier 3,2025-01,1064.68,29.95,0
SPLR-066,Tier 3,2025-01,868.09,20.42,1
SPLR-067,Tier 3,2025-01,1140.37,26.97,0
SPLR-068,Tier 3,2025-01,1261.21,33.02,0
SPLR-069,Tier 3,2025-01,965.98,17.15,1
SPLR-070,Tier 3,2025-01,1433.14,25.94,1
SPLR-071,Tier 1,2025-01,964.04,30.55,4
SPLR-072,Tier 1,2025-01,731.81,28.57,4
SPLR-073,Tier 1,2025-01,1169.55,27.54,2
SPLR-074,Tier 2,2025-01,878.3,25.63,1
SPLR-075,Tier 3,2025-01,1075.91,12.69,1
SPLR-076,Tier 3,2025-01,982.6,27.37,0
SPLR-077,Tier 1,2025-01,1199.4,21.62,3
SPLR-078,Tier 3,2025-01,972.82,26.64,1
SPLR-079,Tier 2,2025-01,1347.63,21.4,1
SPLR-080,Tier 1,2025-01,1000.45,27.32,2
SPLR-081,Tier 2,2025-01,945.9,23.0,1
SPLR-082,Tier 3,2025-01,1086.97,23.56,0
SPLR-083,Tier 2,2025-01,1084.71,29.34,1
SPLR-084,Tier 3,2025-01,972.98,24.4,0
SPLR-085,Tier 2,2025-01,1149.2,15.46,0
SPLR-086,Tier 2,2025-01,981.07,19.61,1
SPLR-087,Tier 2,2025-01,858.94,21.26,3
SPLR-088,Tier 3,2025-01,1179.6,20.41,0
SPLR-089,Tier 2,2025-01,1251.18,23.53,2
SPLR-090,Tier 3,2025-01,1050.25,20.14,0
SPLR-091,Tier 3,2025-01,912.01,25.61,1
SPLR-092,Tier 3,2025-01,1107.03,17.94,0
SPLR-093,Tier 1,2025-01,1416.89,23.35,3
SPLR-094,Tier 3,2025-01,1290.84,25.9,0
SPLR-095,Tier 3,2025-01,1232.0,24.2,0
SPLR-096,Tier 3,2025-01,1156.35,24.84,0
SPLR-097,Tier 2,2025-01,1066.16,30.48,2
SPLR-098,Tier 2,2025-01,1330.95,24.68,4
SPLR-099,Tier 1,2025-01,1236.41,29.23,1
SPLR-100,Tier 3,2025-01,1066.47,28.91,0
SPLR-001,Tier 1,2025-02,1409.73,30.46,2
SPLR-002,Tier 2,2025-02,1011.84,18.76,4
SPLR-003,Tier 2,2025-02,1102.23,21.23,0
SPLR-004,Tier 3,2025-02,1186.23,29.85,1
SPLR-005,Tier 3,2025-02,1148.18,6.21,0
SPLR-006,Tier 2,2025-02,852.2,35.53,1
SPLR-007,Tier 2,2025-02,1085.52,23.17,0
SPLR-008,Tier 3,2025-02,948.56,17.4,0
SPLR-009,Tier 3,2025-02,1538.89,25.39,1
SPLR-010,Tier 2,2025-02,1323.03,11.0,1
SPLR-011,Tier 3,2025-02,976.23,33.81,0
SPLR-012,Tier 1,2025-02,959.48,27.67,1
SPLR-013,Tier 3,2025-02,863.91,21.74,0
SPLR-014,Tier 1,2025-02,1206.75,28.14,3
SPLR-015,Tier 2,2025-02,1187.29,28.75,1
SPLR-016,Tier 3,2025-02,1326.02,24.51,0
SPLR-017,Tier 1,2025-02,1254.69,33.55,3
SPLR-018,Tier 3,2025-02,1321.02,29.53,0
SPLR-019,Tier 2,2025-02,929.05,33.72,0
SPLR-020,Tier 3,2025-02,854.5,23.28,0
SPLR-021,Tier 1,2025-02,1401.63,21.52,2
SPLR-022,Tier 3,2025-02,1121.78,27.3,0
SPLR-023,Tier 3,2025-02,988.91,27.66,0
SPLR-024,Tier 2,2025-02,696.6,19.92,2
SPLR-025,Tier 3,2025-02,1017.89,34.76,0
SPLR-026,Tier 2,2025-02,1095.11,21.22,0
SPLR-027,Tier 1,2025-02,1078.68,24.41,1
SPLR-028,Tier 1,2025-02,1266.81,28.04,2
SPLR-029,Tier 2,2025-02,1061.82,24.06,2
SPLR-030,Tier 1,2025-02,915.77,23.69,3
SPLR-031,Tier 2,2025-02,1166.1,26.21,2
SPLR-032,Tier 3,2025-02,1117.98,24.52,0
SPLR-033,Tier 1,2025-02,1046.24,19.81,0
SPLR-034,Tier 3,2025-02,1824.09,25.6,0
SPLR-035,Tier 3,2025-02,1201.39,27.34,0
SPLR-036,Tier 2,2025-02,1064.79,33.04,0
SPLR-037,Tier 3,2025-02,1016.51,20.79,0
SPLR-038,Tier 2,2025-02,791.69,14.35,0
SPLR-039,Tier 1,2025-02,881.71,26.16,3
SPLR-040,Tier 2,2025-02,818.19,32.53,2
SPLR-041,Tier 3,2025-02,1035.55,20.79,1
SPLR-042,Tier 1,2025-02,916.82,16.3,3
SPLR-043,Tier 3,2025-02,1462.83,36.02,0
SPLR-044,Tier 2,2025-02,1313.4,29.35,0
SPLR-045,Tier 2,2025-02,1376.02,21.79,1
SPLR-046,Tier 3,2025-02,1231.05,30.73,2
SPLR-047,Tier 3,2025-02,980.74,17.93,1
SPLR-048,Tier 2,2025-02,884.6,29.11,2
SPLR-049,Tier 3,2025-02,951.38,20.86,0
SPLR-050,Tier 3,2025-02,834.14,25.1,0
SPLR-051,Tier 2,2025-02,1319.7,24.53,2
SPLR-052,Tier 3,2025-02,1205.54,20.12,0
SPLR-053,Tier 2,2025-02,1026.38,26.0,1
SPLR-054,Tier 1,2025-02,1048.69,35.79,3
SPLR-055,Tier 3,2025-02,1120.28,28.68,1
SPLR-056,Tier 3,2025-02,1318.45,24.58,0
SPLR-057,Tier 2,2025-02,1008.38,25.14,0
SPLR-058,Tier 2,2025-02,1382.48,29.43,1
SPLR-059,Tier 3,2025-02,750.98,21.18,0
SPLR-060,Tier 1,2025-02,1150.05,27.26,0
SPLR-061,Tier 3,2025-02,1068.4,29.94,1
SPLR-062,Tier 3,2025-02,880.4,28.71,0
SPLR-063,Tier 1,2025-02,1044.9,23.47,0
SPLR-064,Tier 2,2025-02,902.9,26.65,2
SPLR-065,Tier 3,2025-02,1019.45,25.4,1
SPLR-066,Tier 1,2025-02,1058.96,23.25,0
SPLR-067,Tier 3,2025-02,1448.46,19.91,0
SPLR-068,Tier 2,2025-02,918.01,23.61,0
SPLR-069,Tier 3,2025-02,1136.01,19.86,0
SPLR-070,Tier 1,2025-02,1213.04,18.79,2
SPLR-071,Tier 3,2025-02,764.16,24.57,0
SPLR-072,Tier 3,2025-02,955.69,24.73,0
SPLR-073,Tier 3,2025-02,1314.3,25.89,1
SPLR-074,Tier 1,2025-02,1478.99,16.56,1
SPLR-075,Tier 3,2025-02,1166.21,26.25,0
SPLR-076,Tier 2,2025-02,1200.38,22.51,2
SPLR-077,Tier 2,2025-02,1390.53,34.76,0
SPLR-078,Tier 3,2025-02,1680.45,26.51,0
SPLR-079,Tier 2,2025-02,1258.12,18.26,2
SPLR-080,Tier 1,2025-02,1011.32,26.31,0
SPLR-081,Tier 3,2025-02,912.97,20.37,1
SPLR-082,Tier 3,2025-02,1470.31,21.51,2
SPLR-083,Tier 2,2025-02,1247.36,27.3,1
SPLR-084,Tier 3,2025-02,1557.28,25.22,0
SPLR-085,Tier 3,2025-02,828.22,28.07,0
SPLR-086,Tier 2,2025-02,1361.81,12.24,1
SPLR-087,Tier 3,2025-02,931.59,22.55,0
SPLR-088,Tier 1,2025-02,1153.59,18.43,1
SPLR-089,Tier 3,2025-02,1141.05,22.7,0
SPLR-090,Tier 1,2025-02,1085.74,25.19,1
SPLR-091,Tier 3,2025-02,932.63,25.23,0
SPLR-092,Tier 1,2025-02,1189.02,21.92,1
SPLR-093,Tier 1,2025-02,938.05,34.02,1
SPLR-094,Tier 1,2025-02,1159.31,25.21,0
SPLR-095,Tier 1,2025-02,909.23,20.94,1
SPLR-096,Tier 1,2025-02,1122.71,17.95,3
SPLR-097,Tier 2,2025-02,686.58,23.5,2
SPLR-098,Tier 3,2025-02,1329.96,25.57,0
SPLR-099,Tier 2,2025-02,1712.94,33.56,1
SPLR-100,Tier 3,2025-02,984.93,17.74,4
SPLR-001,Tier 2,2025-03,1303.03,22.64,1
SPLR-002,Tier 1,2025-03,1232.83,26.04,1
SPLR-003,Tier 2,2025-03,729.05,21.28,1
SPLR-004,Tier 2,2025-03,815.97,37.93,1
SPLR-005,Tier 3,2025-03,1187.43,22.41,0
SPLR-006,Tier 2,2025-03,963.15,29.23,0
SPLR-007,Tier 1,2025-03,839.33,25.4,4
SPLR-008,Tier 3,2025-03,1194.37,30.79,1
SPLR-009,Tier 3,2025-03,883.11,37.24,1
SPLR-010,Tier 3,2025-03,1169.79,19.13,0
SPLR-011,Tier 3,2025-03,809.54,31.33,1
SPLR-012,Tier 1,2025-03,682.43,23.07,6
SPLR-013,Tier 1,2025-03,1462.94,26.26,5
SPLR-014,Tier 3,2025-03,1313.88,30.55,0
SPLR-015,Tier 3,2025-03,1123.9,25.75,0
SPLR-016,Tier 1,2025-03,845.21,32.97,2
SPLR-017,Tier 2,2025-03,1429.63,19.07,0
SPLR-018,Tier 2,2025-03,1222.01,25.81,1
SPLR-019,Tier 3,2025-03,1152.09,23.31,0
SPLR-020,Tier 2,2025-03,1241.1,21.06,2
SPLR-021,Tier 2,2025-03,1141.19,17.48,1
SPLR-022,Tier 1,2025-03,1080.12,27.2,0
SPLR-023,Tier 1,2025-03,1108.18,28.33,3
SPLR-024,Tier 1,2025-03,1038.91,16.35,0
SPLR-025,Tier 2,2025-03,936.05,32.79,0
SPLR-026,Tier 3,2025-03,1014.52,30.7,0
SPLR-027,Tier 2,2025-03,1203.36,18.45,0
SPLR-028,Tier 3,2025-03,1615.26,24.13,1
SPLR-029,Tier 1,2025-03,1189.13,32.09,2
SPLR-030,Tier 3,2025-03,1053.4,30.56,0
SPLR-031,Tier 1,2025-03,865.75,23.06,3
SPLR-032,Tier 3,2025-03,1289.47,27.22,1
SPLR-033,Tier 3,2025-03,1125.13,24.17,0
SPLR-034,Tier 1,2025-03,1115.89,27.41,1
SPLR-035,Tier 2,2025-03,1283.46,24.6,0
SPLR-036,Tier 2,2025-03,980.83,29.26,2
SPLR-037,Tier 3,2025-03,1337.21,22.38,0
SPLR-038,Tier 3,2025-03,1296.13,32.51,0
SPLR-039,Tier 1,2025-03,1010.03,27.17,3
SPLR-040,Tier 3,2025-03,878.58,19.46,1
SPLR-041,Tier 1,2025-03,1015.58,28.5,2
SPLR-042,Tier 2,2025-03,1001.33,12.53,0
SPLR-043,Tier 3,2025-03,1338.44,19.38,0
SPLR-044,Tier 2,2025-03,1150.08,25.81,1
SPLR-045,Tier 2,2025-03,1250.63,17.52,3
SPLR-046,Tier 3,2025-03,1092.3,18.86,0
SPLR-047,Tier 3,2025-03,749.68,22.29,0
SPLR-048,Tier 3,2025-03,971.38,15.87,0
SPLR-049,Tier 3,2025-03,822.67,26.92,1
SPLR-050,Tier 1,2025-03,1062.04,18.03,1
SPLR-051,Tier 3,2025-03,1187.27,34.61,0
SPLR-052,Tier 1,2025-03,994.7,30.66,4
SPLR-053,Tier 3,2025-03,1229.58,27.53,0
SPLR-054,Tier 1,2025-03,1194.46,31.64,0
SPLR-055,Tier 2,2025-03,928.72,25.09,3
SPLR-056,Tier 3,2025-03,854.58,27.41,1
SPLR-057,Tier 3,2025-03,1257.67,27.94,1
SPLR-058,Tier 3,2025-03,1367.79,19.56,0
SPLR-059,Tier 1,2025-03,1127.95,18.27,2
SPLR-060,Tier 2,2025-03,1012.26,24.64,0
SPLR-061,Tier 2,2025-03,899.85,32.11,4
SPLR-062,Tier 1,2025-03,847.13,24.54,4
SPLR-063,Tier 3,2025-03,964.16,13.87,1
SPLR-064,Tier 3,2025-03,1105.82,30.95,0
SPLR-065,Tier 3,2025-03,1216.66,29.6,0
SPLR-066,Tier 1,2025-03,924.25,25.15,2
SPLR-067,Tier 3,2025-03,1174.36,23.67,0
SPLR-068,Tier 1,2025-03,1178.79,35.47,2
SPLR-069,Tier 2,2025-03,1253.85,30.88,1
SPLR-070,Tier 1,2025-03,761.75,24.55,0
SPLR-071,Tier 2,2025-03,1047.31,22.37,5
SPLR-072,Tier 2,2025-03,1217.15,21.93,0
SPLR-073,Tier 3,2025-03,922.55,21.14,0
SPLR-074,Tier 3,2025-03,921.67,22.71,0
SPLR-075,Tier 3,2025-03,1120.75,30.14,1
SPLR-076,Tier 3,2025-03,1136.94,18.98,0
SPLR-077,Tier 3,2025-03,1322.23,28.02,2
SPLR-078,Tier 3,2025-03,1131.31,17.91,0
SPLR-079,Tier 3,2025-03,915.59,21.65,0
SPLR-080,Tier 2,2025-03,1326.03,33.01,2
SPLR-081,Tier 3,2025-03,953.79,23.02,2
SPLR-082,Tier 3,2025-03,1127.49,24.61,0
SPLR-083,Tier 1,2025-03,964.58,29.08,2
SPLR-084,Tier 3,2025-03,1195.47,34.48,0
SPLR-085,Tier 2,2025-03,919.68,29.62,0
SPLR-086,Tier 2,2025-03,1009.23,28.77,3
SPLR-087,Tier 3,2025-03,1336.18,23.77,1
SPLR-088,Tier 2,2025-03,757.33,22.93,3
SPLR-089,Tier 3,2025-03,872.2,12.85,2
SPLR-090,Tier 3,2025-03,1093.52,22.92,0
SPLR-091,Tier 3,2025-03,1185.75,28.35,0
SPLR-092,Tier 1,2025-03,1275.57,24.19,1
SPLR-093,Tier 3,2025-03,992.13,27.54,0
SPLR-094,Tier 1,2025-03,949.04,28.84,2
SPLR-095,Tier 3,2025-03,828.84,20.4,0
SPLR-096,Tier 3,2025-03,705.97,24.01,1
SPLR-097,Tier 3,2025-03,989.62,25.23,1
SPLR-098,Tier 1,2025-03,1428.74,29.84,3
SPLR-099,Tier 2,2025-03,1238.99,16.57,1
SPLR-100,Tier 2,2025-03,1236.86,28.35,1
SPLR-001,Tier 3,2025-04,1141.36,24.02,0
SPLR-002,Tier 1,2025-04,1148.42,34.84,0
SPLR-003,Tier 2,2025-04,1116.59,15.87,3
SPLR-004,Tier 3,2025-04,956.85,23.19,0
SPLR-005,Tier 2,2025-04,765.7,17.04,0
SPLR-006,Tier 2,2025-04,1350.68,36.01,0
SPLR-007,Tier 2,2025-04,955.26,31.45,1
SPLR-008,Tier 3,2025-04,1076.41,21.74,1
SPLR-009,Tier 2,2025-04,1226.96,21.2,2
SPLR-010,Tier 3,2025-04,718.28,25.52,0
SPLR-011,Tier 2,2025-04,941.12,31.07,1
SPLR-012,Tier 1,2025-04,1174.26,26.15,4
SPLR-013,Tier 2,2025-04,1364.27,24.15,0
SPLR-014,Tier 3,2025-04,1244.09,23.91,1
SPLR-015,Tier 1,2025-04,977.6,23.28,0
SPLR-016,Tier 2,2025-04,1021.45,21.96,1
SPLR-017,Tier 3,2025-04,1036.52,23.63,1
SPLR-018,Tier 1,2025-04,809.53,26.64,1
SPLR-019,Tier 1,2025-04,1144.34,23.94,4
SPLR-020,Tier 3,2025-04,883.98,29.15,0
SPLR-021,Tier 3,2025-04,927.79,34.81,0
SPLR-022,Tier 2,2025-04,868.29,18.62,2
SPLR-023,Tier 3,2025-04,1194.92,22.35,0
SPLR-024,Tier 2,2025-04,977.76,18.92,1
SPLR-025,Tier 3,2025-04,1078.97,19.71,0
SPLR-026,Tier 3,2025-04,820.25,35.92,0
SPLR-027,Tier 2,2025-04,1003.61,23.56,0
SPLR-028,Tier 1,2025-04,1425.17,28.84,4
SPLR-029,Tier 2,2025-04,1144.26,26.94,1
SPLR-030,Tier 2,2025-04,913.52,19.73,1
SPLR-031,Tier 3,2025-04,1114.68,23.49,0
SPLR-032,Tier 3,2025-04,893.58,24.32,1
SPLR-033,Tier 2,2025-04,1080.2,29.68,4
SPLR-034,Tier 3,2025-04,999.06,24.34,0
SPLR-035,Tier 3,2025-04,1277.4,28.73,0
SPLR-036,Tier 1,2025-04,859.17,23.89,1
SPLR-037,Tier 3,2025-04,1046.0,26.42,0
SPLR-038,Tier 2,2025-04,1055.56,30.85,0
SPLR-039,Tier 2,2025-04,926.69,24.94,2
SPLR-040,Tier 3,2025-04,940.17,25.59,3
SPLR-041,Tier 3,2025-04,1052.0,24.71,1
SPLR-042,Tier 2,2025-04,1270.32,24.56,0
SPLR-043,Tier 3,2025-04,756.05,25.15,0
SPLR-044,Tier 3,2025-04,941.57,28.27,1
SPLR-045,Tier 1,2025-04,1239.46,25.1,0
SPLR-046,Tier 1,2025-04,1337.27,25.0,2
SPLR-047,Tier 1,2025-04,1228.59,26.62,0
SPLR-048,Tier 3,2025-04,1042.0,22.43,0
SPLR-049,Tier 3,2025-04,926.92,21.38,0
SPLR-050,Tier 1,2025-04,1014.87,22.85,4
SPLR-051,Tier 3,2025-04,1022.25,30.79,0
SPLR-052,Tier 1,2025-04,1356.05,26.47,4
SPLR-053,Tier 3,2025-04,1083.83,24.96,0
SPLR-054,Tier 2,2025-04,1007.88,24.44,0
SPLR-055,Tier 2,2025-04,1003.81,24.58,1
SPLR-056,Tier 3,2025-04,1191.52,23.25,0
SPLR-057,Tier 3,2025-04,1211.1,17.1,0
SPLR-058,Tier 1,2025-04,1146.31,16.71,2
SPLR-059,Tier 2,2025-04,1018.99,21.12,0
SPLR-060,Tier 3,2025-04,1152.37,23.04,1
SPLR-061,Tier 3,2025-04,954.04,25.3,0
SPLR-062,Tier 3,2025-04,1152.87,31.92,0
SPLR-063,Tier 3,2025-04,877.49,32.03,0
SPLR-064,Tier 2,2025-04,704.58,23.75,2
SPLR-065,Tier 3,2025-04,1086.17,28.77,1
SPLR-066,Tier 3,2025-04,1356.44,24.39,0
SPLR-067,Tier 1,2025-04,1173.53,20.14,4
SPLR-068,Tier 2,2025-04,1125.77,33.34,1
SPLR-069,Tier 3,2025-04,1097.08,27.44,1
SPLR-070,Tier 1,2025-04,1464.17,27.8,2
SPLR-071,Tier 3,2025-04,1053.49,17.41,0
SPLR-072,Tier 3,2025-04,710.19,27.15,0
SPLR-073,Tier 2,2025-04,893.89,16.95,1
SPLR-074,Tier 3,2025-04,1140.77,25.13,3
SPLR-075,Tier 3,2025-04,960.89,26.66,0
SPLR-076,Tier 1,2025-04,1086.94,31.93,2
SPLR-077,Tier 3,2025-04,1060.51,30.26,0
SPLR-078,Tier 3,2025-04,1037.19,30.24,1
SPLR-079,Tier 1,2025-04,1343.13,22.72,2
SPLR-080,Tier 2,2025-04,1014.22,29.67,2
SPLR-081,Tier 3,2025-04,1420.81,26.91,1
SPLR-082,Tier 3,2025-04,1379.27,28.26,2
SPLR-083,Tier 3,2025-04,1071.43,24.04,0
SPLR-084,Tier 2,2025-04,1013.01,21.82,0
SPLR-085,Tier 3,2025-04,991.37,26.08,0
SPLR-086,Tier 3,2025-04,1184.86,16.89,3
SPLR-087,Tier 3,2025-04,1023.3,24.14,1
SPLR-088,Tier 2,2025-04,813.15,26.78,0
SPLR-089,Tier 3,2025-04,1133.19,30.97,1
SPLR-090,Tier 3,2025-04,1068.74,25.71,0
SPLR-091,Tier 2,2025-04,921.18,32.93,3
SPLR-092,Tier 1,2025-04,1337.04,24.53,1
SPLR-093,Tier 2,2025-04,1015.48,25.15,1
SPLR-094,Tier 3,2025-04,1398.95,24.33,0
SPLR-095,Tier 3,2025-04,1019.13,19.42,0
SPLR-096,Tier 2,2025-04,1046.94,27.53,0
SPLR-097,Tier 3,2025-04,1213.09,22.45,1
SPLR-098,Tier 3,2025-04,1107.72,13.18,0
SPLR-099,Tier 3,2025-04,1031.38,29.35,1
SPLR-100,Tier 3,2025-04,1113.82,25.46,1
