2025-05-21 15:58:44,177 [INFO] Constraint created: CREATE CONSTRAINT IF NOT EXISTS FOR (s:Supplier) REQUIRE s.supplier_id IS UNIQUE
2025-05-21 15:58:44,684 [INFO] Constraint created: CREATE CONSTRAINT IF NOT EXISTS FOR (a:AuditReport) REQUIRE a.audit_id IS UNIQUE
2025-05-21 15:58:45,264 [INFO] Constraint created: CREATE CONSTRAINT IF NOT EXISTS FOR (q:QualityLog) REQUIRE q.log_id IS UNIQUE
2025-05-21 15:58:45,607 [INFO] Constraint created: CREATE CONSTRAINT IF NOT EXISTS FOR (d:Delivery) REQUIRE d.delivery_id IS UNIQUE
2025-05-21 15:58:45,986 [INFO] Constraint created: CREATE CONSTRAINT IF NOT EXISTS FOR (r:RiskIndicator) REQUIRE r.risk_id IS UNIQUE
2025-05-21 15:58:46,172 [INFO] Loaded audit_reports.csv with 1200 records.
2025-05-21 15:58:51,556 [INFO] HTTP Request: POST https://generativelanguage.googleapis.com/v1beta/models/text-embedding-004:batchEmbedContents "HTTP/1.1 200 OK"
2025-05-21 15:58:55,778 [INFO] HTTP Request: POST https://generativelanguage.googleapis.com/v1beta/models/text-embedding-004:batchEmbedContents "HTTP/1.1 200 OK"
2025-05-21 15:58:57,075 [INFO] HTTP Request: POST https://generativelanguage.googleapis.com/v1beta/models/text-embedding-004:batchEmbedContents "HTTP/1.1 200 OK"
2025-05-21 15:58:58,817 [INFO] HTTP Request: POST https://generativelanguage.googleapis.com/v1beta/models/text-embedding-004:batchEmbedContents "HTTP/1.1 200 OK"
2025-05-21 15:59:00,351 [INFO] HTTP Request: POST https://generativelanguage.googleapis.com/v1beta/models/text-embedding-004:batchEmbedContents "HTTP/1.1 200 OK"
2025-05-21 15:59:02,466 [INFO] HTTP Request: POST https://generativelanguage.googleapis.com/v1beta/models/text-embedding-004:batchEmbedContents "HTTP/1.1 200 OK"
2025-05-21 15:59:03,745 [INFO] HTTP Request: POST https://generativelanguage.googleapis.com/v1beta/models/text-embedding-004:batchEmbedContents "HTTP/1.1 200 OK"
2025-05-21 15:59:05,062 [INFO] HTTP Request: POST https://generativelanguage.googleapis.com/v1beta/models/text-embedding-004:batchEmbedContents "HTTP/1.1 200 OK"
2025-05-21 15:59:06,759 [INFO] HTTP Request: POST https://generativelanguage.googleapis.com/v1beta/models/text-embedding-004:batchEmbedContents "HTTP/1.1 200 OK"
2025-05-21 15:59:08,134 [INFO] HTTP Request: POST https://generativelanguage.googleapis.com/v1beta/models/text-embedding-004:batchEmbedContents "HTTP/1.1 200 OK"
2025-05-21 15:59:09,567 [INFO] HTTP Request: POST https://generativelanguage.googleapis.com/v1beta/models/text-embedding-004:batchEmbedContents "HTTP/1.1 200 OK"
2025-05-21 15:59:10,899 [INFO] HTTP Request: POST https://generativelanguage.googleapis.com/v1beta/models/text-embedding-004:batchEmbedContents "HTTP/1.1 200 OK"
2025-05-21 15:59:12,072 [INFO] HTTP Request: POST https://generativelanguage.googleapis.com/v1beta/models/text-embedding-004:batchEmbedContents "HTTP/1.1 200 OK"
2025-05-21 15:59:13,557 [INFO] HTTP Request: POST https://generativelanguage.googleapis.com/v1beta/models/text-embedding-004:batchEmbedContents "HTTP/1.1 200 OK"
2025-05-21 15:59:14,732 [INFO] HTTP Request: POST https://generativelanguage.googleapis.com/v1beta/models/text-embedding-004:batchEmbedContents "HTTP/1.1 200 OK"
2025-05-21 15:59:16,121 [INFO] HTTP Request: POST https://generativelanguage.googleapis.com/v1beta/models/text-embedding-004:batchEmbedContents "HTTP/1.1 200 OK"
2025-05-21 15:59:17,452 [INFO] HTTP Request: POST https://generativelanguage.googleapis.com/v1beta/models/text-embedding-004:batchEmbedContents "HTTP/1.1 200 OK"
2025-05-21 15:59:18,885 [INFO] HTTP Request: POST https://generativelanguage.googleapis.com/v1beta/models/text-embedding-004:batchEmbedContents "HTTP/1.1 200 OK"
2025-05-21 15:59:20,421 [INFO] HTTP Request: POST https://generativelanguage.googleapis.com/v1beta/models/text-embedding-004:batchEmbedContents "HTTP/1.1 200 OK"
2025-05-21 15:59:21,732 [INFO] HTTP Request: POST https://generativelanguage.googleapis.com/v1beta/models/text-embedding-004:batchEmbedContents "HTTP/1.1 200 OK"
2025-05-21 15:59:22,980 [INFO] HTTP Request: POST https://generativelanguage.googleapis.com/v1beta/models/text-embedding-004:batchEmbedContents "HTTP/1.1 200 OK"
2025-05-21 15:59:24,415 [INFO] HTTP Request: POST https://generativelanguage.googleapis.com/v1beta/models/text-embedding-004:batchEmbedContents "HTTP/1.1 200 OK"
2025-05-21 15:59:26,155 [INFO] HTTP Request: POST https://generativelanguage.googleapis.com/v1beta/models/text-embedding-004:batchEmbedContents "HTTP/1.1 200 OK"
2025-05-21 15:59:27,589 [INFO] HTTP Request: POST https://generativelanguage.googleapis.com/v1beta/models/text-embedding-004:batchEmbedContents "HTTP/1.1 200 OK"
2025-05-21 15:59:28,924 [INFO] HTTP Request: POST https://generativelanguage.googleapis.com/v1beta/models/text-embedding-004:batchEmbedContents "HTTP/1.1 200 OK"
2025-05-21 15:59:30,354 [INFO] HTTP Request: POST https://generativelanguage.googleapis.com/v1beta/models/text-embedding-004:batchEmbedContents "HTTP/1.1 200 OK"
2025-05-21 15:59:31,594 [INFO] HTTP Request: POST https://generativelanguage.googleapis.com/v1beta/models/text-embedding-004:batchEmbedContents "HTTP/1.1 200 OK"
2025-05-21 15:59:32,779 [INFO] HTTP Request: POST https://generativelanguage.googleapis.com/v1beta/models/text-embedding-004:batchEmbedContents "HTTP/1.1 200 OK"
2025-05-21 15:59:34,039 [INFO] HTTP Request: POST https://generativelanguage.googleapis.com/v1beta/models/text-embedding-004:batchEmbedContents "HTTP/1.1 200 OK"
2025-05-21 15:59:35,678 [INFO] HTTP Request: POST https://generativelanguage.googleapis.com/v1beta/models/text-embedding-004:batchEmbedContents "HTTP/1.1 200 OK"
2025-05-21 15:59:37,522 [INFO] HTTP Request: POST https://generativelanguage.googleapis.com/v1beta/models/text-embedding-004:batchEmbedContents "HTTP/1.1 200 OK"
2025-05-21 15:59:38,736 [INFO] HTTP Request: POST https://generativelanguage.googleapis.com/v1beta/models/text-embedding-004:batchEmbedContents "HTTP/1.1 200 OK"
2025-05-21 15:59:40,744 [INFO] HTTP Request: POST https://generativelanguage.googleapis.com/v1beta/models/text-embedding-004:batchEmbedContents "HTTP/1.1 200 OK"
2025-05-21 15:59:42,231 [INFO] HTTP Request: POST https://generativelanguage.googleapis.com/v1beta/models/text-embedding-004:batchEmbedContents "HTTP/1.1 200 OK"
2025-05-21 15:59:43,563 [INFO] HTTP Request: POST https://generativelanguage.googleapis.com/v1beta/models/text-embedding-004:batchEmbedContents "HTTP/1.1 200 OK"
2025-05-21 15:59:44,875 [INFO] HTTP Request: POST https://generativelanguage.googleapis.com/v1beta/models/text-embedding-004:batchEmbedContents "HTTP/1.1 200 OK"
2025-05-21 15:59:46,220 [INFO] HTTP Request: POST https://generativelanguage.googleapis.com/v1beta/models/text-embedding-004:batchEmbedContents "HTTP/1.1 200 OK"
2025-05-21 15:59:47,443 [INFO] HTTP Request: POST https://generativelanguage.googleapis.com/v1beta/models/text-embedding-004:batchEmbedContents "HTTP/1.1 200 OK"
2025-05-21 15:59:48,785 [INFO] HTTP Request: POST https://generativelanguage.googleapis.com/v1beta/models/text-embedding-004:batchEmbedContents "HTTP/1.1 200 OK"
2025-05-21 15:59:50,219 [INFO] HTTP Request: POST https://generativelanguage.googleapis.com/v1beta/models/text-embedding-004:batchEmbedContents "HTTP/1.1 200 OK"
2025-05-21 15:59:51,426 [INFO] HTTP Request: POST https://generativelanguage.googleapis.com/v1beta/models/text-embedding-004:batchEmbedContents "HTTP/1.1 200 OK"
2025-05-21 15:59:52,725 [INFO] HTTP Request: POST https://generativelanguage.googleapis.com/v1beta/models/text-embedding-004:batchEmbedContents "HTTP/1.1 200 OK"
2025-05-21 15:59:53,994 [INFO] HTTP Request: POST https://generativelanguage.googleapis.com/v1beta/models/text-embedding-004:batchEmbedContents "HTTP/1.1 200 OK"
2025-05-21 15:59:55,530 [INFO] HTTP Request: POST https://generativelanguage.googleapis.com/v1beta/models/text-embedding-004:batchEmbedContents "HTTP/1.1 200 OK"
2025-05-21 15:59:56,778 [INFO] HTTP Request: POST https://generativelanguage.googleapis.com/v1beta/models/text-embedding-004:batchEmbedContents "HTTP/1.1 200 OK"
2025-05-21 15:59:58,093 [INFO] HTTP Request: POST https://generativelanguage.googleapis.com/v1beta/models/text-embedding-004:batchEmbedContents "HTTP/1.1 200 OK"
2025-05-21 15:59:59,742 [INFO] HTTP Request: POST https://generativelanguage.googleapis.com/v1beta/models/text-embedding-004:batchEmbedContents "HTTP/1.1 200 OK"
2025-05-21 16:00:01,176 [INFO] HTTP Request: POST https://generativelanguage.googleapis.com/v1beta/models/text-embedding-004:batchEmbedContents "HTTP/1.1 200 OK"
2025-05-21 16:00:02,633 [INFO] HTTP Request: POST https://generativelanguage.googleapis.com/v1beta/models/text-embedding-004:batchEmbedContents "HTTP/1.1 200 OK"
2025-05-21 16:00:03,988 [INFO] HTTP Request: POST https://generativelanguage.googleapis.com/v1beta/models/text-embedding-004:batchEmbedContents "HTTP/1.1 200 OK"
2025-05-21 16:00:05,372 [INFO] HTTP Request: POST https://generativelanguage.googleapis.com/v1beta/models/text-embedding-004:batchEmbedContents "HTTP/1.1 200 OK"
2025-05-21 16:00:06,775 [INFO] HTTP Request: POST https://generativelanguage.googleapis.com/v1beta/models/text-embedding-004:batchEmbedContents "HTTP/1.1 200 OK"
2025-05-21 16:00:08,036 [INFO] HTTP Request: POST https://generativelanguage.googleapis.com/v1beta/models/text-embedding-004:batchEmbedContents "HTTP/1.1 200 OK"
2025-05-21 16:00:09,369 [INFO] HTTP Request: POST https://generativelanguage.googleapis.com/v1beta/models/text-embedding-004:batchEmbedContents "HTTP/1.1 200 OK"
2025-05-21 16:00:10,734 [INFO] HTTP Request: POST https://generativelanguage.googleapis.com/v1beta/models/text-embedding-004:batchEmbedContents "HTTP/1.1 200 OK"
2025-05-21 16:00:11,929 [INFO] HTTP Request: POST https://generativelanguage.googleapis.com/v1beta/models/text-embedding-004:batchEmbedContents "HTTP/1.1 200 OK"
2025-05-21 16:00:13,146 [INFO] HTTP Request: POST https://generativelanguage.googleapis.com/v1beta/models/text-embedding-004:batchEmbedContents "HTTP/1.1 200 OK"
2025-05-21 16:00:14,321 [INFO] HTTP Request: POST https://generativelanguage.googleapis.com/v1beta/models/text-embedding-004:batchEmbedContents "HTTP/1.1 200 OK"
2025-05-21 16:00:15,873 [INFO] HTTP Request: POST https://generativelanguage.googleapis.com/v1beta/models/text-embedding-004:batchEmbedContents "HTTP/1.1 200 OK"
2025-05-21 16:00:17,078 [INFO] HTTP Request: POST https://generativelanguage.googleapis.com/v1beta/models/text-embedding-004:batchEmbedContents "HTTP/1.1 200 OK"
2025-05-21 16:00:18,480 [INFO] HTTP Request: POST https://generativelanguage.googleapis.com/v1beta/models/text-embedding-004:batchEmbedContents "HTTP/1.1 200 OK"
2025-05-21 16:00:19,811 [INFO] HTTP Request: POST https://generativelanguage.googleapis.com/v1beta/models/text-embedding-004:batchEmbedContents "HTTP/1.1 200 OK"
2025-05-21 16:00:21,142 [INFO] HTTP Request: POST https://generativelanguage.googleapis.com/v1beta/models/text-embedding-004:batchEmbedContents "HTTP/1.1 200 OK"
2025-05-21 16:00:22,677 [INFO] HTTP Request: POST https://generativelanguage.googleapis.com/v1beta/models/text-embedding-004:batchEmbedContents "HTTP/1.1 200 OK"
2025-05-21 16:00:24,112 [INFO] HTTP Request: POST https://generativelanguage.googleapis.com/v1beta/models/text-embedding-004:batchEmbedContents "HTTP/1.1 200 OK"
2025-05-21 16:00:25,444 [INFO] HTTP Request: POST https://generativelanguage.googleapis.com/v1beta/models/text-embedding-004:batchEmbedContents "HTTP/1.1 200 OK"
2025-05-21 16:00:26,547 [INFO] HTTP Request: POST https://generativelanguage.googleapis.com/v1beta/models/text-embedding-004:batchEmbedContents "HTTP/1.1 200 OK"
2025-05-21 16:00:27,901 [INFO] HTTP Request: POST https://generativelanguage.googleapis.com/v1beta/models/text-embedding-004:batchEmbedContents "HTTP/1.1 200 OK"
2025-05-21 16:00:29,745 [INFO] HTTP Request: POST https://generativelanguage.googleapis.com/v1beta/models/text-embedding-004:batchEmbedContents "HTTP/1.1 200 OK"
2025-05-21 16:00:31,075 [INFO] HTTP Request: POST https://generativelanguage.googleapis.com/v1beta/models/text-embedding-004:batchEmbedContents "HTTP/1.1 200 OK"
2025-05-21 16:00:32,213 [INFO] HTTP Request: POST https://generativelanguage.googleapis.com/v1beta/models/text-embedding-004:batchEmbedContents "HTTP/1.1 200 OK"
2025-05-21 16:00:33,425 [INFO] HTTP Request: POST https://generativelanguage.googleapis.com/v1beta/models/text-embedding-004:batchEmbedContents "HTTP/1.1 200 OK"
2025-05-21 16:00:34,725 [INFO] HTTP Request: POST https://generativelanguage.googleapis.com/v1beta/models/text-embedding-004:batchEmbedContents "HTTP/1.1 200 OK"
2025-05-21 16:00:36,091 [INFO] HTTP Request: POST https://generativelanguage.googleapis.com/v1beta/models/text-embedding-004:batchEmbedContents "HTTP/1.1 200 OK"
2025-05-21 16:00:37,322 [INFO] HTTP Request: POST https://generativelanguage.googleapis.com/v1beta/models/text-embedding-004:batchEmbedContents "HTTP/1.1 200 OK"
2025-05-21 16:00:38,759 [INFO] HTTP Request: POST https://generativelanguage.googleapis.com/v1beta/models/text-embedding-004:batchEmbedContents "HTTP/1.1 200 OK"
2025-05-21 16:00:40,188 [INFO] HTTP Request: POST https://generativelanguage.googleapis.com/v1beta/models/text-embedding-004:batchEmbedContents "HTTP/1.1 200 OK"
2025-05-21 16:00:41,520 [INFO] HTTP Request: POST https://generativelanguage.googleapis.com/v1beta/models/text-embedding-004:batchEmbedContents "HTTP/1.1 200 OK"
2025-05-21 16:00:42,747 [INFO] HTTP Request: POST https://generativelanguage.googleapis.com/v1beta/models/text-embedding-004:batchEmbedContents "HTTP/1.1 200 OK"
2025-05-21 16:00:44,079 [INFO] HTTP Request: POST https://generativelanguage.googleapis.com/v1beta/models/text-embedding-004:batchEmbedContents "HTTP/1.1 200 OK"
2025-05-21 16:00:45,401 [INFO] HTTP Request: POST https://generativelanguage.googleapis.com/v1beta/models/text-embedding-004:batchEmbedContents "HTTP/1.1 200 OK"
2025-05-21 16:00:46,711 [INFO] HTTP Request: POST https://generativelanguage.googleapis.com/v1beta/models/text-embedding-004:batchEmbedContents "HTTP/1.1 200 OK"
2025-05-21 16:00:48,176 [INFO] HTTP Request: POST https://generativelanguage.googleapis.com/v1beta/models/text-embedding-004:batchEmbedContents "HTTP/1.1 200 OK"
2025-05-21 16:00:49,814 [INFO] HTTP Request: POST https://generativelanguage.googleapis.com/v1beta/models/text-embedding-004:batchEmbedContents "HTTP/1.1 200 OK"
2025-05-21 16:00:51,103 [INFO] HTTP Request: POST https://generativelanguage.googleapis.com/v1beta/models/text-embedding-004:batchEmbedContents "HTTP/1.1 200 OK"
2025-05-21 16:00:52,330 [INFO] HTTP Request: POST https://generativelanguage.googleapis.com/v1beta/models/text-embedding-004:batchEmbedContents "HTTP/1.1 200 OK"
2025-05-21 16:00:53,553 [INFO] HTTP Request: POST https://generativelanguage.googleapis.com/v1beta/models/text-embedding-004:batchEmbedContents "HTTP/1.1 200 OK"
2025-05-21 16:00:55,218 [INFO] HTTP Request: POST https://generativelanguage.googleapis.com/v1beta/models/text-embedding-004:batchEmbedContents "HTTP/1.1 200 OK"
2025-05-21 16:00:56,572 [INFO] HTTP Request: POST https://generativelanguage.googleapis.com/v1beta/models/text-embedding-004:batchEmbedContents "HTTP/1.1 200 OK"
2025-05-21 16:00:58,008 [INFO] HTTP Request: POST https://generativelanguage.googleapis.com/v1beta/models/text-embedding-004:batchEmbedContents "HTTP/1.1 200 OK"
2025-05-21 16:00:59,439 [INFO] HTTP Request: POST https://generativelanguage.googleapis.com/v1beta/models/text-embedding-004:batchEmbedContents "HTTP/1.1 200 OK"
2025-05-21 16:01:00,810 [INFO] HTTP Request: POST https://generativelanguage.googleapis.com/v1beta/models/text-embedding-004:batchEmbedContents "HTTP/1.1 200 OK"
2025-05-21 16:01:02,414 [INFO] HTTP Request: POST https://generativelanguage.googleapis.com/v1beta/models/text-embedding-004:batchEmbedContents "HTTP/1.1 200 OK"
2025-05-21 16:01:03,845 [INFO] HTTP Request: POST https://generativelanguage.googleapis.com/v1beta/models/text-embedding-004:batchEmbedContents "HTTP/1.1 200 OK"
2025-05-21 16:01:05,084 [INFO] HTTP Request: POST https://generativelanguage.googleapis.com/v1beta/models/text-embedding-004:batchEmbedContents "HTTP/1.1 200 OK"
2025-05-21 16:01:06,336 [INFO] HTTP Request: POST https://generativelanguage.googleapis.com/v1beta/models/text-embedding-004:batchEmbedContents "HTTP/1.1 200 OK"
2025-05-21 16:01:07,734 [INFO] HTTP Request: POST https://generativelanguage.googleapis.com/v1beta/models/text-embedding-004:batchEmbedContents "HTTP/1.1 200 OK"
2025-05-21 16:01:09,066 [INFO] HTTP Request: POST https://generativelanguage.googleapis.com/v1beta/models/text-embedding-004:batchEmbedContents "HTTP/1.1 200 OK"
2025-05-21 16:01:10,294 [INFO] HTTP Request: POST https://generativelanguage.googleapis.com/v1beta/models/text-embedding-004:batchEmbedContents "HTTP/1.1 200 OK"
2025-05-21 16:01:11,420 [INFO] HTTP Request: POST https://generativelanguage.googleapis.com/v1beta/models/text-embedding-004:batchEmbedContents "HTTP/1.1 200 OK"
2025-05-21 16:01:12,650 [INFO] HTTP Request: POST https://generativelanguage.googleapis.com/v1beta/models/text-embedding-004:batchEmbedContents "HTTP/1.1 200 OK"
2025-05-21 16:01:13,961 [INFO] HTTP Request: POST https://generativelanguage.googleapis.com/v1beta/models/text-embedding-004:batchEmbedContents "HTTP/1.1 200 OK"
2025-05-21 16:01:15,123 [INFO] HTTP Request: POST https://generativelanguage.googleapis.com/v1beta/models/text-embedding-004:batchEmbedContents "HTTP/1.1 200 OK"
2025-05-21 16:01:16,539 [INFO] HTTP Request: POST https://generativelanguage.googleapis.com/v1beta/models/text-embedding-004:batchEmbedContents "HTTP/1.1 200 OK"
2025-05-21 16:01:17,869 [INFO] HTTP Request: POST https://generativelanguage.googleapis.com/v1beta/models/text-embedding-004:batchEmbedContents "HTTP/1.1 200 OK"
2025-05-21 16:01:19,275 [INFO] HTTP Request: POST https://generativelanguage.googleapis.com/v1beta/models/text-embedding-004:batchEmbedContents "HTTP/1.1 200 OK"
2025-05-21 16:01:20,637 [INFO] HTTP Request: POST https://generativelanguage.googleapis.com/v1beta/models/text-embedding-004:batchEmbedContents "HTTP/1.1 200 OK"
2025-05-21 16:01:21,985 [INFO] HTTP Request: POST https://generativelanguage.googleapis.com/v1beta/models/text-embedding-004:batchEmbedContents "HTTP/1.1 200 OK"
2025-05-21 16:01:23,352 [INFO] HTTP Request: POST https://generativelanguage.googleapis.com/v1beta/models/text-embedding-004:batchEmbedContents "HTTP/1.1 200 OK"
2025-05-21 16:01:24,630 [INFO] HTTP Request: POST https://generativelanguage.googleapis.com/v1beta/models/text-embedding-004:batchEmbedContents "HTTP/1.1 200 OK"
2025-05-21 16:01:25,858 [INFO] HTTP Request: POST https://generativelanguage.googleapis.com/v1beta/models/text-embedding-004:batchEmbedContents "HTTP/1.1 200 OK"
2025-05-21 16:01:27,108 [INFO] HTTP Request: POST https://generativelanguage.googleapis.com/v1beta/models/text-embedding-004:batchEmbedContents "HTTP/1.1 200 OK"
2025-05-21 16:01:28,518 [INFO] HTTP Request: POST https://generativelanguage.googleapis.com/v1beta/models/text-embedding-004:batchEmbedContents "HTTP/1.1 200 OK"
2025-05-21 16:01:29,752 [INFO] HTTP Request: POST https://generativelanguage.googleapis.com/v1beta/models/text-embedding-004:batchEmbedContents "HTTP/1.1 200 OK"
2025-05-21 16:01:30,943 [INFO] HTTP Request: POST https://generativelanguage.googleapis.com/v1beta/models/text-embedding-004:batchEmbedContents "HTTP/1.1 200 OK"
2025-05-21 16:01:32,065 [INFO] HTTP Request: POST https://generativelanguage.googleapis.com/v1beta/models/text-embedding-004:batchEmbedContents "HTTP/1.1 200 OK"
2025-05-21 16:01:33,293 [INFO] HTTP Request: POST https://generativelanguage.googleapis.com/v1beta/models/text-embedding-004:batchEmbedContents "HTTP/1.1 200 OK"
2025-05-21 16:01:34,463 [INFO] HTTP Request: POST https://generativelanguage.googleapis.com/v1beta/models/text-embedding-004:batchEmbedContents "HTTP/1.1 200 OK"
2025-05-21 16:01:35,795 [INFO] HTTP Request: POST https://generativelanguage.googleapis.com/v1beta/models/text-embedding-004:batchEmbedContents "HTTP/1.1 200 OK"
2025-05-21 16:01:37,121 [INFO] HTTP Request: POST https://generativelanguage.googleapis.com/v1beta/models/text-embedding-004:batchEmbedContents "HTTP/1.1 200 OK"
2025-05-21 16:01:38,455 [INFO] HTTP Request: POST https://generativelanguage.googleapis.com/v1beta/models/text-embedding-004:batchEmbedContents "HTTP/1.1 200 OK"
2025-05-21 16:01:39,673 [INFO] HTTP Request: POST https://generativelanguage.googleapis.com/v1beta/models/text-embedding-004:batchEmbedContents "HTTP/1.1 200 OK"
2025-05-21 16:01:41,119 [INFO] HTTP Request: POST https://generativelanguage.googleapis.com/v1beta/models/text-embedding-004:batchEmbedContents "HTTP/1.1 200 OK"
2025-05-21 16:01:42,345 [INFO] HTTP Request: POST https://generativelanguage.googleapis.com/v1beta/models/text-embedding-004:batchEmbedContents "HTTP/1.1 200 OK"
2025-05-21 16:01:43,544 [INFO] HTTP Request: POST https://generativelanguage.googleapis.com/v1beta/models/text-embedding-004:batchEmbedContents "HTTP/1.1 200 OK"
2025-05-21 16:01:44,699 [INFO] HTTP Request: POST https://generativelanguage.googleapis.com/v1beta/models/text-embedding-004:batchEmbedContents "HTTP/1.1 200 OK"
2025-05-21 16:01:46,033 [INFO] HTTP Request: POST https://generativelanguage.googleapis.com/v1beta/models/text-embedding-004:batchEmbedContents "HTTP/1.1 200 OK"
2025-05-21 16:01:47,258 [INFO] HTTP Request: POST https://generativelanguage.googleapis.com/v1beta/models/text-embedding-004:batchEmbedContents "HTTP/1.1 200 OK"
2025-05-21 16:01:48,589 [INFO] HTTP Request: POST https://generativelanguage.googleapis.com/v1beta/models/text-embedding-004:batchEmbedContents "HTTP/1.1 200 OK"
2025-05-21 16:01:49,897 [INFO] HTTP Request: POST https://generativelanguage.googleapis.com/v1beta/models/text-embedding-004:batchEmbedContents "HTTP/1.1 200 OK"
2025-05-21 16:01:51,219 [INFO] HTTP Request: POST https://generativelanguage.googleapis.com/v1beta/models/text-embedding-004:batchEmbedContents "HTTP/1.1 200 OK"
2025-05-21 16:01:52,338 [INFO] HTTP Request: POST https://generativelanguage.googleapis.com/v1beta/models/text-embedding-004:batchEmbedContents "HTTP/1.1 200 OK"
2025-05-21 16:01:54,198 [INFO] HTTP Request: POST https://generativelanguage.googleapis.com/v1beta/models/text-embedding-004:batchEmbedContents "HTTP/1.1 200 OK"
2025-05-21 16:01:55,515 [INFO] HTTP Request: POST https://generativelanguage.googleapis.com/v1beta/models/text-embedding-004:batchEmbedContents "HTTP/1.1 200 OK"
2025-05-21 16:01:56,838 [INFO] HTTP Request: POST https://generativelanguage.googleapis.com/v1beta/models/text-embedding-004:batchEmbedContents "HTTP/1.1 200 OK"
2025-05-21 16:01:58,074 [INFO] HTTP Request: POST https://generativelanguage.googleapis.com/v1beta/models/text-embedding-004:batchEmbedContents "HTTP/1.1 200 OK"
2025-05-21 16:01:59,392 [INFO] HTTP Request: POST https://generativelanguage.googleapis.com/v1beta/models/text-embedding-004:batchEmbedContents "HTTP/1.1 200 OK"
2025-05-21 16:02:00,671 [INFO] HTTP Request: POST https://generativelanguage.googleapis.com/v1beta/models/text-embedding-004:batchEmbedContents "HTTP/1.1 200 OK"
2025-05-21 16:02:01,953 [INFO] HTTP Request: POST https://generativelanguage.googleapis.com/v1beta/models/text-embedding-004:batchEmbedContents "HTTP/1.1 200 OK"
2025-05-21 16:02:03,083 [INFO] HTTP Request: POST https://generativelanguage.googleapis.com/v1beta/models/text-embedding-004:batchEmbedContents "HTTP/1.1 200 OK"
2025-05-21 16:02:04,357 [INFO] HTTP Request: POST https://generativelanguage.googleapis.com/v1beta/models/text-embedding-004:batchEmbedContents "HTTP/1.1 200 OK"
2025-05-21 16:02:05,651 [INFO] HTTP Request: POST https://generativelanguage.googleapis.com/v1beta/models/text-embedding-004:batchEmbedContents "HTTP/1.1 200 OK"
2025-05-21 16:02:07,023 [INFO] HTTP Request: POST https://generativelanguage.googleapis.com/v1beta/models/text-embedding-004:batchEmbedContents "HTTP/1.1 200 OK"
2025-05-21 16:02:08,351 [INFO] HTTP Request: POST https://generativelanguage.googleapis.com/v1beta/models/text-embedding-004:batchEmbedContents "HTTP/1.1 200 OK"
2025-05-21 16:02:09,660 [INFO] HTTP Request: POST https://generativelanguage.googleapis.com/v1beta/models/text-embedding-004:batchEmbedContents "HTTP/1.1 200 OK"
2025-05-21 16:02:11,116 [INFO] HTTP Request: POST https://generativelanguage.googleapis.com/v1beta/models/text-embedding-004:batchEmbedContents "HTTP/1.1 200 OK"
2025-05-21 16:02:12,332 [INFO] HTTP Request: POST https://generativelanguage.googleapis.com/v1beta/models/text-embedding-004:batchEmbedContents "HTTP/1.1 200 OK"
2025-05-21 16:02:13,482 [INFO] HTTP Request: POST https://generativelanguage.googleapis.com/v1beta/models/text-embedding-004:batchEmbedContents "HTTP/1.1 200 OK"
2025-05-21 16:02:14,650 [INFO] HTTP Request: POST https://generativelanguage.googleapis.com/v1beta/models/text-embedding-004:batchEmbedContents "HTTP/1.1 200 OK"
2025-05-21 16:02:16,036 [INFO] HTTP Request: POST https://generativelanguage.googleapis.com/v1beta/models/text-embedding-004:batchEmbedContents "HTTP/1.1 200 OK"
2025-05-21 16:02:17,567 [INFO] HTTP Request: POST https://generativelanguage.googleapis.com/v1beta/models/text-embedding-004:batchEmbedContents "HTTP/1.1 200 OK"
2025-05-21 16:02:18,849 [INFO] HTTP Request: POST https://generativelanguage.googleapis.com/v1beta/models/text-embedding-004:batchEmbedContents "HTTP/1.1 200 OK"
2025-05-21 16:02:20,042 [INFO] HTTP Request: POST https://generativelanguage.googleapis.com/v1beta/models/text-embedding-004:batchEmbedContents "HTTP/1.1 200 OK"
2025-05-21 16:02:21,164 [INFO] HTTP Request: POST https://generativelanguage.googleapis.com/v1beta/models/text-embedding-004:batchEmbedContents "HTTP/1.1 200 OK"
2025-05-21 16:02:22,358 [INFO] HTTP Request: POST https://generativelanguage.googleapis.com/v1beta/models/text-embedding-004:batchEmbedContents "HTTP/1.1 200 OK"
2025-05-21 16:02:23,549 [INFO] HTTP Request: POST https://generativelanguage.googleapis.com/v1beta/models/text-embedding-004:batchEmbedContents "HTTP/1.1 200 OK"
2025-05-21 16:02:24,744 [INFO] HTTP Request: POST https://generativelanguage.googleapis.com/v1beta/models/text-embedding-004:batchEmbedContents "HTTP/1.1 200 OK"
2025-05-21 16:02:25,941 [INFO] HTTP Request: POST https://generativelanguage.googleapis.com/v1beta/models/text-embedding-004:batchEmbedContents "HTTP/1.1 200 OK"
2025-05-21 16:02:27,060 [INFO] HTTP Request: POST https://generativelanguage.googleapis.com/v1beta/models/text-embedding-004:batchEmbedContents "HTTP/1.1 200 OK"
2025-05-21 16:02:28,220 [INFO] HTTP Request: POST https://generativelanguage.googleapis.com/v1beta/models/text-embedding-004:batchEmbedContents "HTTP/1.1 200 OK"
2025-05-21 16:02:29,409 [INFO] HTTP Request: POST https://generativelanguage.googleapis.com/v1beta/models/text-embedding-004:batchEmbedContents "HTTP/1.1 200 OK"
2025-05-21 16:02:30,546 [INFO] HTTP Request: POST https://generativelanguage.googleapis.com/v1beta/models/text-embedding-004:batchEmbedContents "HTTP/1.1 200 OK"
2025-05-21 16:02:31,782 [INFO] HTTP Request: POST https://generativelanguage.googleapis.com/v1beta/models/text-embedding-004:batchEmbedContents "HTTP/1.1 200 OK"
2025-05-21 16:02:33,030 [INFO] HTTP Request: POST https://generativelanguage.googleapis.com/v1beta/models/text-embedding-004:batchEmbedContents "HTTP/1.1 200 OK"
2025-05-21 16:02:34,360 [INFO] HTTP Request: POST https://generativelanguage.googleapis.com/v1beta/models/text-embedding-004:batchEmbedContents "HTTP/1.1 200 OK"
2025-05-21 16:02:35,455 [INFO] HTTP Request: POST https://generativelanguage.googleapis.com/v1beta/models/text-embedding-004:batchEmbedContents "HTTP/1.1 200 OK"
2025-05-21 16:02:36,972 [INFO] HTTP Request: POST https://generativelanguage.googleapis.com/v1beta/models/text-embedding-004:batchEmbedContents "HTTP/1.1 200 OK"
2025-05-21 16:02:38,252 [INFO] HTTP Request: POST https://generativelanguage.googleapis.com/v1beta/models/text-embedding-004:batchEmbedContents "HTTP/1.1 200 OK"
2025-05-21 16:02:39,451 [INFO] HTTP Request: POST https://generativelanguage.googleapis.com/v1beta/models/text-embedding-004:batchEmbedContents "HTTP/1.1 200 OK"
2025-05-21 16:02:40,708 [INFO] HTTP Request: POST https://generativelanguage.googleapis.com/v1beta/models/text-embedding-004:batchEmbedContents "HTTP/1.1 200 OK"
2025-05-21 16:02:42,003 [INFO] HTTP Request: POST https://generativelanguage.googleapis.com/v1beta/models/text-embedding-004:batchEmbedContents "HTTP/1.1 200 OK"
2025-05-21 16:02:43,173 [INFO] HTTP Request: POST https://generativelanguage.googleapis.com/v1beta/models/text-embedding-004:batchEmbedContents "HTTP/1.1 200 OK"
2025-05-21 16:02:44,585 [INFO] HTTP Request: POST https://generativelanguage.googleapis.com/v1beta/models/text-embedding-004:batchEmbedContents "HTTP/1.1 200 OK"
2025-05-21 16:02:46,034 [INFO] HTTP Request: POST https://generativelanguage.googleapis.com/v1beta/models/text-embedding-004:batchEmbedContents "HTTP/1.1 200 OK"
2025-05-21 16:02:47,323 [INFO] HTTP Request: POST https://generativelanguage.googleapis.com/v1beta/models/text-embedding-004:batchEmbedContents "HTTP/1.1 200 OK"
2025-05-21 16:02:48,639 [INFO] HTTP Request: POST https://generativelanguage.googleapis.com/v1beta/models/text-embedding-004:batchEmbedContents "HTTP/1.1 200 OK"
2025-05-21 16:02:49,994 [INFO] HTTP Request: POST https://generativelanguage.googleapis.com/v1beta/models/text-embedding-004:batchEmbedContents "HTTP/1.1 200 OK"
2025-05-21 16:02:51,256 [INFO] HTTP Request: POST https://generativelanguage.googleapis.com/v1beta/models/text-embedding-004:batchEmbedContents "HTTP/1.1 200 OK"
2025-05-21 16:02:52,360 [INFO] HTTP Request: POST https://generativelanguage.googleapis.com/v1beta/models/text-embedding-004:batchEmbedContents "HTTP/1.1 200 OK"
2025-05-21 16:02:53,611 [INFO] HTTP Request: POST https://generativelanguage.googleapis.com/v1beta/models/text-embedding-004:batchEmbedContents "HTTP/1.1 200 OK"
2025-05-21 16:02:54,839 [INFO] HTTP Request: POST https://generativelanguage.googleapis.com/v1beta/models/text-embedding-004:batchEmbedContents "HTTP/1.1 200 OK"
2025-05-21 16:02:56,170 [INFO] HTTP Request: POST https://generativelanguage.googleapis.com/v1beta/models/text-embedding-004:batchEmbedContents "HTTP/1.1 200 OK"
2025-05-21 16:02:57,358 [INFO] HTTP Request: POST https://generativelanguage.googleapis.com/v1beta/models/text-embedding-004:batchEmbedContents "HTTP/1.1 200 OK"
2025-05-21 16:02:58,733 [INFO] HTTP Request: POST https://generativelanguage.googleapis.com/v1beta/models/text-embedding-004:batchEmbedContents "HTTP/1.1 200 OK"
2025-05-21 16:03:00,062 [INFO] HTTP Request: POST https://generativelanguage.googleapis.com/v1beta/models/text-embedding-004:batchEmbedContents "HTTP/1.1 200 OK"
2025-05-21 16:03:01,398 [INFO] HTTP Request: POST https://generativelanguage.googleapis.com/v1beta/models/text-embedding-004:batchEmbedContents "HTTP/1.1 200 OK"
2025-05-21 16:03:02,541 [INFO] HTTP Request: POST https://generativelanguage.googleapis.com/v1beta/models/text-embedding-004:batchEmbedContents "HTTP/1.1 200 OK"
2025-05-21 16:03:03,821 [INFO] HTTP Request: POST https://generativelanguage.googleapis.com/v1beta/models/text-embedding-004:batchEmbedContents "HTTP/1.1 200 OK"
2025-05-21 16:03:05,080 [INFO] HTTP Request: POST https://generativelanguage.googleapis.com/v1beta/models/text-embedding-004:batchEmbedContents "HTTP/1.1 200 OK"
2025-05-21 16:03:06,413 [INFO] HTTP Request: POST https://generativelanguage.googleapis.com/v1beta/models/text-embedding-004:batchEmbedContents "HTTP/1.1 200 OK"
2025-05-21 16:03:07,844 [INFO] HTTP Request: POST https://generativelanguage.googleapis.com/v1beta/models/text-embedding-004:batchEmbedContents "HTTP/1.1 200 OK"
2025-05-21 16:03:09,079 [INFO] HTTP Request: POST https://generativelanguage.googleapis.com/v1beta/models/text-embedding-004:batchEmbedContents "HTTP/1.1 200 OK"
2025-05-21 16:03:10,506 [INFO] HTTP Request: POST https://generativelanguage.googleapis.com/v1beta/models/text-embedding-004:batchEmbedContents "HTTP/1.1 200 OK"
2025-05-21 16:03:11,735 [INFO] HTTP Request: POST https://generativelanguage.googleapis.com/v1beta/models/text-embedding-004:batchEmbedContents "HTTP/1.1 200 OK"
2025-05-21 16:03:12,964 [INFO] HTTP Request: POST https://generativelanguage.googleapis.com/v1beta/models/text-embedding-004:batchEmbedContents "HTTP/1.1 200 OK"
2025-05-21 16:03:14,185 [INFO] HTTP Request: POST https://generativelanguage.googleapis.com/v1beta/models/text-embedding-004:batchEmbedContents "HTTP/1.1 200 OK"
2025-05-21 16:03:15,423 [INFO] HTTP Request: POST https://generativelanguage.googleapis.com/v1beta/models/text-embedding-004:batchEmbedContents "HTTP/1.1 200 OK"
2025-05-21 16:03:16,754 [INFO] HTTP Request: POST https://generativelanguage.googleapis.com/v1beta/models/text-embedding-004:batchEmbedContents "HTTP/1.1 200 OK"
2025-05-21 16:03:17,943 [INFO] HTTP Request: POST https://generativelanguage.googleapis.com/v1beta/models/text-embedding-004:batchEmbedContents "HTTP/1.1 200 OK"
2025-05-21 16:03:19,313 [INFO] HTTP Request: POST https://generativelanguage.googleapis.com/v1beta/models/text-embedding-004:batchEmbedContents "HTTP/1.1 200 OK"
2025-05-21 16:03:20,497 [INFO] HTTP Request: POST https://generativelanguage.googleapis.com/v1beta/models/text-embedding-004:batchEmbedContents "HTTP/1.1 200 OK"
2025-05-21 16:03:21,749 [INFO] HTTP Request: POST https://generativelanguage.googleapis.com/v1beta/models/text-embedding-004:batchEmbedContents "HTTP/1.1 200 OK"
2025-05-21 16:03:23,054 [INFO] HTTP Request: POST https://generativelanguage.googleapis.com/v1beta/models/text-embedding-004:batchEmbedContents "HTTP/1.1 200 OK"
2025-05-21 16:03:24,330 [INFO] HTTP Request: POST https://generativelanguage.googleapis.com/v1beta/models/text-embedding-004:batchEmbedContents "HTTP/1.1 200 OK"
2025-05-21 16:03:25,599 [INFO] HTTP Request: POST https://generativelanguage.googleapis.com/v1beta/models/text-embedding-004:batchEmbedContents "HTTP/1.1 200 OK"
2025-05-21 16:03:26,711 [INFO] HTTP Request: POST https://generativelanguage.googleapis.com/v1beta/models/text-embedding-004:batchEmbedContents "HTTP/1.1 200 OK"
2025-05-21 16:03:27,847 [INFO] HTTP Request: POST https://generativelanguage.googleapis.com/v1beta/models/text-embedding-004:batchEmbedContents "HTTP/1.1 200 OK"
2025-05-21 16:03:28,975 [INFO] HTTP Request: POST https://generativelanguage.googleapis.com/v1beta/models/text-embedding-004:batchEmbedContents "HTTP/1.1 200 OK"
2025-05-21 16:03:30,221 [INFO] HTTP Request: POST https://generativelanguage.googleapis.com/v1beta/models/text-embedding-004:batchEmbedContents "HTTP/1.1 200 OK"
2025-05-21 16:03:31,292 [INFO] HTTP Request: POST https://generativelanguage.googleapis.com/v1beta/models/text-embedding-004:batchEmbedContents "HTTP/1.1 200 OK"
2025-05-21 16:03:32,436 [INFO] HTTP Request: POST https://generativelanguage.googleapis.com/v1beta/models/text-embedding-004:batchEmbedContents "HTTP/1.1 200 OK"
2025-05-21 16:03:33,574 [INFO] HTTP Request: POST https://generativelanguage.googleapis.com/v1beta/models/text-embedding-004:batchEmbedContents "HTTP/1.1 200 OK"
2025-05-21 16:03:34,719 [INFO] HTTP Request: POST https://generativelanguage.googleapis.com/v1beta/models/text-embedding-004:batchEmbedContents "HTTP/1.1 200 OK"
2025-05-21 16:03:35,818 [INFO] HTTP Request: POST https://generativelanguage.googleapis.com/v1beta/models/text-embedding-004:batchEmbedContents "HTTP/1.1 200 OK"
2025-05-21 16:03:37,006 [INFO] HTTP Request: POST https://generativelanguage.googleapis.com/v1beta/models/text-embedding-004:batchEmbedContents "HTTP/1.1 200 OK"
2025-05-21 16:03:38,097 [INFO] HTTP Request: POST https://generativelanguage.googleapis.com/v1beta/models/text-embedding-004:batchEmbedContents "HTTP/1.1 200 OK"
2025-05-21 16:03:39,224 [INFO] HTTP Request: POST https://generativelanguage.googleapis.com/v1beta/models/text-embedding-004:batchEmbedContents "HTTP/1.1 200 OK"
2025-05-21 16:03:40,301 [INFO] HTTP Request: POST https://generativelanguage.googleapis.com/v1beta/models/text-embedding-004:batchEmbedContents "HTTP/1.1 200 OK"
2025-05-21 16:03:41,404 [INFO] HTTP Request: POST https://generativelanguage.googleapis.com/v1beta/models/text-embedding-004:batchEmbedContents "HTTP/1.1 200 OK"
2025-05-21 16:03:42,533 [INFO] HTTP Request: POST https://generativelanguage.googleapis.com/v1beta/models/text-embedding-004:batchEmbedContents "HTTP/1.1 200 OK"
2025-05-21 16:03:43,615 [INFO] HTTP Request: POST https://generativelanguage.googleapis.com/v1beta/models/text-embedding-004:batchEmbedContents "HTTP/1.1 200 OK"
2025-05-21 16:03:44,706 [INFO] HTTP Request: POST https://generativelanguage.googleapis.com/v1beta/models/text-embedding-004:batchEmbedContents "HTTP/1.1 200 OK"
2025-05-21 16:03:45,818 [INFO] HTTP Request: POST https://generativelanguage.googleapis.com/v1beta/models/text-embedding-004:batchEmbedContents "HTTP/1.1 200 OK"
2025-05-21 16:03:46,931 [INFO] HTTP Request: POST https://generativelanguage.googleapis.com/v1beta/models/text-embedding-004:batchEmbedContents "HTTP/1.1 200 OK"
2025-05-21 16:03:48,012 [INFO] HTTP Request: POST https://generativelanguage.googleapis.com/v1beta/models/text-embedding-004:batchEmbedContents "HTTP/1.1 200 OK"
2025-05-21 16:03:49,131 [INFO] HTTP Request: POST https://generativelanguage.googleapis.com/v1beta/models/text-embedding-004:batchEmbedContents "HTTP/1.1 200 OK"
2025-05-21 16:03:50,224 [INFO] HTTP Request: POST https://generativelanguage.googleapis.com/v1beta/models/text-embedding-004:batchEmbedContents "HTTP/1.1 200 OK"
2025-05-21 16:03:51,369 [INFO] HTTP Request: POST https://generativelanguage.googleapis.com/v1beta/models/text-embedding-004:batchEmbedContents "HTTP/1.1 200 OK"
2025-05-21 16:03:52,469 [INFO] HTTP Request: POST https://generativelanguage.googleapis.com/v1beta/models/text-embedding-004:batchEmbedContents "HTTP/1.1 200 OK"
2025-05-21 16:03:53,577 [INFO] HTTP Request: POST https://generativelanguage.googleapis.com/v1beta/models/text-embedding-004:batchEmbedContents "HTTP/1.1 200 OK"
2025-05-21 16:03:54,671 [INFO] HTTP Request: POST https://generativelanguage.googleapis.com/v1beta/models/text-embedding-004:batchEmbedContents "HTTP/1.1 200 OK"
2025-05-21 16:03:55,786 [INFO] HTTP Request: POST https://generativelanguage.googleapis.com/v1beta/models/text-embedding-004:batchEmbedContents "HTTP/1.1 200 OK"
2025-05-21 16:03:56,933 [INFO] HTTP Request: POST https://generativelanguage.googleapis.com/v1beta/models/text-embedding-004:batchEmbedContents "HTTP/1.1 200 OK"
2025-05-21 16:03:58,015 [INFO] HTTP Request: POST https://generativelanguage.googleapis.com/v1beta/models/text-embedding-004:batchEmbedContents "HTTP/1.1 200 OK"
2025-05-21 16:03:59,156 [INFO] HTTP Request: POST https://generativelanguage.googleapis.com/v1beta/models/text-embedding-004:batchEmbedContents "HTTP/1.1 200 OK"
2025-05-21 16:04:00,323 [INFO] HTTP Request: POST https://generativelanguage.googleapis.com/v1beta/models/text-embedding-004:batchEmbedContents "HTTP/1.1 200 OK"
2025-05-21 16:04:01,471 [INFO] HTTP Request: POST https://generativelanguage.googleapis.com/v1beta/models/text-embedding-004:batchEmbedContents "HTTP/1.1 200 OK"
2025-05-21 16:04:02,618 [INFO] HTTP Request: POST https://generativelanguage.googleapis.com/v1beta/models/text-embedding-004:batchEmbedContents "HTTP/1.1 200 OK"
2025-05-21 16:04:03,738 [INFO] HTTP Request: POST https://generativelanguage.googleapis.com/v1beta/models/text-embedding-004:batchEmbedContents "HTTP/1.1 200 OK"
2025-05-21 16:04:04,903 [INFO] HTTP Request: POST https://generativelanguage.googleapis.com/v1beta/models/text-embedding-004:batchEmbedContents "HTTP/1.1 200 OK"
2025-05-21 16:04:06,095 [INFO] HTTP Request: POST https://generativelanguage.googleapis.com/v1beta/models/text-embedding-004:batchEmbedContents "HTTP/1.1 200 OK"
2025-05-21 16:04:07,342 [INFO] HTTP Request: POST https://generativelanguage.googleapis.com/v1beta/models/text-embedding-004:batchEmbedContents "HTTP/1.1 200 OK"
2025-05-21 16:04:08,998 [INFO] HTTP Request: POST https://generativelanguage.googleapis.com/v1beta/models/text-embedding-004:batchEmbedContents "HTTP/1.1 200 OK"
2025-05-21 16:04:10,082 [INFO] HTTP Request: POST https://generativelanguage.googleapis.com/v1beta/models/text-embedding-004:batchEmbedContents "HTTP/1.1 200 OK"
2025-05-21 16:04:11,191 [INFO] HTTP Request: POST https://generativelanguage.googleapis.com/v1beta/models/text-embedding-004:batchEmbedContents "HTTP/1.1 200 OK"
2025-05-21 16:04:12,270 [INFO] HTTP Request: POST https://generativelanguage.googleapis.com/v1beta/models/text-embedding-004:batchEmbedContents "HTTP/1.1 200 OK"
2025-05-21 16:04:13,411 [INFO] HTTP Request: POST https://generativelanguage.googleapis.com/v1beta/models/text-embedding-004:batchEmbedContents "HTTP/1.1 200 OK"
2025-05-21 16:04:14,524 [INFO] HTTP Request: POST https://generativelanguage.googleapis.com/v1beta/models/text-embedding-004:batchEmbedContents "HTTP/1.1 200 OK"
2025-05-21 16:04:15,643 [INFO] HTTP Request: POST https://generativelanguage.googleapis.com/v1beta/models/text-embedding-004:batchEmbedContents "HTTP/1.1 200 OK"
2025-05-21 16:04:16,813 [INFO] HTTP Request: POST https://generativelanguage.googleapis.com/v1beta/models/text-embedding-004:batchEmbedContents "HTTP/1.1 200 OK"
2025-05-21 16:04:17,986 [INFO] HTTP Request: POST https://generativelanguage.googleapis.com/v1beta/models/text-embedding-004:batchEmbedContents "HTTP/1.1 200 OK"
2025-05-21 16:04:19,177 [INFO] HTTP Request: POST https://generativelanguage.googleapis.com/v1beta/models/text-embedding-004:batchEmbedContents "HTTP/1.1 200 OK"
2025-05-21 16:04:20,287 [INFO] HTTP Request: POST https://generativelanguage.googleapis.com/v1beta/models/text-embedding-004:batchEmbedContents "HTTP/1.1 200 OK"
2025-05-21 16:04:21,425 [INFO] HTTP Request: POST https://generativelanguage.googleapis.com/v1beta/models/text-embedding-004:batchEmbedContents "HTTP/1.1 200 OK"
2025-05-21 16:04:22,562 [INFO] HTTP Request: POST https://generativelanguage.googleapis.com/v1beta/models/text-embedding-004:batchEmbedContents "HTTP/1.1 200 OK"
2025-05-21 16:04:23,697 [INFO] HTTP Request: POST https://generativelanguage.googleapis.com/v1beta/models/text-embedding-004:batchEmbedContents "HTTP/1.1 200 OK"
2025-05-21 16:04:24,812 [INFO] HTTP Request: POST https://generativelanguage.googleapis.com/v1beta/models/text-embedding-004:batchEmbedContents "HTTP/1.1 200 OK"
2025-05-21 16:04:25,922 [INFO] HTTP Request: POST https://generativelanguage.googleapis.com/v1beta/models/text-embedding-004:batchEmbedContents "HTTP/1.1 200 OK"
2025-05-21 16:04:27,052 [INFO] HTTP Request: POST https://generativelanguage.googleapis.com/v1beta/models/text-embedding-004:batchEmbedContents "HTTP/1.1 200 OK"
2025-05-21 16:04:28,196 [INFO] HTTP Request: POST https://generativelanguage.googleapis.com/v1beta/models/text-embedding-004:batchEmbedContents "HTTP/1.1 200 OK"
2025-05-21 16:04:29,476 [INFO] HTTP Request: POST https://generativelanguage.googleapis.com/v1beta/models/text-embedding-004:batchEmbedContents "HTTP/1.1 200 OK"
2025-05-21 16:04:30,592 [INFO] HTTP Request: POST https://generativelanguage.googleapis.com/v1beta/models/text-embedding-004:batchEmbedContents "HTTP/1.1 200 OK"
2025-05-21 16:04:31,703 [INFO] HTTP Request: POST https://generativelanguage.googleapis.com/v1beta/models/text-embedding-004:batchEmbedContents "HTTP/1.1 200 OK"
2025-05-21 16:04:32,842 [INFO] HTTP Request: POST https://generativelanguage.googleapis.com/v1beta/models/text-embedding-004:batchEmbedContents "HTTP/1.1 200 OK"
2025-05-21 16:04:34,009 [INFO] HTTP Request: POST https://generativelanguage.googleapis.com/v1beta/models/text-embedding-004:batchEmbedContents "HTTP/1.1 200 OK"
2025-05-21 16:04:35,142 [INFO] HTTP Request: POST https://generativelanguage.googleapis.com/v1beta/models/text-embedding-004:batchEmbedContents "HTTP/1.1 200 OK"
2025-05-21 16:04:36,277 [INFO] HTTP Request: POST https://generativelanguage.googleapis.com/v1beta/models/text-embedding-004:batchEmbedContents "HTTP/1.1 200 OK"
2025-05-21 16:04:37,394 [INFO] HTTP Request: POST https://generativelanguage.googleapis.com/v1beta/models/text-embedding-004:batchEmbedContents "HTTP/1.1 200 OK"
2025-05-21 16:04:38,862 [INFO] HTTP Request: POST https://generativelanguage.googleapis.com/v1beta/models/text-embedding-004:batchEmbedContents "HTTP/1.1 200 OK"
2025-05-21 16:04:40,084 [INFO] HTTP Request: POST https://generativelanguage.googleapis.com/v1beta/models/text-embedding-004:batchEmbedContents "HTTP/1.1 200 OK"
2025-05-21 16:04:41,210 [INFO] HTTP Request: POST https://generativelanguage.googleapis.com/v1beta/models/text-embedding-004:batchEmbedContents "HTTP/1.1 200 OK"
2025-05-21 16:04:42,309 [INFO] HTTP Request: POST https://generativelanguage.googleapis.com/v1beta/models/text-embedding-004:batchEmbedContents "HTTP/1.1 200 OK"
2025-05-21 16:04:43,409 [INFO] HTTP Request: POST https://generativelanguage.googleapis.com/v1beta/models/text-embedding-004:batchEmbedContents "HTTP/1.1 200 OK"
2025-05-21 16:04:44,533 [INFO] HTTP Request: POST https://generativelanguage.googleapis.com/v1beta/models/text-embedding-004:batchEmbedContents "HTTP/1.1 200 OK"
2025-05-21 16:04:45,866 [INFO] HTTP Request: POST https://generativelanguage.googleapis.com/v1beta/models/text-embedding-004:batchEmbedContents "HTTP/1.1 200 OK"
2025-05-21 16:04:47,002 [INFO] HTTP Request: POST https://generativelanguage.googleapis.com/v1beta/models/text-embedding-004:batchEmbedContents "HTTP/1.1 200 OK"
2025-05-21 16:04:48,217 [INFO] HTTP Request: POST https://generativelanguage.googleapis.com/v1beta/models/text-embedding-004:batchEmbedContents "HTTP/1.1 200 OK"
2025-05-21 16:04:49,351 [INFO] HTTP Request: POST https://generativelanguage.googleapis.com/v1beta/models/text-embedding-004:batchEmbedContents "HTTP/1.1 200 OK"
2025-05-21 16:04:50,487 [INFO] HTTP Request: POST https://generativelanguage.googleapis.com/v1beta/models/text-embedding-004:batchEmbedContents "HTTP/1.1 200 OK"
2025-05-21 16:04:51,587 [INFO] HTTP Request: POST https://generativelanguage.googleapis.com/v1beta/models/text-embedding-004:batchEmbedContents "HTTP/1.1 200 OK"
2025-05-21 16:04:52,670 [INFO] HTTP Request: POST https://generativelanguage.googleapis.com/v1beta/models/text-embedding-004:batchEmbedContents "HTTP/1.1 200 OK"
2025-05-21 16:04:53,784 [INFO] HTTP Request: POST https://generativelanguage.googleapis.com/v1beta/models/text-embedding-004:batchEmbedContents "HTTP/1.1 200 OK"
2025-05-21 16:04:54,925 [INFO] HTTP Request: POST https://generativelanguage.googleapis.com/v1beta/models/text-embedding-004:batchEmbedContents "HTTP/1.1 200 OK"
2025-05-21 16:04:56,070 [INFO] HTTP Request: POST https://generativelanguage.googleapis.com/v1beta/models/text-embedding-004:batchEmbedContents "HTTP/1.1 200 OK"
2025-05-21 16:04:57,220 [INFO] HTTP Request: POST https://generativelanguage.googleapis.com/v1beta/models/text-embedding-004:batchEmbedContents "HTTP/1.1 200 OK"
2025-05-21 16:04:58,321 [INFO] HTTP Request: POST https://generativelanguage.googleapis.com/v1beta/models/text-embedding-004:batchEmbedContents "HTTP/1.1 200 OK"
2025-05-21 16:04:59,445 [INFO] HTTP Request: POST https://generativelanguage.googleapis.com/v1beta/models/text-embedding-004:batchEmbedContents "HTTP/1.1 200 OK"
2025-05-21 16:05:00,531 [INFO] HTTP Request: POST https://generativelanguage.googleapis.com/v1beta/models/text-embedding-004:batchEmbedContents "HTTP/1.1 200 OK"
2025-05-21 16:05:01,633 [INFO] HTTP Request: POST https://generativelanguage.googleapis.com/v1beta/models/text-embedding-004:batchEmbedContents "HTTP/1.1 200 OK"
2025-05-21 16:05:02,749 [INFO] HTTP Request: POST https://generativelanguage.googleapis.com/v1beta/models/text-embedding-004:batchEmbedContents "HTTP/1.1 200 OK"
2025-05-21 16:05:03,816 [INFO] HTTP Request: POST https://generativelanguage.googleapis.com/v1beta/models/text-embedding-004:batchEmbedContents "HTTP/1.1 200 OK"
2025-05-21 16:05:04,928 [INFO] HTTP Request: POST https://generativelanguage.googleapis.com/v1beta/models/text-embedding-004:batchEmbedContents "HTTP/1.1 200 OK"
2025-05-21 16:05:06,114 [INFO] HTTP Request: POST https://generativelanguage.googleapis.com/v1beta/models/text-embedding-004:batchEmbedContents "HTTP/1.1 200 OK"
2025-05-21 16:05:07,203 [INFO] HTTP Request: POST https://generativelanguage.googleapis.com/v1beta/models/text-embedding-004:batchEmbedContents "HTTP/1.1 200 OK"
2025-05-21 16:05:08,350 [INFO] HTTP Request: POST https://generativelanguage.googleapis.com/v1beta/models/text-embedding-004:batchEmbedContents "HTTP/1.1 200 OK"
2025-05-21 16:05:09,460 [INFO] HTTP Request: POST https://generativelanguage.googleapis.com/v1beta/models/text-embedding-004:batchEmbedContents "HTTP/1.1 200 OK"
2025-05-21 16:05:10,573 [INFO] HTTP Request: POST https://generativelanguage.googleapis.com/v1beta/models/text-embedding-004:batchEmbedContents "HTTP/1.1 200 OK"
2025-05-21 16:05:11,692 [INFO] HTTP Request: POST https://generativelanguage.googleapis.com/v1beta/models/text-embedding-004:batchEmbedContents "HTTP/1.1 200 OK"
2025-05-21 16:05:12,847 [INFO] HTTP Request: POST https://generativelanguage.googleapis.com/v1beta/models/text-embedding-004:batchEmbedContents "HTTP/1.1 200 OK"
2025-05-21 16:05:13,915 [INFO] HTTP Request: POST https://generativelanguage.googleapis.com/v1beta/models/text-embedding-004:batchEmbedContents "HTTP/1.1 200 OK"
2025-05-21 16:05:15,005 [INFO] HTTP Request: POST https://generativelanguage.googleapis.com/v1beta/models/text-embedding-004:batchEmbedContents "HTTP/1.1 200 OK"
2025-05-21 16:05:16,097 [INFO] HTTP Request: POST https://generativelanguage.googleapis.com/v1beta/models/text-embedding-004:batchEmbedContents "HTTP/1.1 200 OK"
2025-05-21 16:05:17,190 [INFO] HTTP Request: POST https://generativelanguage.googleapis.com/v1beta/models/text-embedding-004:batchEmbedContents "HTTP/1.1 200 OK"
2025-05-21 16:05:18,307 [INFO] HTTP Request: POST https://generativelanguage.googleapis.com/v1beta/models/text-embedding-004:batchEmbedContents "HTTP/1.1 200 OK"
2025-05-21 16:05:19,385 [INFO] HTTP Request: POST https://generativelanguage.googleapis.com/v1beta/models/text-embedding-004:batchEmbedContents "HTTP/1.1 200 OK"
2025-05-21 16:05:20,460 [INFO] HTTP Request: POST https://generativelanguage.googleapis.com/v1beta/models/text-embedding-004:batchEmbedContents "HTTP/1.1 200 OK"
2025-05-21 16:05:21,582 [INFO] HTTP Request: POST https://generativelanguage.googleapis.com/v1beta/models/text-embedding-004:batchEmbedContents "HTTP/1.1 200 OK"
2025-05-21 16:05:22,731 [INFO] HTTP Request: POST https://generativelanguage.googleapis.com/v1beta/models/text-embedding-004:batchEmbedContents "HTTP/1.1 200 OK"
2025-05-21 16:05:23,818 [INFO] HTTP Request: POST https://generativelanguage.googleapis.com/v1beta/models/text-embedding-004:batchEmbedContents "HTTP/1.1 200 OK"
2025-05-21 16:05:24,915 [INFO] HTTP Request: POST https://generativelanguage.googleapis.com/v1beta/models/text-embedding-004:batchEmbedContents "HTTP/1.1 200 OK"
2025-05-21 16:05:25,993 [INFO] HTTP Request: POST https://generativelanguage.googleapis.com/v1beta/models/text-embedding-004:batchEmbedContents "HTTP/1.1 200 OK"
2025-05-21 16:05:27,103 [INFO] HTTP Request: POST https://generativelanguage.googleapis.com/v1beta/models/text-embedding-004:batchEmbedContents "HTTP/1.1 200 OK"
2025-05-21 16:05:28,176 [INFO] HTTP Request: POST https://generativelanguage.googleapis.com/v1beta/models/text-embedding-004:batchEmbedContents "HTTP/1.1 200 OK"
2025-05-21 16:05:29,317 [INFO] HTTP Request: POST https://generativelanguage.googleapis.com/v1beta/models/text-embedding-004:batchEmbedContents "HTTP/1.1 200 OK"
2025-05-21 16:05:30,431 [INFO] HTTP Request: POST https://generativelanguage.googleapis.com/v1beta/models/text-embedding-004:batchEmbedContents "HTTP/1.1 200 OK"
2025-05-21 16:05:31,620 [INFO] HTTP Request: POST https://generativelanguage.googleapis.com/v1beta/models/text-embedding-004:batchEmbedContents "HTTP/1.1 200 OK"
2025-05-21 16:05:32,733 [INFO] HTTP Request: POST https://generativelanguage.googleapis.com/v1beta/models/text-embedding-004:batchEmbedContents "HTTP/1.1 200 OK"
2025-05-21 16:05:33,805 [INFO] HTTP Request: POST https://generativelanguage.googleapis.com/v1beta/models/text-embedding-004:batchEmbedContents "HTTP/1.1 200 OK"
2025-05-21 16:05:34,979 [INFO] HTTP Request: POST https://generativelanguage.googleapis.com/v1beta/models/text-embedding-004:batchEmbedContents "HTTP/1.1 200 OK"
2025-05-21 16:05:36,071 [INFO] HTTP Request: POST https://generativelanguage.googleapis.com/v1beta/models/text-embedding-004:batchEmbedContents "HTTP/1.1 200 OK"
2025-05-21 16:05:37,185 [INFO] HTTP Request: POST https://generativelanguage.googleapis.com/v1beta/models/text-embedding-004:batchEmbedContents "HTTP/1.1 200 OK"
2025-05-21 16:05:38,330 [INFO] HTTP Request: POST https://generativelanguage.googleapis.com/v1beta/models/text-embedding-004:batchEmbedContents "HTTP/1.1 200 OK"
2025-05-21 16:05:39,451 [INFO] HTTP Request: POST https://generativelanguage.googleapis.com/v1beta/models/text-embedding-004:batchEmbedContents "HTTP/1.1 200 OK"
2025-05-21 16:05:40,654 [INFO] HTTP Request: POST https://generativelanguage.googleapis.com/v1beta/models/text-embedding-004:batchEmbedContents "HTTP/1.1 200 OK"
2025-05-21 16:05:41,736 [INFO] HTTP Request: POST https://generativelanguage.googleapis.com/v1beta/models/text-embedding-004:batchEmbedContents "HTTP/1.1 200 OK"
2025-05-21 16:05:42,880 [INFO] HTTP Request: POST https://generativelanguage.googleapis.com/v1beta/models/text-embedding-004:batchEmbedContents "HTTP/1.1 200 OK"
2025-05-21 16:05:44,017 [INFO] HTTP Request: POST https://generativelanguage.googleapis.com/v1beta/models/text-embedding-004:batchEmbedContents "HTTP/1.1 200 OK"
2025-05-21 16:05:45,110 [INFO] HTTP Request: POST https://generativelanguage.googleapis.com/v1beta/models/text-embedding-004:batchEmbedContents "HTTP/1.1 200 OK"
2025-05-21 16:05:46,208 [INFO] HTTP Request: POST https://generativelanguage.googleapis.com/v1beta/models/text-embedding-004:batchEmbedContents "HTTP/1.1 200 OK"
2025-05-21 16:05:47,301 [INFO] HTTP Request: POST https://generativelanguage.googleapis.com/v1beta/models/text-embedding-004:batchEmbedContents "HTTP/1.1 200 OK"
2025-05-21 16:05:48,359 [INFO] HTTP Request: POST https://generativelanguage.googleapis.com/v1beta/models/text-embedding-004:batchEmbedContents "HTTP/1.1 200 OK"
2025-05-21 16:05:49,422 [INFO] HTTP Request: POST https://generativelanguage.googleapis.com/v1beta/models/text-embedding-004:batchEmbedContents "HTTP/1.1 200 OK"
2025-05-21 16:05:50,512 [INFO] HTTP Request: POST https://generativelanguage.googleapis.com/v1beta/models/text-embedding-004:batchEmbedContents "HTTP/1.1 200 OK"
2025-05-21 16:05:51,584 [INFO] HTTP Request: POST https://generativelanguage.googleapis.com/v1beta/models/text-embedding-004:batchEmbedContents "HTTP/1.1 200 OK"
2025-05-21 16:05:52,676 [INFO] HTTP Request: POST https://generativelanguage.googleapis.com/v1beta/models/text-embedding-004:batchEmbedContents "HTTP/1.1 200 OK"
2025-05-21 16:05:53,810 [INFO] HTTP Request: POST https://generativelanguage.googleapis.com/v1beta/models/text-embedding-004:batchEmbedContents "HTTP/1.1 200 OK"
2025-05-21 16:05:54,998 [INFO] HTTP Request: POST https://generativelanguage.googleapis.com/v1beta/models/text-embedding-004:batchEmbedContents "HTTP/1.1 200 OK"
2025-05-21 16:05:56,106 [INFO] HTTP Request: POST https://generativelanguage.googleapis.com/v1beta/models/text-embedding-004:batchEmbedContents "HTTP/1.1 200 OK"
2025-05-21 16:05:57,285 [INFO] HTTP Request: POST https://generativelanguage.googleapis.com/v1beta/models/text-embedding-004:batchEmbedContents "HTTP/1.1 200 OK"
2025-05-21 16:05:58,400 [INFO] HTTP Request: POST https://generativelanguage.googleapis.com/v1beta/models/text-embedding-004:batchEmbedContents "HTTP/1.1 200 OK"
2025-05-21 16:05:59,610 [INFO] HTTP Request: POST https://generativelanguage.googleapis.com/v1beta/models/text-embedding-004:batchEmbedContents "HTTP/1.1 200 OK"
2025-05-21 16:06:00,885 [INFO] HTTP Request: POST https://generativelanguage.googleapis.com/v1beta/models/text-embedding-004:batchEmbedContents "HTTP/1.1 200 OK"
2025-05-21 16:06:02,547 [INFO] HTTP Request: POST https://generativelanguage.googleapis.com/v1beta/models/text-embedding-004:batchEmbedContents "HTTP/1.1 200 OK"
2025-05-21 16:06:04,655 [INFO] HTTP Request: POST https://generativelanguage.googleapis.com/v1beta/models/text-embedding-004:batchEmbedContents "HTTP/1.1 200 OK"
2025-05-21 16:06:08,123 [INFO] HTTP Request: POST https://generativelanguage.googleapis.com/v1beta/models/text-embedding-004:batchEmbedContents "HTTP/1.1 200 OK"
2025-05-21 16:06:10,611 [INFO] HTTP Request: POST https://generativelanguage.googleapis.com/v1beta/models/text-embedding-004:batchEmbedContents "HTTP/1.1 200 OK"
2025-05-21 16:06:12,032 [INFO] HTTP Request: POST https://generativelanguage.googleapis.com/v1beta/models/text-embedding-004:batchEmbedContents "HTTP/1.1 200 OK"
2025-05-21 16:06:14,830 [INFO] HTTP Request: POST https://generativelanguage.googleapis.com/v1beta/models/text-embedding-004:batchEmbedContents "HTTP/1.1 200 OK"
2025-05-21 16:06:18,412 [INFO] HTTP Request: POST https://generativelanguage.googleapis.com/v1beta/models/text-embedding-004:batchEmbedContents "HTTP/1.1 200 OK"
2025-05-21 16:06:20,874 [INFO] HTTP Request: POST https://generativelanguage.googleapis.com/v1beta/models/text-embedding-004:batchEmbedContents "HTTP/1.1 200 OK"
2025-05-21 16:06:25,683 [INFO] HTTP Request: POST https://generativelanguage.googleapis.com/v1beta/models/text-embedding-004:batchEmbedContents "HTTP/1.1 200 OK"
2025-05-21 16:06:31,249 [INFO] HTTP Request: POST https://generativelanguage.googleapis.com/v1beta/models/text-embedding-004:batchEmbedContents "HTTP/1.1 200 OK"
2025-05-21 16:06:32,854 [INFO] HTTP Request: POST https://generativelanguage.googleapis.com/v1beta/models/text-embedding-004:batchEmbedContents "HTTP/1.1 200 OK"
2025-05-21 16:06:35,078 [INFO] HTTP Request: POST https://generativelanguage.googleapis.com/v1beta/models/text-embedding-004:batchEmbedContents "HTTP/1.1 200 OK"
2025-05-21 16:06:36,752 [INFO] HTTP Request: POST https://generativelanguage.googleapis.com/v1beta/models/text-embedding-004:batchEmbedContents "HTTP/1.1 200 OK"
2025-05-21 16:06:38,773 [INFO] HTTP Request: POST https://generativelanguage.googleapis.com/v1beta/models/text-embedding-004:batchEmbedContents "HTTP/1.1 200 OK"
2025-05-21 16:06:41,345 [INFO] HTTP Request: POST https://generativelanguage.googleapis.com/v1beta/models/text-embedding-004:batchEmbedContents "HTTP/1.1 200 OK"
2025-05-21 16:06:43,131 [INFO] HTTP Request: POST https://generativelanguage.googleapis.com/v1beta/models/text-embedding-004:batchEmbedContents "HTTP/1.1 200 OK"
2025-05-21 16:06:46,214 [INFO] HTTP Request: POST https://generativelanguage.googleapis.com/v1beta/models/text-embedding-004:batchEmbedContents "HTTP/1.1 200 OK"
2025-05-21 16:06:48,880 [INFO] HTTP Request: POST https://generativelanguage.googleapis.com/v1beta/models/text-embedding-004:batchEmbedContents "HTTP/1.1 200 OK"
2025-05-21 16:06:52,382 [INFO] HTTP Request: POST https://generativelanguage.googleapis.com/v1beta/models/text-embedding-004:batchEmbedContents "HTTP/1.1 200 OK"
2025-05-21 16:06:56,171 [INFO] HTTP Request: POST https://generativelanguage.googleapis.com/v1beta/models/text-embedding-004:batchEmbedContents "HTTP/1.1 200 OK"
2025-05-21 16:06:58,202 [INFO] HTTP Request: POST https://generativelanguage.googleapis.com/v1beta/models/text-embedding-004:batchEmbedContents "HTTP/1.1 200 OK"
2025-05-21 16:07:01,219 [INFO] HTTP Request: POST https://generativelanguage.googleapis.com/v1beta/models/text-embedding-004:batchEmbedContents "HTTP/1.1 200 OK"
2025-05-21 16:07:03,869 [INFO] HTTP Request: POST https://generativelanguage.googleapis.com/v1beta/models/text-embedding-004:batchEmbedContents "HTTP/1.1 200 OK"
2025-05-21 16:07:07,720 [INFO] HTTP Request: POST https://generativelanguage.googleapis.com/v1beta/models/text-embedding-004:batchEmbedContents "HTTP/1.1 200 OK"
2025-05-21 16:07:11,080 [INFO] HTTP Request: POST https://generativelanguage.googleapis.com/v1beta/models/text-embedding-004:batchEmbedContents "HTTP/1.1 200 OK"
2025-05-21 16:07:13,312 [INFO] HTTP Request: POST https://generativelanguage.googleapis.com/v1beta/models/text-embedding-004:batchEmbedContents "HTTP/1.1 200 OK"
2025-05-21 16:07:16,012 [INFO] HTTP Request: POST https://generativelanguage.googleapis.com/v1beta/models/text-embedding-004:batchEmbedContents "HTTP/1.1 200 OK"
2025-05-21 16:07:18,134 [INFO] HTTP Request: POST https://generativelanguage.googleapis.com/v1beta/models/text-embedding-004:batchEmbedContents "HTTP/1.1 200 OK"
2025-05-21 16:07:21,553 [INFO] HTTP Request: POST https://generativelanguage.googleapis.com/v1beta/models/text-embedding-004:batchEmbedContents "HTTP/1.1 200 OK"
2025-05-21 16:07:23,461 [INFO] HTTP Request: POST https://generativelanguage.googleapis.com/v1beta/models/text-embedding-004:batchEmbedContents "HTTP/1.1 200 OK"
2025-05-21 16:07:25,557 [INFO] HTTP Request: POST https://generativelanguage.googleapis.com/v1beta/models/text-embedding-004:batchEmbedContents "HTTP/1.1 200 OK"
2025-05-21 16:07:27,764 [INFO] HTTP Request: POST https://generativelanguage.googleapis.com/v1beta/models/text-embedding-004:batchEmbedContents "HTTP/1.1 200 OK"
2025-05-21 16:07:29,732 [INFO] HTTP Request: POST https://generativelanguage.googleapis.com/v1beta/models/text-embedding-004:batchEmbedContents "HTTP/1.1 200 OK"
2025-05-21 16:07:31,623 [INFO] HTTP Request: POST https://generativelanguage.googleapis.com/v1beta/models/text-embedding-004:batchEmbedContents "HTTP/1.1 200 OK"
2025-05-21 16:07:33,284 [INFO] HTTP Request: POST https://generativelanguage.googleapis.com/v1beta/models/text-embedding-004:batchEmbedContents "HTTP/1.1 200 OK"
2025-05-21 16:07:35,298 [INFO] HTTP Request: POST https://generativelanguage.googleapis.com/v1beta/models/text-embedding-004:batchEmbedContents "HTTP/1.1 200 OK"
2025-05-21 16:07:37,092 [INFO] HTTP Request: POST https://generativelanguage.googleapis.com/v1beta/models/text-embedding-004:batchEmbedContents "HTTP/1.1 200 OK"
2025-05-21 16:07:38,630 [INFO] HTTP Request: POST https://generativelanguage.googleapis.com/v1beta/models/text-embedding-004:batchEmbedContents "HTTP/1.1 200 OK"
2025-05-21 16:07:40,746 [INFO] HTTP Request: POST https://generativelanguage.googleapis.com/v1beta/models/text-embedding-004:batchEmbedContents "HTTP/1.1 200 OK"
2025-05-21 16:07:42,564 [INFO] HTTP Request: POST https://generativelanguage.googleapis.com/v1beta/models/text-embedding-004:batchEmbedContents "HTTP/1.1 200 OK"
2025-05-21 16:07:43,798 [INFO] HTTP Request: POST https://generativelanguage.googleapis.com/v1beta/models/text-embedding-004:batchEmbedContents "HTTP/1.1 200 OK"
2025-05-21 16:07:46,290 [INFO] HTTP Request: POST https://generativelanguage.googleapis.com/v1beta/models/text-embedding-004:batchEmbedContents "HTTP/1.1 200 OK"
2025-05-21 16:07:47,813 [INFO] HTTP Request: POST https://generativelanguage.googleapis.com/v1beta/models/text-embedding-004:batchEmbedContents "HTTP/1.1 200 OK"
2025-05-21 16:07:49,256 [INFO] HTTP Request: POST https://generativelanguage.googleapis.com/v1beta/models/text-embedding-004:batchEmbedContents "HTTP/1.1 200 OK"
2025-05-21 16:07:51,766 [INFO] HTTP Request: POST https://generativelanguage.googleapis.com/v1beta/models/text-embedding-004:batchEmbedContents "HTTP/1.1 200 OK"
2025-05-21 16:07:53,122 [INFO] HTTP Request: POST https://generativelanguage.googleapis.com/v1beta/models/text-embedding-004:batchEmbedContents "HTTP/1.1 200 OK"
2025-05-21 16:07:54,797 [INFO] HTTP Request: POST https://generativelanguage.googleapis.com/v1beta/models/text-embedding-004:batchEmbedContents "HTTP/1.1 200 OK"
2025-05-21 16:07:56,204 [INFO] HTTP Request: POST https://generativelanguage.googleapis.com/v1beta/models/text-embedding-004:batchEmbedContents "HTTP/1.1 200 OK"
2025-05-21 16:07:57,710 [INFO] HTTP Request: POST https://generativelanguage.googleapis.com/v1beta/models/text-embedding-004:batchEmbedContents "HTTP/1.1 200 OK"
2025-05-21 16:07:59,329 [INFO] HTTP Request: POST https://generativelanguage.googleapis.com/v1beta/models/text-embedding-004:batchEmbedContents "HTTP/1.1 200 OK"
2025-05-21 16:08:01,651 [INFO] HTTP Request: POST https://generativelanguage.googleapis.com/v1beta/models/text-embedding-004:batchEmbedContents "HTTP/1.1 200 OK"
2025-05-21 16:08:03,111 [INFO] HTTP Request: POST https://generativelanguage.googleapis.com/v1beta/models/text-embedding-004:batchEmbedContents "HTTP/1.1 200 OK"
2025-05-21 16:08:04,469 [INFO] HTTP Request: POST https://generativelanguage.googleapis.com/v1beta/models/text-embedding-004:batchEmbedContents "HTTP/1.1 200 OK"
2025-05-21 16:08:07,637 [INFO] HTTP Request: POST https://generativelanguage.googleapis.com/v1beta/models/text-embedding-004:batchEmbedContents "HTTP/1.1 200 OK"
2025-05-21 16:08:09,865 [INFO] HTTP Request: POST https://generativelanguage.googleapis.com/v1beta/models/text-embedding-004:batchEmbedContents "HTTP/1.1 200 OK"
2025-05-21 16:08:12,116 [INFO] HTTP Request: POST https://generativelanguage.googleapis.com/v1beta/models/text-embedding-004:batchEmbedContents "HTTP/1.1 200 OK"
2025-05-21 16:08:14,919 [INFO] HTTP Request: POST https://generativelanguage.googleapis.com/v1beta/models/text-embedding-004:batchEmbedContents "HTTP/1.1 200 OK"
2025-05-21 16:08:18,606 [INFO] HTTP Request: POST https://generativelanguage.googleapis.com/v1beta/models/text-embedding-004:batchEmbedContents "HTTP/1.1 200 OK"
2025-05-21 16:08:20,152 [INFO] HTTP Request: POST https://generativelanguage.googleapis.com/v1beta/models/text-embedding-004:batchEmbedContents "HTTP/1.1 200 OK"
2025-05-21 16:08:24,747 [INFO] HTTP Request: POST https://generativelanguage.googleapis.com/v1beta/models/text-embedding-004:batchEmbedContents "HTTP/1.1 200 OK"
2025-05-21 16:08:26,628 [INFO] HTTP Request: POST https://generativelanguage.googleapis.com/v1beta/models/text-embedding-004:batchEmbedContents "HTTP/1.1 200 OK"
2025-05-21 16:08:28,750 [INFO] HTTP Request: POST https://generativelanguage.googleapis.com/v1beta/models/text-embedding-004:batchEmbedContents "HTTP/1.1 200 OK"
2025-05-21 16:08:30,645 [INFO] HTTP Request: POST https://generativelanguage.googleapis.com/v1beta/models/text-embedding-004:batchEmbedContents "HTTP/1.1 200 OK"
2025-05-21 16:08:32,084 [INFO] HTTP Request: POST https://generativelanguage.googleapis.com/v1beta/models/text-embedding-004:batchEmbedContents "HTTP/1.1 200 OK"
2025-05-21 16:08:33,499 [INFO] HTTP Request: POST https://generativelanguage.googleapis.com/v1beta/models/text-embedding-004:batchEmbedContents "HTTP/1.1 200 OK"
2025-05-21 16:08:35,902 [INFO] HTTP Request: POST https://generativelanguage.googleapis.com/v1beta/models/text-embedding-004:batchEmbedContents "HTTP/1.1 200 OK"
2025-05-21 16:08:38,026 [INFO] HTTP Request: POST https://generativelanguage.googleapis.com/v1beta/models/text-embedding-004:batchEmbedContents "HTTP/1.1 200 OK"
2025-05-21 16:08:39,386 [INFO] HTTP Request: POST https://generativelanguage.googleapis.com/v1beta/models/text-embedding-004:batchEmbedContents "HTTP/1.1 200 OK"
2025-05-21 16:08:40,777 [INFO] HTTP Request: POST https://generativelanguage.googleapis.com/v1beta/models/text-embedding-004:batchEmbedContents "HTTP/1.1 200 OK"
2025-05-21 16:08:41,908 [INFO] HTTP Request: POST https://generativelanguage.googleapis.com/v1beta/models/text-embedding-004:batchEmbedContents "HTTP/1.1 200 OK"
2025-05-21 16:08:43,024 [INFO] HTTP Request: POST https://generativelanguage.googleapis.com/v1beta/models/text-embedding-004:batchEmbedContents "HTTP/1.1 200 OK"
2025-05-21 16:08:44,158 [INFO] HTTP Request: POST https://generativelanguage.googleapis.com/v1beta/models/text-embedding-004:batchEmbedContents "HTTP/1.1 200 OK"
2025-05-21 16:08:45,322 [INFO] HTTP Request: POST https://generativelanguage.googleapis.com/v1beta/models/text-embedding-004:batchEmbedContents "HTTP/1.1 200 OK"
2025-05-21 16:08:46,459 [INFO] HTTP Request: POST https://generativelanguage.googleapis.com/v1beta/models/text-embedding-004:batchEmbedContents "HTTP/1.1 200 OK"
2025-05-21 16:08:47,595 [INFO] HTTP Request: POST https://generativelanguage.googleapis.com/v1beta/models/text-embedding-004:batchEmbedContents "HTTP/1.1 200 OK"
2025-05-21 16:08:48,709 [INFO] HTTP Request: POST https://generativelanguage.googleapis.com/v1beta/models/text-embedding-004:batchEmbedContents "HTTP/1.1 200 OK"
2025-05-21 16:08:49,821 [INFO] HTTP Request: POST https://generativelanguage.googleapis.com/v1beta/models/text-embedding-004:batchEmbedContents "HTTP/1.1 200 OK"
2025-05-21 16:08:50,927 [INFO] HTTP Request: POST https://generativelanguage.googleapis.com/v1beta/models/text-embedding-004:batchEmbedContents "HTTP/1.1 200 OK"
2025-05-21 16:08:52,013 [INFO] HTTP Request: POST https://generativelanguage.googleapis.com/v1beta/models/text-embedding-004:batchEmbedContents "HTTP/1.1 200 OK"
2025-05-21 16:08:53,133 [INFO] HTTP Request: POST https://generativelanguage.googleapis.com/v1beta/models/text-embedding-004:batchEmbedContents "HTTP/1.1 200 OK"
2025-05-21 16:08:54,216 [INFO] HTTP Request: POST https://generativelanguage.googleapis.com/v1beta/models/text-embedding-004:batchEmbedContents "HTTP/1.1 200 OK"
2025-05-21 16:08:55,301 [INFO] HTTP Request: POST https://generativelanguage.googleapis.com/v1beta/models/text-embedding-004:batchEmbedContents "HTTP/1.1 200 OK"
2025-05-21 16:08:56,400 [INFO] HTTP Request: POST https://generativelanguage.googleapis.com/v1beta/models/text-embedding-004:batchEmbedContents "HTTP/1.1 200 OK"
2025-05-21 16:08:57,483 [INFO] HTTP Request: POST https://generativelanguage.googleapis.com/v1beta/models/text-embedding-004:batchEmbedContents "HTTP/1.1 200 OK"
2025-05-21 16:08:58,584 [INFO] HTTP Request: POST https://generativelanguage.googleapis.com/v1beta/models/text-embedding-004:batchEmbedContents "HTTP/1.1 200 OK"
2025-05-21 16:08:59,668 [INFO] HTTP Request: POST https://generativelanguage.googleapis.com/v1beta/models/text-embedding-004:batchEmbedContents "HTTP/1.1 200 OK"
2025-05-21 16:09:00,788 [INFO] HTTP Request: POST https://generativelanguage.googleapis.com/v1beta/models/text-embedding-004:batchEmbedContents "HTTP/1.1 200 OK"
2025-05-21 16:09:01,864 [INFO] HTTP Request: POST https://generativelanguage.googleapis.com/v1beta/models/text-embedding-004:batchEmbedContents "HTTP/1.1 200 OK"
2025-05-21 16:09:03,099 [INFO] HTTP Request: POST https://generativelanguage.googleapis.com/v1beta/models/text-embedding-004:batchEmbedContents "HTTP/1.1 200 OK"
2025-05-21 16:09:04,193 [INFO] HTTP Request: POST https://generativelanguage.googleapis.com/v1beta/models/text-embedding-004:batchEmbedContents "HTTP/1.1 200 OK"
2025-05-21 16:09:05,260 [INFO] HTTP Request: POST https://generativelanguage.googleapis.com/v1beta/models/text-embedding-004:batchEmbedContents "HTTP/1.1 200 OK"
2025-05-21 16:09:06,383 [INFO] HTTP Request: POST https://generativelanguage.googleapis.com/v1beta/models/text-embedding-004:batchEmbedContents "HTTP/1.1 200 OK"
2025-05-21 16:09:07,824 [INFO] HTTP Request: POST https://generativelanguage.googleapis.com/v1beta/models/text-embedding-004:batchEmbedContents "HTTP/1.1 200 OK"
2025-05-21 16:09:10,306 [INFO] HTTP Request: POST https://generativelanguage.googleapis.com/v1beta/models/text-embedding-004:batchEmbedContents "HTTP/1.1 200 OK"
2025-05-21 16:09:12,600 [INFO] HTTP Request: POST https://generativelanguage.googleapis.com/v1beta/models/text-embedding-004:batchEmbedContents "HTTP/1.1 200 OK"
2025-05-21 16:09:14,077 [INFO] HTTP Request: POST https://generativelanguage.googleapis.com/v1beta/models/text-embedding-004:batchEmbedContents "HTTP/1.1 200 OK"
2025-05-21 16:09:16,600 [INFO] HTTP Request: POST https://generativelanguage.googleapis.com/v1beta/models/text-embedding-004:batchEmbedContents "HTTP/1.1 200 OK"
2025-05-21 16:09:18,778 [INFO] HTTP Request: POST https://generativelanguage.googleapis.com/v1beta/models/text-embedding-004:batchEmbedContents "HTTP/1.1 200 OK"
2025-05-21 16:09:22,284 [INFO] HTTP Request: POST https://generativelanguage.googleapis.com/v1beta/models/text-embedding-004:batchEmbedContents "HTTP/1.1 200 OK"
2025-05-21 16:09:26,366 [INFO] HTTP Request: POST https://generativelanguage.googleapis.com/v1beta/models/text-embedding-004:batchEmbedContents "HTTP/1.1 200 OK"
2025-05-21 16:09:29,563 [INFO] HTTP Request: POST https://generativelanguage.googleapis.com/v1beta/models/text-embedding-004:batchEmbedContents "HTTP/1.1 200 OK"
2025-05-21 16:09:33,178 [INFO] HTTP Request: POST https://generativelanguage.googleapis.com/v1beta/models/text-embedding-004:batchEmbedContents "HTTP/1.1 200 OK"
2025-05-21 16:09:36,511 [INFO] HTTP Request: POST https://generativelanguage.googleapis.com/v1beta/models/text-embedding-004:batchEmbedContents "HTTP/1.1 200 OK"
2025-05-21 16:09:40,059 [INFO] HTTP Request: POST https://generativelanguage.googleapis.com/v1beta/models/text-embedding-004:batchEmbedContents "HTTP/1.1 200 OK"
2025-05-21 16:09:42,740 [INFO] HTTP Request: POST https://generativelanguage.googleapis.com/v1beta/models/text-embedding-004:batchEmbedContents "HTTP/1.1 200 OK"
2025-05-21 16:09:46,084 [INFO] HTTP Request: POST https://generativelanguage.googleapis.com/v1beta/models/text-embedding-004:batchEmbedContents "HTTP/1.1 200 OK"
2025-05-21 16:09:49,433 [INFO] HTTP Request: POST https://generativelanguage.googleapis.com/v1beta/models/text-embedding-004:batchEmbedContents "HTTP/1.1 200 OK"
2025-05-21 16:09:53,386 [INFO] HTTP Request: POST https://generativelanguage.googleapis.com/v1beta/models/text-embedding-004:batchEmbedContents "HTTP/1.1 200 OK"
2025-05-21 16:09:57,022 [INFO] HTTP Request: POST https://generativelanguage.googleapis.com/v1beta/models/text-embedding-004:batchEmbedContents "HTTP/1.1 200 OK"
2025-05-21 16:10:00,396 [INFO] HTTP Request: POST https://generativelanguage.googleapis.com/v1beta/models/text-embedding-004:batchEmbedContents "HTTP/1.1 200 OK"
2025-05-21 16:10:03,548 [INFO] HTTP Request: POST https://generativelanguage.googleapis.com/v1beta/models/text-embedding-004:batchEmbedContents "HTTP/1.1 200 OK"
2025-05-21 16:10:05,305 [INFO] HTTP Request: POST https://generativelanguage.googleapis.com/v1beta/models/text-embedding-004:batchEmbedContents "HTTP/1.1 200 OK"
2025-05-21 16:10:07,079 [INFO] HTTP Request: POST https://generativelanguage.googleapis.com/v1beta/models/text-embedding-004:batchEmbedContents "HTTP/1.1 200 OK"
2025-05-21 16:10:09,485 [INFO] HTTP Request: POST https://generativelanguage.googleapis.com/v1beta/models/text-embedding-004:batchEmbedContents "HTTP/1.1 200 OK"
2025-05-21 16:10:11,345 [INFO] HTTP Request: POST https://generativelanguage.googleapis.com/v1beta/models/text-embedding-004:batchEmbedContents "HTTP/1.1 200 OK"
2025-05-21 16:10:13,594 [INFO] HTTP Request: POST https://generativelanguage.googleapis.com/v1beta/models/text-embedding-004:batchEmbedContents "HTTP/1.1 200 OK"
2025-05-21 16:10:15,925 [INFO] HTTP Request: POST https://generativelanguage.googleapis.com/v1beta/models/text-embedding-004:batchEmbedContents "HTTP/1.1 200 OK"
2025-05-21 16:10:17,839 [INFO] HTTP Request: POST https://generativelanguage.googleapis.com/v1beta/models/text-embedding-004:batchEmbedContents "HTTP/1.1 200 OK"
2025-05-21 16:10:19,992 [INFO] HTTP Request: POST https://generativelanguage.googleapis.com/v1beta/models/text-embedding-004:batchEmbedContents "HTTP/1.1 200 OK"
2025-05-21 16:10:21,724 [INFO] HTTP Request: POST https://generativelanguage.googleapis.com/v1beta/models/text-embedding-004:batchEmbedContents "HTTP/1.1 200 OK"
2025-05-21 16:10:24,229 [INFO] HTTP Request: POST https://generativelanguage.googleapis.com/v1beta/models/text-embedding-004:batchEmbedContents "HTTP/1.1 200 OK"
2025-05-21 16:10:27,322 [INFO] HTTP Request: POST https://generativelanguage.googleapis.com/v1beta/models/text-embedding-004:batchEmbedContents "HTTP/1.1 200 OK"
2025-05-21 16:10:29,784 [INFO] HTTP Request: POST https://generativelanguage.googleapis.com/v1beta/models/text-embedding-004:batchEmbedContents "HTTP/1.1 200 OK"
2025-05-21 16:10:32,209 [INFO] HTTP Request: POST https://generativelanguage.googleapis.com/v1beta/models/text-embedding-004:batchEmbedContents "HTTP/1.1 200 OK"
2025-05-21 16:10:36,106 [INFO] HTTP Request: POST https://generativelanguage.googleapis.com/v1beta/models/text-embedding-004:batchEmbedContents "HTTP/1.1 200 OK"
2025-05-21 16:10:38,744 [INFO] HTTP Request: POST https://generativelanguage.googleapis.com/v1beta/models/text-embedding-004:batchEmbedContents "HTTP/1.1 200 OK"
2025-05-21 16:10:39,864 [INFO] HTTP Request: POST https://generativelanguage.googleapis.com/v1beta/models/text-embedding-004:batchEmbedContents "HTTP/1.1 200 OK"
2025-05-21 16:10:41,051 [INFO] HTTP Request: POST https://generativelanguage.googleapis.com/v1beta/models/text-embedding-004:batchEmbedContents "HTTP/1.1 200 OK"
2025-05-21 16:10:42,173 [INFO] HTTP Request: POST https://generativelanguage.googleapis.com/v1beta/models/text-embedding-004:batchEmbedContents "HTTP/1.1 200 OK"
2025-05-21 16:10:43,269 [INFO] HTTP Request: POST https://generativelanguage.googleapis.com/v1beta/models/text-embedding-004:batchEmbedContents "HTTP/1.1 200 OK"
2025-05-21 16:10:44,354 [INFO] HTTP Request: POST https://generativelanguage.googleapis.com/v1beta/models/text-embedding-004:batchEmbedContents "HTTP/1.1 200 OK"
2025-05-21 16:10:45,468 [INFO] HTTP Request: POST https://generativelanguage.googleapis.com/v1beta/models/text-embedding-004:batchEmbedContents "HTTP/1.1 200 OK"
2025-05-21 16:10:47,654 [INFO] HTTP Request: POST https://generativelanguage.googleapis.com/v1beta/models/text-embedding-004:batchEmbedContents "HTTP/1.1 200 OK"
2025-05-21 16:10:48,745 [INFO] HTTP Request: POST https://generativelanguage.googleapis.com/v1beta/models/text-embedding-004:batchEmbedContents "HTTP/1.1 200 OK"
2025-05-21 16:10:49,868 [INFO] HTTP Request: POST https://generativelanguage.googleapis.com/v1beta/models/text-embedding-004:batchEmbedContents "HTTP/1.1 200 OK"
2025-05-21 16:10:50,989 [INFO] HTTP Request: POST https://generativelanguage.googleapis.com/v1beta/models/text-embedding-004:batchEmbedContents "HTTP/1.1 200 OK"
2025-05-21 16:10:52,125 [INFO] HTTP Request: POST https://generativelanguage.googleapis.com/v1beta/models/text-embedding-004:batchEmbedContents "HTTP/1.1 200 OK"
2025-05-21 16:10:53,278 [INFO] HTTP Request: POST https://generativelanguage.googleapis.com/v1beta/models/text-embedding-004:batchEmbedContents "HTTP/1.1 200 OK"
2025-05-21 16:10:54,382 [INFO] HTTP Request: POST https://generativelanguage.googleapis.com/v1beta/models/text-embedding-004:batchEmbedContents "HTTP/1.1 200 OK"
2025-05-21 16:10:55,495 [INFO] HTTP Request: POST https://generativelanguage.googleapis.com/v1beta/models/text-embedding-004:batchEmbedContents "HTTP/1.1 200 OK"
2025-05-21 16:10:56,694 [INFO] HTTP Request: POST https://generativelanguage.googleapis.com/v1beta/models/text-embedding-004:batchEmbedContents "HTTP/1.1 200 OK"
2025-05-21 16:10:57,879 [INFO] HTTP Request: POST https://generativelanguage.googleapis.com/v1beta/models/text-embedding-004:batchEmbedContents "HTTP/1.1 200 OK"
2025-05-21 16:10:59,178 [INFO] HTTP Request: POST https://generativelanguage.googleapis.com/v1beta/models/text-embedding-004:batchEmbedContents "HTTP/1.1 200 OK"
2025-05-21 16:11:00,333 [INFO] HTTP Request: POST https://generativelanguage.googleapis.com/v1beta/models/text-embedding-004:batchEmbedContents "HTTP/1.1 200 OK"
2025-05-21 16:11:01,531 [INFO] HTTP Request: POST https://generativelanguage.googleapis.com/v1beta/models/text-embedding-004:batchEmbedContents "HTTP/1.1 200 OK"
2025-05-21 16:11:02,951 [INFO] HTTP Request: POST https://generativelanguage.googleapis.com/v1beta/models/text-embedding-004:batchEmbedContents "HTTP/1.1 200 OK"
2025-05-21 16:11:04,324 [INFO] HTTP Request: POST https://generativelanguage.googleapis.com/v1beta/models/text-embedding-004:batchEmbedContents "HTTP/1.1 200 OK"
2025-05-21 16:11:05,916 [INFO] HTTP Request: POST https://generativelanguage.googleapis.com/v1beta/models/text-embedding-004:batchEmbedContents "HTTP/1.1 200 OK"
2025-05-21 16:11:07,067 [INFO] HTTP Request: POST https://generativelanguage.googleapis.com/v1beta/models/text-embedding-004:batchEmbedContents "HTTP/1.1 200 OK"
2025-05-21 16:11:08,262 [INFO] HTTP Request: POST https://generativelanguage.googleapis.com/v1beta/models/text-embedding-004:batchEmbedContents "HTTP/1.1 200 OK"
2025-05-21 16:11:09,425 [INFO] HTTP Request: POST https://generativelanguage.googleapis.com/v1beta/models/text-embedding-004:batchEmbedContents "HTTP/1.1 200 OK"
2025-05-21 16:11:10,610 [INFO] HTTP Request: POST https://generativelanguage.googleapis.com/v1beta/models/text-embedding-004:batchEmbedContents "HTTP/1.1 200 OK"
2025-05-21 16:11:11,989 [INFO] HTTP Request: POST https://generativelanguage.googleapis.com/v1beta/models/text-embedding-004:batchEmbedContents "HTTP/1.1 200 OK"
2025-05-21 16:11:13,353 [INFO] HTTP Request: POST https://generativelanguage.googleapis.com/v1beta/models/text-embedding-004:batchEmbedContents "HTTP/1.1 200 OK"
2025-05-21 16:11:14,843 [INFO] HTTP Request: POST https://generativelanguage.googleapis.com/v1beta/models/text-embedding-004:batchEmbedContents "HTTP/1.1 200 OK"
2025-05-21 16:11:16,442 [INFO] HTTP Request: POST https://generativelanguage.googleapis.com/v1beta/models/text-embedding-004:batchEmbedContents "HTTP/1.1 200 OK"
2025-05-21 16:11:17,625 [INFO] HTTP Request: POST https://generativelanguage.googleapis.com/v1beta/models/text-embedding-004:batchEmbedContents "HTTP/1.1 200 OK"
2025-05-21 16:11:18,723 [INFO] HTTP Request: POST https://generativelanguage.googleapis.com/v1beta/models/text-embedding-004:batchEmbedContents "HTTP/1.1 200 OK"
2025-05-21 16:11:19,883 [INFO] HTTP Request: POST https://generativelanguage.googleapis.com/v1beta/models/text-embedding-004:batchEmbedContents "HTTP/1.1 200 OK"
2025-05-21 16:11:21,019 [INFO] HTTP Request: POST https://generativelanguage.googleapis.com/v1beta/models/text-embedding-004:batchEmbedContents "HTTP/1.1 200 OK"
2025-05-21 16:11:22,172 [INFO] HTTP Request: POST https://generativelanguage.googleapis.com/v1beta/models/text-embedding-004:batchEmbedContents "HTTP/1.1 200 OK"
2025-05-21 16:11:23,299 [INFO] HTTP Request: POST https://generativelanguage.googleapis.com/v1beta/models/text-embedding-004:batchEmbedContents "HTTP/1.1 200 OK"
2025-05-21 16:11:24,422 [INFO] HTTP Request: POST https://generativelanguage.googleapis.com/v1beta/models/text-embedding-004:batchEmbedContents "HTTP/1.1 200 OK"
2025-05-21 16:11:25,543 [INFO] HTTP Request: POST https://generativelanguage.googleapis.com/v1beta/models/text-embedding-004:batchEmbedContents "HTTP/1.1 200 OK"
2025-05-21 16:11:26,735 [INFO] HTTP Request: POST https://generativelanguage.googleapis.com/v1beta/models/text-embedding-004:batchEmbedContents "HTTP/1.1 200 OK"
2025-05-21 16:11:27,823 [INFO] HTTP Request: POST https://generativelanguage.googleapis.com/v1beta/models/text-embedding-004:batchEmbedContents "HTTP/1.1 200 OK"
2025-05-21 16:11:28,978 [INFO] HTTP Request: POST https://generativelanguage.googleapis.com/v1beta/models/text-embedding-004:batchEmbedContents "HTTP/1.1 200 OK"
2025-05-21 16:11:30,058 [INFO] HTTP Request: POST https://generativelanguage.googleapis.com/v1beta/models/text-embedding-004:batchEmbedContents "HTTP/1.1 200 OK"
2025-05-21 16:11:31,375 [INFO] HTTP Request: POST https://generativelanguage.googleapis.com/v1beta/models/text-embedding-004:batchEmbedContents "HTTP/1.1 200 OK"
2025-05-21 16:11:32,622 [INFO] HTTP Request: POST https://generativelanguage.googleapis.com/v1beta/models/text-embedding-004:batchEmbedContents "HTTP/1.1 200 OK"
2025-05-21 16:11:33,773 [INFO] HTTP Request: POST https://generativelanguage.googleapis.com/v1beta/models/text-embedding-004:batchEmbedContents "HTTP/1.1 200 OK"
2025-05-21 16:11:34,902 [INFO] HTTP Request: POST https://generativelanguage.googleapis.com/v1beta/models/text-embedding-004:batchEmbedContents "HTTP/1.1 200 OK"
2025-05-21 16:11:36,055 [INFO] HTTP Request: POST https://generativelanguage.googleapis.com/v1beta/models/text-embedding-004:batchEmbedContents "HTTP/1.1 200 OK"
2025-05-21 16:11:37,231 [INFO] HTTP Request: POST https://generativelanguage.googleapis.com/v1beta/models/text-embedding-004:batchEmbedContents "HTTP/1.1 200 OK"
2025-05-21 16:11:38,290 [INFO] HTTP Request: POST https://generativelanguage.googleapis.com/v1beta/models/text-embedding-004:batchEmbedContents "HTTP/1.1 200 OK"
2025-05-21 16:11:39,614 [INFO] HTTP Request: POST https://generativelanguage.googleapis.com/v1beta/models/text-embedding-004:batchEmbedContents "HTTP/1.1 200 OK"
2025-05-21 16:11:40,688 [INFO] HTTP Request: POST https://generativelanguage.googleapis.com/v1beta/models/text-embedding-004:batchEmbedContents "HTTP/1.1 200 OK"
2025-05-21 16:11:41,800 [INFO] HTTP Request: POST https://generativelanguage.googleapis.com/v1beta/models/text-embedding-004:batchEmbedContents "HTTP/1.1 200 OK"
2025-05-21 16:11:42,882 [INFO] HTTP Request: POST https://generativelanguage.googleapis.com/v1beta/models/text-embedding-004:batchEmbedContents "HTTP/1.1 200 OK"
2025-05-21 16:11:43,996 [INFO] HTTP Request: POST https://generativelanguage.googleapis.com/v1beta/models/text-embedding-004:batchEmbedContents "HTTP/1.1 200 OK"
2025-05-21 16:11:45,156 [INFO] HTTP Request: POST https://generativelanguage.googleapis.com/v1beta/models/text-embedding-004:batchEmbedContents "HTTP/1.1 200 OK"
2025-05-21 16:11:46,308 [INFO] HTTP Request: POST https://generativelanguage.googleapis.com/v1beta/models/text-embedding-004:batchEmbedContents "HTTP/1.1 200 OK"
2025-05-21 16:11:47,955 [INFO] HTTP Request: POST https://generativelanguage.googleapis.com/v1beta/models/text-embedding-004:batchEmbedContents "HTTP/1.1 200 OK"
2025-05-21 16:11:49,178 [INFO] HTTP Request: POST https://generativelanguage.googleapis.com/v1beta/models/text-embedding-004:batchEmbedContents "HTTP/1.1 200 OK"
2025-05-21 16:11:50,283 [INFO] HTTP Request: POST https://generativelanguage.googleapis.com/v1beta/models/text-embedding-004:batchEmbedContents "HTTP/1.1 200 OK"
2025-05-21 16:11:51,419 [INFO] HTTP Request: POST https://generativelanguage.googleapis.com/v1beta/models/text-embedding-004:batchEmbedContents "HTTP/1.1 200 OK"
2025-05-21 16:11:52,509 [INFO] HTTP Request: POST https://generativelanguage.googleapis.com/v1beta/models/text-embedding-004:batchEmbedContents "HTTP/1.1 200 OK"
2025-05-21 16:11:53,649 [INFO] HTTP Request: POST https://generativelanguage.googleapis.com/v1beta/models/text-embedding-004:batchEmbedContents "HTTP/1.1 200 OK"
2025-05-21 16:11:54,783 [INFO] HTTP Request: POST https://generativelanguage.googleapis.com/v1beta/models/text-embedding-004:batchEmbedContents "HTTP/1.1 200 OK"
2025-05-21 16:11:55,938 [INFO] HTTP Request: POST https://generativelanguage.googleapis.com/v1beta/models/text-embedding-004:batchEmbedContents "HTTP/1.1 200 OK"
2025-05-21 16:11:57,016 [INFO] HTTP Request: POST https://generativelanguage.googleapis.com/v1beta/models/text-embedding-004:batchEmbedContents "HTTP/1.1 200 OK"
2025-05-21 16:11:58,161 [INFO] HTTP Request: POST https://generativelanguage.googleapis.com/v1beta/models/text-embedding-004:batchEmbedContents "HTTP/1.1 200 OK"
2025-05-21 16:11:59,361 [INFO] HTTP Request: POST https://generativelanguage.googleapis.com/v1beta/models/text-embedding-004:batchEmbedContents "HTTP/1.1 200 OK"
2025-05-21 16:12:00,507 [INFO] HTTP Request: POST https://generativelanguage.googleapis.com/v1beta/models/text-embedding-004:batchEmbedContents "HTTP/1.1 200 OK"
2025-05-21 16:12:01,618 [INFO] HTTP Request: POST https://generativelanguage.googleapis.com/v1beta/models/text-embedding-004:batchEmbedContents "HTTP/1.1 200 OK"
2025-05-21 16:12:02,777 [INFO] HTTP Request: POST https://generativelanguage.googleapis.com/v1beta/models/text-embedding-004:batchEmbedContents "HTTP/1.1 200 OK"
2025-05-21 16:12:03,875 [INFO] HTTP Request: POST https://generativelanguage.googleapis.com/v1beta/models/text-embedding-004:batchEmbedContents "HTTP/1.1 200 OK"
2025-05-21 16:12:04,963 [INFO] HTTP Request: POST https://generativelanguage.googleapis.com/v1beta/models/text-embedding-004:batchEmbedContents "HTTP/1.1 200 OK"
2025-05-21 16:12:06,086 [INFO] HTTP Request: POST https://generativelanguage.googleapis.com/v1beta/models/text-embedding-004:batchEmbedContents "HTTP/1.1 200 OK"
2025-05-21 16:12:07,231 [INFO] HTTP Request: POST https://generativelanguage.googleapis.com/v1beta/models/text-embedding-004:batchEmbedContents "HTTP/1.1 200 OK"
2025-05-21 16:12:08,297 [INFO] HTTP Request: POST https://generativelanguage.googleapis.com/v1beta/models/text-embedding-004:batchEmbedContents "HTTP/1.1 200 OK"
2025-05-21 16:12:09,378 [INFO] HTTP Request: POST https://generativelanguage.googleapis.com/v1beta/models/text-embedding-004:batchEmbedContents "HTTP/1.1 200 OK"
2025-05-21 16:12:10,524 [INFO] HTTP Request: POST https://generativelanguage.googleapis.com/v1beta/models/text-embedding-004:batchEmbedContents "HTTP/1.1 200 OK"
2025-05-21 16:12:11,668 [INFO] HTTP Request: POST https://generativelanguage.googleapis.com/v1beta/models/text-embedding-004:batchEmbedContents "HTTP/1.1 200 OK"
2025-05-21 16:12:12,781 [INFO] HTTP Request: POST https://generativelanguage.googleapis.com/v1beta/models/text-embedding-004:batchEmbedContents "HTTP/1.1 200 OK"
2025-05-21 16:12:13,894 [INFO] HTTP Request: POST https://generativelanguage.googleapis.com/v1beta/models/text-embedding-004:batchEmbedContents "HTTP/1.1 200 OK"
2025-05-21 16:12:15,015 [INFO] HTTP Request: POST https://generativelanguage.googleapis.com/v1beta/models/text-embedding-004:batchEmbedContents "HTTP/1.1 200 OK"
2025-05-21 16:12:16,145 [INFO] HTTP Request: POST https://generativelanguage.googleapis.com/v1beta/models/text-embedding-004:batchEmbedContents "HTTP/1.1 200 OK"
2025-05-21 16:12:17,248 [INFO] HTTP Request: POST https://generativelanguage.googleapis.com/v1beta/models/text-embedding-004:batchEmbedContents "HTTP/1.1 200 OK"
2025-05-21 16:12:18,369 [INFO] HTTP Request: POST https://generativelanguage.googleapis.com/v1beta/models/text-embedding-004:batchEmbedContents "HTTP/1.1 200 OK"
2025-05-21 16:12:19,466 [INFO] HTTP Request: POST https://generativelanguage.googleapis.com/v1beta/models/text-embedding-004:batchEmbedContents "HTTP/1.1 200 OK"
2025-05-21 16:12:20,589 [INFO] HTTP Request: POST https://generativelanguage.googleapis.com/v1beta/models/text-embedding-004:batchEmbedContents "HTTP/1.1 200 OK"
2025-05-21 16:12:21,797 [INFO] HTTP Request: POST https://generativelanguage.googleapis.com/v1beta/models/text-embedding-004:batchEmbedContents "HTTP/1.1 200 OK"
2025-05-21 16:12:22,942 [INFO] HTTP Request: POST https://generativelanguage.googleapis.com/v1beta/models/text-embedding-004:batchEmbedContents "HTTP/1.1 200 OK"
2025-05-21 16:12:24,846 [INFO] HTTP Request: POST https://generativelanguage.googleapis.com/v1beta/models/text-embedding-004:batchEmbedContents "HTTP/1.1 200 OK"
2025-05-21 16:12:26,138 [INFO] HTTP Request: POST https://generativelanguage.googleapis.com/v1beta/models/text-embedding-004:batchEmbedContents "HTTP/1.1 200 OK"
2025-05-21 16:12:27,314 [INFO] HTTP Request: POST https://generativelanguage.googleapis.com/v1beta/models/text-embedding-004:batchEmbedContents "HTTP/1.1 200 OK"
2025-05-21 16:12:28,452 [INFO] HTTP Request: POST https://generativelanguage.googleapis.com/v1beta/models/text-embedding-004:batchEmbedContents "HTTP/1.1 200 OK"
2025-05-21 16:12:29,667 [INFO] HTTP Request: POST https://generativelanguage.googleapis.com/v1beta/models/text-embedding-004:batchEmbedContents "HTTP/1.1 200 OK"
2025-05-21 16:12:30,811 [INFO] HTTP Request: POST https://generativelanguage.googleapis.com/v1beta/models/text-embedding-004:batchEmbedContents "HTTP/1.1 200 OK"
2025-05-21 16:12:32,078 [INFO] HTTP Request: POST https://generativelanguage.googleapis.com/v1beta/models/text-embedding-004:batchEmbedContents "HTTP/1.1 200 OK"
2025-05-21 16:12:33,232 [INFO] HTTP Request: POST https://generativelanguage.googleapis.com/v1beta/models/text-embedding-004:batchEmbedContents "HTTP/1.1 200 OK"
2025-05-21 16:12:34,356 [INFO] HTTP Request: POST https://generativelanguage.googleapis.com/v1beta/models/text-embedding-004:batchEmbedContents "HTTP/1.1 200 OK"
2025-05-21 16:12:36,126 [INFO] HTTP Request: POST https://generativelanguage.googleapis.com/v1beta/models/text-embedding-004:batchEmbedContents "HTTP/1.1 200 OK"
2025-05-21 16:12:37,231 [INFO] HTTP Request: POST https://generativelanguage.googleapis.com/v1beta/models/text-embedding-004:batchEmbedContents "HTTP/1.1 200 OK"
2025-05-21 16:12:38,329 [INFO] HTTP Request: POST https://generativelanguage.googleapis.com/v1beta/models/text-embedding-004:batchEmbedContents "HTTP/1.1 200 OK"
2025-05-21 16:12:39,504 [INFO] HTTP Request: POST https://generativelanguage.googleapis.com/v1beta/models/text-embedding-004:batchEmbedContents "HTTP/1.1 200 OK"
2025-05-21 16:12:40,712 [INFO] HTTP Request: POST https://generativelanguage.googleapis.com/v1beta/models/text-embedding-004:batchEmbedContents "HTTP/1.1 200 OK"
2025-05-21 16:12:41,872 [INFO] HTTP Request: POST https://generativelanguage.googleapis.com/v1beta/models/text-embedding-004:batchEmbedContents "HTTP/1.1 200 OK"
2025-05-21 16:12:42,993 [INFO] HTTP Request: POST https://generativelanguage.googleapis.com/v1beta/models/text-embedding-004:batchEmbedContents "HTTP/1.1 200 OK"
2025-05-21 16:12:44,137 [INFO] HTTP Request: POST https://generativelanguage.googleapis.com/v1beta/models/text-embedding-004:batchEmbedContents "HTTP/1.1 200 OK"
2025-05-21 16:12:45,257 [INFO] HTTP Request: POST https://generativelanguage.googleapis.com/v1beta/models/text-embedding-004:batchEmbedContents "HTTP/1.1 200 OK"
2025-05-21 16:12:46,324 [INFO] HTTP Request: POST https://generativelanguage.googleapis.com/v1beta/models/text-embedding-004:batchEmbedContents "HTTP/1.1 200 OK"
2025-05-21 16:12:47,422 [INFO] HTTP Request: POST https://generativelanguage.googleapis.com/v1beta/models/text-embedding-004:batchEmbedContents "HTTP/1.1 200 OK"
2025-05-21 16:12:48,589 [INFO] HTTP Request: POST https://generativelanguage.googleapis.com/v1beta/models/text-embedding-004:batchEmbedContents "HTTP/1.1 200 OK"
2025-05-21 16:12:49,727 [INFO] HTTP Request: POST https://generativelanguage.googleapis.com/v1beta/models/text-embedding-004:batchEmbedContents "HTTP/1.1 200 OK"
2025-05-21 16:12:50,832 [INFO] HTTP Request: POST https://generativelanguage.googleapis.com/v1beta/models/text-embedding-004:batchEmbedContents "HTTP/1.1 200 OK"
2025-05-21 16:12:51,953 [INFO] HTTP Request: POST https://generativelanguage.googleapis.com/v1beta/models/text-embedding-004:batchEmbedContents "HTTP/1.1 200 OK"
2025-05-21 16:27:35,229 [INFO] Constraint created: CREATE CONSTRAINT IF NOT EXISTS FOR (s:Supplier) REQUIRE s.supplier_id IS UNIQUE
2025-05-21 16:27:35,559 [INFO] Constraint created: CREATE CONSTRAINT IF NOT EXISTS FOR (a:AuditReport) REQUIRE a.audit_id IS UNIQUE
2025-05-21 16:27:36,124 [INFO] Constraint created: CREATE CONSTRAINT IF NOT EXISTS FOR (q:QualityLog) REQUIRE q.log_id IS UNIQUE
2025-05-21 16:27:36,539 [INFO] Constraint created: CREATE CONSTRAINT IF NOT EXISTS FOR (d:Delivery) REQUIRE d.delivery_id IS UNIQUE
2025-05-21 16:27:36,868 [INFO] Constraint created: CREATE CONSTRAINT IF NOT EXISTS FOR (r:RiskIndicator) REQUIRE r.risk_id IS UNIQUE
2025-05-21 16:27:36,923 [INFO] Loaded audit_reports.csv with 1200 records.
2025-05-21 16:27:37,969 [INFO] HTTP Request: POST https://generativelanguage.googleapis.com/v1beta/models/text-embedding-004:batchEmbedContents "HTTP/1.1 200 OK"
2025-05-21 16:27:38,397 [INFO] HTTP Request: POST https://generativelanguage.googleapis.com/v1beta/models/text-embedding-004:batchEmbedContents "HTTP/1.1 200 OK"
2025-05-21 16:27:38,781 [INFO] HTTP Request: POST https://generativelanguage.googleapis.com/v1beta/models/text-embedding-004:batchEmbedContents "HTTP/1.1 200 OK"
2025-05-21 16:27:39,171 [INFO] HTTP Request: POST https://generativelanguage.googleapis.com/v1beta/models/text-embedding-004:batchEmbedContents "HTTP/1.1 200 OK"
2025-05-21 16:27:39,562 [INFO] HTTP Request: POST https://generativelanguage.googleapis.com/v1beta/models/text-embedding-004:batchEmbedContents "HTTP/1.1 200 OK"
2025-05-21 16:27:39,973 [INFO] HTTP Request: POST https://generativelanguage.googleapis.com/v1beta/models/text-embedding-004:batchEmbedContents "HTTP/1.1 200 OK"
2025-05-21 16:27:40,388 [INFO] HTTP Request: POST https://generativelanguage.googleapis.com/v1beta/models/text-embedding-004:batchEmbedContents "HTTP/1.1 200 OK"
2025-05-21 16:27:40,772 [INFO] HTTP Request: POST https://generativelanguage.googleapis.com/v1beta/models/text-embedding-004:batchEmbedContents "HTTP/1.1 200 OK"
2025-05-21 16:27:41,187 [INFO] HTTP Request: POST https://generativelanguage.googleapis.com/v1beta/models/text-embedding-004:batchEmbedContents "HTTP/1.1 200 OK"
2025-05-21 16:27:41,599 [INFO] HTTP Request: POST https://generativelanguage.googleapis.com/v1beta/models/text-embedding-004:batchEmbedContents "HTTP/1.1 200 OK"
2025-05-21 16:27:41,991 [INFO] HTTP Request: POST https://generativelanguage.googleapis.com/v1beta/models/text-embedding-004:batchEmbedContents "HTTP/1.1 200 OK"
2025-05-21 16:27:42,428 [INFO] HTTP Request: POST https://generativelanguage.googleapis.com/v1beta/models/text-embedding-004:batchEmbedContents "HTTP/1.1 200 OK"
2025-05-21 16:27:42,830 [INFO] HTTP Request: POST https://generativelanguage.googleapis.com/v1beta/models/text-embedding-004:batchEmbedContents "HTTP/1.1 200 OK"
2025-05-21 16:27:43,223 [INFO] HTTP Request: POST https://generativelanguage.googleapis.com/v1beta/models/text-embedding-004:batchEmbedContents "HTTP/1.1 200 OK"
2025-05-21 16:27:43,630 [INFO] HTTP Request: POST https://generativelanguage.googleapis.com/v1beta/models/text-embedding-004:batchEmbedContents "HTTP/1.1 200 OK"
2025-05-21 16:27:44,033 [INFO] HTTP Request: POST https://generativelanguage.googleapis.com/v1beta/models/text-embedding-004:batchEmbedContents "HTTP/1.1 200 OK"
2025-05-21 16:27:44,470 [INFO] HTTP Request: POST https://generativelanguage.googleapis.com/v1beta/models/text-embedding-004:batchEmbedContents "HTTP/1.1 200 OK"
2025-05-21 16:27:44,886 [INFO] HTTP Request: POST https://generativelanguage.googleapis.com/v1beta/models/text-embedding-004:batchEmbedContents "HTTP/1.1 200 OK"
2025-05-21 16:27:45,248 [INFO] HTTP Request: POST https://generativelanguage.googleapis.com/v1beta/models/text-embedding-004:batchEmbedContents "HTTP/1.1 200 OK"
2025-05-21 16:27:45,648 [INFO] HTTP Request: POST https://generativelanguage.googleapis.com/v1beta/models/text-embedding-004:batchEmbedContents "HTTP/1.1 200 OK"
2025-05-21 16:27:46,084 [INFO] HTTP Request: POST https://generativelanguage.googleapis.com/v1beta/models/text-embedding-004:batchEmbedContents "HTTP/1.1 200 OK"
2025-05-21 16:27:46,492 [INFO] HTTP Request: POST https://generativelanguage.googleapis.com/v1beta/models/text-embedding-004:batchEmbedContents "HTTP/1.1 200 OK"
2025-05-21 16:27:47,350 [INFO] HTTP Request: POST https://generativelanguage.googleapis.com/v1beta/models/text-embedding-004:batchEmbedContents "HTTP/1.1 200 OK"
2025-05-21 16:27:47,730 [INFO] HTTP Request: POST https://generativelanguage.googleapis.com/v1beta/models/text-embedding-004:batchEmbedContents "HTTP/1.1 200 OK"
2025-05-21 16:27:48,123 [INFO] HTTP Request: POST https://generativelanguage.googleapis.com/v1beta/models/text-embedding-004:batchEmbedContents "HTTP/1.1 200 OK"
2025-05-21 16:27:48,543 [INFO] HTTP Request: POST https://generativelanguage.googleapis.com/v1beta/models/text-embedding-004:batchEmbedContents "HTTP/1.1 200 OK"
2025-05-21 16:27:48,962 [INFO] HTTP Request: POST https://generativelanguage.googleapis.com/v1beta/models/text-embedding-004:batchEmbedContents "HTTP/1.1 200 OK"
2025-05-21 16:27:49,364 [INFO] HTTP Request: POST https://generativelanguage.googleapis.com/v1beta/models/text-embedding-004:batchEmbedContents "HTTP/1.1 200 OK"
2025-05-21 16:27:49,745 [INFO] HTTP Request: POST https://generativelanguage.googleapis.com/v1beta/models/text-embedding-004:batchEmbedContents "HTTP/1.1 200 OK"
2025-05-21 16:27:50,164 [INFO] HTTP Request: POST https://generativelanguage.googleapis.com/v1beta/models/text-embedding-004:batchEmbedContents "HTTP/1.1 200 OK"
2025-05-21 16:27:50,562 [INFO] HTTP Request: POST https://generativelanguage.googleapis.com/v1beta/models/text-embedding-004:batchEmbedContents "HTTP/1.1 200 OK"
2025-05-21 16:27:50,962 [INFO] HTTP Request: POST https://generativelanguage.googleapis.com/v1beta/models/text-embedding-004:batchEmbedContents "HTTP/1.1 200 OK"
2025-05-21 16:27:51,345 [INFO] HTTP Request: POST https://generativelanguage.googleapis.com/v1beta/models/text-embedding-004:batchEmbedContents "HTTP/1.1 200 OK"
2025-05-21 16:27:51,794 [INFO] HTTP Request: POST https://generativelanguage.googleapis.com/v1beta/models/text-embedding-004:batchEmbedContents "HTTP/1.1 200 OK"
2025-05-21 16:27:52,182 [INFO] HTTP Request: POST https://generativelanguage.googleapis.com/v1beta/models/text-embedding-004:batchEmbedContents "HTTP/1.1 200 OK"
2025-05-21 16:27:52,575 [INFO] HTTP Request: POST https://generativelanguage.googleapis.com/v1beta/models/text-embedding-004:batchEmbedContents "HTTP/1.1 200 OK"
2025-05-21 16:27:52,965 [INFO] HTTP Request: POST https://generativelanguage.googleapis.com/v1beta/models/text-embedding-004:batchEmbedContents "HTTP/1.1 200 OK"
2025-05-21 16:27:53,369 [INFO] HTTP Request: POST https://generativelanguage.googleapis.com/v1beta/models/text-embedding-004:batchEmbedContents "HTTP/1.1 200 OK"
2025-05-21 16:27:53,746 [INFO] HTTP Request: POST https://generativelanguage.googleapis.com/v1beta/models/text-embedding-004:batchEmbedContents "HTTP/1.1 200 OK"
2025-05-21 16:27:54,161 [INFO] HTTP Request: POST https://generativelanguage.googleapis.com/v1beta/models/text-embedding-004:batchEmbedContents "HTTP/1.1 200 OK"
2025-05-21 16:27:54,546 [INFO] HTTP Request: POST https://generativelanguage.googleapis.com/v1beta/models/text-embedding-004:batchEmbedContents "HTTP/1.1 200 OK"
2025-05-21 16:27:54,930 [INFO] HTTP Request: POST https://generativelanguage.googleapis.com/v1beta/models/text-embedding-004:batchEmbedContents "HTTP/1.1 200 OK"
2025-05-21 16:27:55,376 [INFO] HTTP Request: POST https://generativelanguage.googleapis.com/v1beta/models/text-embedding-004:batchEmbedContents "HTTP/1.1 200 OK"
2025-05-21 16:27:55,759 [INFO] HTTP Request: POST https://generativelanguage.googleapis.com/v1beta/models/text-embedding-004:batchEmbedContents "HTTP/1.1 200 OK"
2025-05-21 16:27:56,150 [INFO] HTTP Request: POST https://generativelanguage.googleapis.com/v1beta/models/text-embedding-004:batchEmbedContents "HTTP/1.1 200 OK"
2025-05-21 16:27:56,519 [INFO] HTTP Request: POST https://generativelanguage.googleapis.com/v1beta/models/text-embedding-004:batchEmbedContents "HTTP/1.1 200 OK"
2025-05-21 16:27:56,936 [INFO] HTTP Request: POST https://generativelanguage.googleapis.com/v1beta/models/text-embedding-004:batchEmbedContents "HTTP/1.1 200 OK"
2025-05-21 16:27:57,355 [INFO] HTTP Request: POST https://generativelanguage.googleapis.com/v1beta/models/text-embedding-004:batchEmbedContents "HTTP/1.1 200 OK"
2025-05-21 16:27:57,717 [INFO] HTTP Request: POST https://generativelanguage.googleapis.com/v1beta/models/text-embedding-004:batchEmbedContents "HTTP/1.1 200 OK"
2025-05-21 16:27:58,142 [INFO] HTTP Request: POST https://generativelanguage.googleapis.com/v1beta/models/text-embedding-004:batchEmbedContents "HTTP/1.1 200 OK"
2025-05-21 16:27:58,543 [INFO] HTTP Request: POST https://generativelanguage.googleapis.com/v1beta/models/text-embedding-004:batchEmbedContents "HTTP/1.1 200 OK"
2025-05-21 16:27:58,935 [INFO] HTTP Request: POST https://generativelanguage.googleapis.com/v1beta/models/text-embedding-004:batchEmbedContents "HTTP/1.1 200 OK"
2025-05-21 16:27:59,334 [INFO] HTTP Request: POST https://generativelanguage.googleapis.com/v1beta/models/text-embedding-004:batchEmbedContents "HTTP/1.1 200 OK"
2025-05-21 16:27:59,708 [INFO] HTTP Request: POST https://generativelanguage.googleapis.com/v1beta/models/text-embedding-004:batchEmbedContents "HTTP/1.1 200 OK"
2025-05-21 16:28:00,079 [INFO] HTTP Request: POST https://generativelanguage.googleapis.com/v1beta/models/text-embedding-004:batchEmbedContents "HTTP/1.1 200 OK"
2025-05-21 16:28:00,479 [INFO] HTTP Request: POST https://generativelanguage.googleapis.com/v1beta/models/text-embedding-004:batchEmbedContents "HTTP/1.1 200 OK"
2025-05-21 16:28:00,895 [INFO] HTTP Request: POST https://generativelanguage.googleapis.com/v1beta/models/text-embedding-004:batchEmbedContents "HTTP/1.1 200 OK"
2025-05-21 16:28:01,272 [INFO] HTTP Request: POST https://generativelanguage.googleapis.com/v1beta/models/text-embedding-004:batchEmbedContents "HTTP/1.1 200 OK"
2025-05-21 16:28:01,663 [INFO] HTTP Request: POST https://generativelanguage.googleapis.com/v1beta/models/text-embedding-004:batchEmbedContents "HTTP/1.1 200 OK"
2025-05-21 16:28:02,039 [INFO] HTTP Request: POST https://generativelanguage.googleapis.com/v1beta/models/text-embedding-004:batchEmbedContents "HTTP/1.1 200 OK"
2025-05-21 16:28:02,442 [INFO] HTTP Request: POST https://generativelanguage.googleapis.com/v1beta/models/text-embedding-004:batchEmbedContents "HTTP/1.1 200 OK"
2025-05-21 16:28:02,827 [INFO] HTTP Request: POST https://generativelanguage.googleapis.com/v1beta/models/text-embedding-004:batchEmbedContents "HTTP/1.1 200 OK"
2025-05-21 16:28:03,249 [INFO] HTTP Request: POST https://generativelanguage.googleapis.com/v1beta/models/text-embedding-004:batchEmbedContents "HTTP/1.1 200 OK"
2025-05-21 16:28:03,627 [INFO] HTTP Request: POST https://generativelanguage.googleapis.com/v1beta/models/text-embedding-004:batchEmbedContents "HTTP/1.1 200 OK"
2025-05-21 16:28:04,011 [INFO] HTTP Request: POST https://generativelanguage.googleapis.com/v1beta/models/text-embedding-004:batchEmbedContents "HTTP/1.1 200 OK"
2025-05-21 16:28:04,408 [INFO] HTTP Request: POST https://generativelanguage.googleapis.com/v1beta/models/text-embedding-004:batchEmbedContents "HTTP/1.1 200 OK"
2025-05-21 16:28:04,761 [INFO] HTTP Request: POST https://generativelanguage.googleapis.com/v1beta/models/text-embedding-004:batchEmbedContents "HTTP/1.1 200 OK"
2025-05-21 16:28:05,180 [INFO] HTTP Request: POST https://generativelanguage.googleapis.com/v1beta/models/text-embedding-004:batchEmbedContents "HTTP/1.1 200 OK"
2025-05-21 16:28:05,560 [INFO] HTTP Request: POST https://generativelanguage.googleapis.com/v1beta/models/text-embedding-004:batchEmbedContents "HTTP/1.1 200 OK"
2025-05-21 16:28:05,938 [INFO] HTTP Request: POST https://generativelanguage.googleapis.com/v1beta/models/text-embedding-004:batchEmbedContents "HTTP/1.1 200 OK"
2025-05-21 16:28:06,320 [INFO] HTTP Request: POST https://generativelanguage.googleapis.com/v1beta/models/text-embedding-004:batchEmbedContents "HTTP/1.1 200 OK"
2025-05-21 16:28:06,748 [INFO] HTTP Request: POST https://generativelanguage.googleapis.com/v1beta/models/text-embedding-004:batchEmbedContents "HTTP/1.1 200 OK"
2025-05-21 16:28:07,157 [INFO] HTTP Request: POST https://generativelanguage.googleapis.com/v1beta/models/text-embedding-004:batchEmbedContents "HTTP/1.1 200 OK"
2025-05-21 16:28:07,557 [INFO] HTTP Request: POST https://generativelanguage.googleapis.com/v1beta/models/text-embedding-004:batchEmbedContents "HTTP/1.1 200 OK"
2025-05-21 16:28:07,965 [INFO] HTTP Request: POST https://generativelanguage.googleapis.com/v1beta/models/text-embedding-004:batchEmbedContents "HTTP/1.1 200 OK"
2025-05-21 16:28:08,335 [INFO] HTTP Request: POST https://generativelanguage.googleapis.com/v1beta/models/text-embedding-004:batchEmbedContents "HTTP/1.1 200 OK"
2025-05-21 16:28:08,718 [INFO] HTTP Request: POST https://generativelanguage.googleapis.com/v1beta/models/text-embedding-004:batchEmbedContents "HTTP/1.1 200 OK"
2025-05-21 16:28:09,144 [INFO] HTTP Request: POST https://generativelanguage.googleapis.com/v1beta/models/text-embedding-004:batchEmbedContents "HTTP/1.1 200 OK"
2025-05-21 16:28:09,829 [INFO] HTTP Request: POST https://generativelanguage.googleapis.com/v1beta/models/text-embedding-004:batchEmbedContents "HTTP/1.1 200 OK"
2025-05-21 16:28:10,354 [INFO] HTTP Request: POST https://generativelanguage.googleapis.com/v1beta/models/text-embedding-004:batchEmbedContents "HTTP/1.1 200 OK"
2025-05-21 16:28:10,744 [INFO] HTTP Request: POST https://generativelanguage.googleapis.com/v1beta/models/text-embedding-004:batchEmbedContents "HTTP/1.1 200 OK"
2025-05-21 16:28:11,287 [INFO] HTTP Request: POST https://generativelanguage.googleapis.com/v1beta/models/text-embedding-004:batchEmbedContents "HTTP/1.1 200 OK"
2025-05-21 16:28:11,663 [INFO] HTTP Request: POST https://generativelanguage.googleapis.com/v1beta/models/text-embedding-004:batchEmbedContents "HTTP/1.1 200 OK"
2025-05-21 16:28:12,084 [INFO] HTTP Request: POST https://generativelanguage.googleapis.com/v1beta/models/text-embedding-004:batchEmbedContents "HTTP/1.1 200 OK"
2025-05-21 16:28:12,495 [INFO] HTTP Request: POST https://generativelanguage.googleapis.com/v1beta/models/text-embedding-004:batchEmbedContents "HTTP/1.1 200 OK"
2025-05-21 16:28:12,870 [INFO] HTTP Request: POST https://generativelanguage.googleapis.com/v1beta/models/text-embedding-004:batchEmbedContents "HTTP/1.1 200 OK"
2025-05-21 16:28:13,265 [INFO] HTTP Request: POST https://generativelanguage.googleapis.com/v1beta/models/text-embedding-004:batchEmbedContents "HTTP/1.1 200 OK"
2025-05-21 16:28:13,696 [INFO] HTTP Request: POST https://generativelanguage.googleapis.com/v1beta/models/text-embedding-004:batchEmbedContents "HTTP/1.1 200 OK"
2025-05-21 16:28:14,114 [INFO] HTTP Request: POST https://generativelanguage.googleapis.com/v1beta/models/text-embedding-004:batchEmbedContents "HTTP/1.1 200 OK"
2025-05-21 16:28:14,503 [INFO] HTTP Request: POST https://generativelanguage.googleapis.com/v1beta/models/text-embedding-004:batchEmbedContents "HTTP/1.1 200 OK"
2025-05-21 16:28:14,900 [INFO] HTTP Request: POST https://generativelanguage.googleapis.com/v1beta/models/text-embedding-004:batchEmbedContents "HTTP/1.1 200 OK"
2025-05-21 16:28:15,310 [INFO] HTTP Request: POST https://generativelanguage.googleapis.com/v1beta/models/text-embedding-004:batchEmbedContents "HTTP/1.1 200 OK"
2025-05-21 16:28:15,699 [INFO] HTTP Request: POST https://generativelanguage.googleapis.com/v1beta/models/text-embedding-004:batchEmbedContents "HTTP/1.1 200 OK"
2025-05-21 16:28:16,141 [INFO] HTTP Request: POST https://generativelanguage.googleapis.com/v1beta/models/text-embedding-004:batchEmbedContents "HTTP/1.1 200 OK"
2025-05-21 16:28:16,517 [INFO] HTTP Request: POST https://generativelanguage.googleapis.com/v1beta/models/text-embedding-004:batchEmbedContents "HTTP/1.1 200 OK"
2025-05-21 16:28:16,926 [INFO] HTTP Request: POST https://generativelanguage.googleapis.com/v1beta/models/text-embedding-004:batchEmbedContents "HTTP/1.1 200 OK"
2025-05-21 16:28:17,339 [INFO] HTTP Request: POST https://generativelanguage.googleapis.com/v1beta/models/text-embedding-004:batchEmbedContents "HTTP/1.1 200 OK"
2025-05-21 16:28:17,740 [INFO] HTTP Request: POST https://generativelanguage.googleapis.com/v1beta/models/text-embedding-004:batchEmbedContents "HTTP/1.1 200 OK"
2025-05-21 16:28:18,126 [INFO] HTTP Request: POST https://generativelanguage.googleapis.com/v1beta/models/text-embedding-004:batchEmbedContents "HTTP/1.1 200 OK"
2025-05-21 16:28:18,540 [INFO] HTTP Request: POST https://generativelanguage.googleapis.com/v1beta/models/text-embedding-004:batchEmbedContents "HTTP/1.1 200 OK"
2025-05-21 16:28:52,149 [INFO] HTTP Request: POST https://generativelanguage.googleapis.com/v1beta/models/text-embedding-004:batchEmbedContents "HTTP/1.1 200 OK"
2025-05-21 16:28:52,826 [INFO] HTTP Request: POST https://generativelanguage.googleapis.com/v1beta/models/text-embedding-004:batchEmbedContents "HTTP/1.1 200 OK"
2025-05-21 16:28:53,645 [INFO] HTTP Request: POST https://generativelanguage.googleapis.com/v1beta/models/text-embedding-004:batchEmbedContents "HTTP/1.1 200 OK"
2025-05-21 16:28:54,032 [INFO] HTTP Request: POST https://generativelanguage.googleapis.com/v1beta/models/text-embedding-004:batchEmbedContents "HTTP/1.1 200 OK"
2025-05-21 16:28:54,414 [INFO] HTTP Request: POST https://generativelanguage.googleapis.com/v1beta/models/text-embedding-004:batchEmbedContents "HTTP/1.1 200 OK"
2025-05-21 16:28:54,816 [INFO] HTTP Request: POST https://generativelanguage.googleapis.com/v1beta/models/text-embedding-004:batchEmbedContents "HTTP/1.1 200 OK"
2025-05-21 16:28:55,267 [INFO] HTTP Request: POST https://generativelanguage.googleapis.com/v1beta/models/text-embedding-004:batchEmbedContents "HTTP/1.1 200 OK"
2025-05-21 16:28:55,676 [INFO] HTTP Request: POST https://generativelanguage.googleapis.com/v1beta/models/text-embedding-004:batchEmbedContents "HTTP/1.1 200 OK"
2025-05-21 16:28:56,052 [INFO] HTTP Request: POST https://generativelanguage.googleapis.com/v1beta/models/text-embedding-004:batchEmbedContents "HTTP/1.1 200 OK"
2025-05-21 16:28:56,463 [INFO] HTTP Request: POST https://generativelanguage.googleapis.com/v1beta/models/text-embedding-004:batchEmbedContents "HTTP/1.1 200 OK"
2025-05-21 16:28:56,824 [INFO] HTTP Request: POST https://generativelanguage.googleapis.com/v1beta/models/text-embedding-004:batchEmbedContents "HTTP/1.1 200 OK"
2025-05-21 16:28:57,265 [INFO] HTTP Request: POST https://generativelanguage.googleapis.com/v1beta/models/text-embedding-004:batchEmbedContents "HTTP/1.1 200 OK"
2025-05-21 16:28:57,662 [INFO] HTTP Request: POST https://generativelanguage.googleapis.com/v1beta/models/text-embedding-004:batchEmbedContents "HTTP/1.1 200 OK"
2025-05-21 16:28:58,101 [INFO] HTTP Request: POST https://generativelanguage.googleapis.com/v1beta/models/text-embedding-004:batchEmbedContents "HTTP/1.1 200 OK"
2025-05-21 16:28:58,609 [INFO] HTTP Request: POST https://generativelanguage.googleapis.com/v1beta/models/text-embedding-004:batchEmbedContents "HTTP/1.1 200 OK"
2025-05-21 16:28:59,080 [INFO] HTTP Request: POST https://generativelanguage.googleapis.com/v1beta/models/text-embedding-004:batchEmbedContents "HTTP/1.1 200 OK"
2025-05-21 16:28:59,582 [INFO] HTTP Request: POST https://generativelanguage.googleapis.com/v1beta/models/text-embedding-004:batchEmbedContents "HTTP/1.1 200 OK"
2025-05-21 16:29:00,065 [INFO] HTTP Request: POST https://generativelanguage.googleapis.com/v1beta/models/text-embedding-004:batchEmbedContents "HTTP/1.1 200 OK"
2025-05-21 16:29:00,418 [INFO] HTTP Request: POST https://generativelanguage.googleapis.com/v1beta/models/text-embedding-004:batchEmbedContents "HTTP/1.1 200 OK"
2025-05-21 16:29:00,841 [INFO] HTTP Request: POST https://generativelanguage.googleapis.com/v1beta/models/text-embedding-004:batchEmbedContents "HTTP/1.1 200 OK"
2025-05-21 16:29:01,263 [INFO] HTTP Request: POST https://generativelanguage.googleapis.com/v1beta/models/text-embedding-004:batchEmbedContents "HTTP/1.1 200 OK"
2025-05-21 16:29:01,705 [INFO] HTTP Request: POST https://generativelanguage.googleapis.com/v1beta/models/text-embedding-004:batchEmbedContents "HTTP/1.1 200 OK"
2025-05-21 16:29:02,092 [INFO] HTTP Request: POST https://generativelanguage.googleapis.com/v1beta/models/text-embedding-004:batchEmbedContents "HTTP/1.1 200 OK"
2025-05-21 16:29:02,567 [INFO] HTTP Request: POST https://generativelanguage.googleapis.com/v1beta/models/text-embedding-004:batchEmbedContents "HTTP/1.1 200 OK"
2025-05-21 16:29:02,978 [INFO] HTTP Request: POST https://generativelanguage.googleapis.com/v1beta/models/text-embedding-004:batchEmbedContents "HTTP/1.1 200 OK"
2025-05-21 16:29:03,379 [INFO] HTTP Request: POST https://generativelanguage.googleapis.com/v1beta/models/text-embedding-004:batchEmbedContents "HTTP/1.1 200 OK"
2025-05-21 16:29:03,818 [INFO] HTTP Request: POST https://generativelanguage.googleapis.com/v1beta/models/text-embedding-004:batchEmbedContents "HTTP/1.1 200 OK"
2025-05-21 16:29:04,202 [INFO] HTTP Request: POST https://generativelanguage.googleapis.com/v1beta/models/text-embedding-004:batchEmbedContents "HTTP/1.1 200 OK"
2025-05-21 16:29:04,600 [INFO] HTTP Request: POST https://generativelanguage.googleapis.com/v1beta/models/text-embedding-004:batchEmbedContents "HTTP/1.1 200 OK"
2025-05-21 16:29:05,091 [INFO] HTTP Request: POST https://generativelanguage.googleapis.com/v1beta/models/text-embedding-004:batchEmbedContents "HTTP/1.1 200 OK"
2025-05-21 16:29:05,481 [INFO] HTTP Request: POST https://generativelanguage.googleapis.com/v1beta/models/text-embedding-004:batchEmbedContents "HTTP/1.1 200 OK"
2025-05-21 16:29:05,866 [INFO] HTTP Request: POST https://generativelanguage.googleapis.com/v1beta/models/text-embedding-004:batchEmbedContents "HTTP/1.1 200 OK"
2025-05-21 16:29:06,227 [INFO] HTTP Request: POST https://generativelanguage.googleapis.com/v1beta/models/text-embedding-004:batchEmbedContents "HTTP/1.1 200 OK"
2025-05-21 16:29:06,625 [INFO] HTTP Request: POST https://generativelanguage.googleapis.com/v1beta/models/text-embedding-004:batchEmbedContents "HTTP/1.1 200 OK"
2025-05-21 16:29:07,008 [INFO] HTTP Request: POST https://generativelanguage.googleapis.com/v1beta/models/text-embedding-004:batchEmbedContents "HTTP/1.1 200 OK"
2025-05-21 16:29:07,389 [INFO] HTTP Request: POST https://generativelanguage.googleapis.com/v1beta/models/text-embedding-004:batchEmbedContents "HTTP/1.1 200 OK"
2025-05-21 16:29:07,777 [INFO] HTTP Request: POST https://generativelanguage.googleapis.com/v1beta/models/text-embedding-004:batchEmbedContents "HTTP/1.1 200 OK"
2025-05-21 16:29:08,182 [INFO] HTTP Request: POST https://generativelanguage.googleapis.com/v1beta/models/text-embedding-004:batchEmbedContents "HTTP/1.1 200 OK"
2025-05-21 16:29:08,583 [INFO] HTTP Request: POST https://generativelanguage.googleapis.com/v1beta/models/text-embedding-004:batchEmbedContents "HTTP/1.1 200 OK"
2025-05-21 16:29:09,009 [INFO] HTTP Request: POST https://generativelanguage.googleapis.com/v1beta/models/text-embedding-004:batchEmbedContents "HTTP/1.1 200 OK"
2025-05-21 16:29:09,406 [INFO] HTTP Request: POST https://generativelanguage.googleapis.com/v1beta/models/text-embedding-004:batchEmbedContents "HTTP/1.1 200 OK"
2025-05-21 16:29:09,824 [INFO] HTTP Request: POST https://generativelanguage.googleapis.com/v1beta/models/text-embedding-004:batchEmbedContents "HTTP/1.1 200 OK"
2025-05-21 16:29:10,209 [INFO] HTTP Request: POST https://generativelanguage.googleapis.com/v1beta/models/text-embedding-004:batchEmbedContents "HTTP/1.1 200 OK"
2025-05-21 16:29:10,592 [INFO] HTTP Request: POST https://generativelanguage.googleapis.com/v1beta/models/text-embedding-004:batchEmbedContents "HTTP/1.1 200 OK"
2025-05-21 16:29:10,962 [INFO] HTTP Request: POST https://generativelanguage.googleapis.com/v1beta/models/text-embedding-004:batchEmbedContents "HTTP/1.1 200 OK"
2025-05-21 16:29:11,348 [INFO] HTTP Request: POST https://generativelanguage.googleapis.com/v1beta/models/text-embedding-004:batchEmbedContents "HTTP/1.1 200 OK"
2025-05-21 16:29:11,746 [INFO] HTTP Request: POST https://generativelanguage.googleapis.com/v1beta/models/text-embedding-004:batchEmbedContents "HTTP/1.1 200 OK"
2025-05-21 16:29:12,134 [INFO] HTTP Request: POST https://generativelanguage.googleapis.com/v1beta/models/text-embedding-004:batchEmbedContents "HTTP/1.1 200 OK"
2025-05-21 16:29:12,504 [INFO] HTTP Request: POST https://generativelanguage.googleapis.com/v1beta/models/text-embedding-004:batchEmbedContents "HTTP/1.1 200 OK"
2025-05-21 16:29:12,916 [INFO] HTTP Request: POST https://generativelanguage.googleapis.com/v1beta/models/text-embedding-004:batchEmbedContents "HTTP/1.1 200 OK"
2025-05-21 16:29:13,398 [INFO] HTTP Request: POST https://generativelanguage.googleapis.com/v1beta/models/text-embedding-004:batchEmbedContents "HTTP/1.1 200 OK"
2025-05-21 16:29:13,781 [INFO] HTTP Request: POST https://generativelanguage.googleapis.com/v1beta/models/text-embedding-004:batchEmbedContents "HTTP/1.1 200 OK"
2025-05-21 16:29:14,161 [INFO] HTTP Request: POST https://generativelanguage.googleapis.com/v1beta/models/text-embedding-004:batchEmbedContents "HTTP/1.1 200 OK"
2025-05-21 16:29:14,551 [INFO] HTTP Request: POST https://generativelanguage.googleapis.com/v1beta/models/text-embedding-004:batchEmbedContents "HTTP/1.1 200 OK"
2025-05-21 16:29:14,954 [INFO] HTTP Request: POST https://generativelanguage.googleapis.com/v1beta/models/text-embedding-004:batchEmbedContents "HTTP/1.1 200 OK"
2025-05-21 16:29:15,316 [INFO] HTTP Request: POST https://generativelanguage.googleapis.com/v1beta/models/text-embedding-004:batchEmbedContents "HTTP/1.1 200 OK"
2025-05-21 16:29:15,761 [INFO] HTTP Request: POST https://generativelanguage.googleapis.com/v1beta/models/text-embedding-004:batchEmbedContents "HTTP/1.1 200 OK"
2025-05-21 16:29:16,148 [INFO] HTTP Request: POST https://generativelanguage.googleapis.com/v1beta/models/text-embedding-004:batchEmbedContents "HTTP/1.1 200 OK"
2025-05-21 16:29:16,530 [INFO] HTTP Request: POST https://generativelanguage.googleapis.com/v1beta/models/text-embedding-004:batchEmbedContents "HTTP/1.1 200 OK"
2025-05-21 16:29:16,932 [INFO] HTTP Request: POST https://generativelanguage.googleapis.com/v1beta/models/text-embedding-004:batchEmbedContents "HTTP/1.1 200 OK"
2025-05-21 16:29:17,305 [INFO] HTTP Request: POST https://generativelanguage.googleapis.com/v1beta/models/text-embedding-004:batchEmbedContents "HTTP/1.1 200 OK"
2025-05-21 16:29:17,698 [INFO] HTTP Request: POST https://generativelanguage.googleapis.com/v1beta/models/text-embedding-004:batchEmbedContents "HTTP/1.1 200 OK"
2025-05-21 16:29:18,073 [INFO] HTTP Request: POST https://generativelanguage.googleapis.com/v1beta/models/text-embedding-004:batchEmbedContents "HTTP/1.1 200 OK"
2025-05-21 16:29:18,484 [INFO] HTTP Request: POST https://generativelanguage.googleapis.com/v1beta/models/text-embedding-004:batchEmbedContents "HTTP/1.1 200 OK"
2025-05-21 16:29:18,864 [INFO] HTTP Request: POST https://generativelanguage.googleapis.com/v1beta/models/text-embedding-004:batchEmbedContents "HTTP/1.1 200 OK"
2025-05-21 16:29:19,274 [INFO] HTTP Request: POST https://generativelanguage.googleapis.com/v1beta/models/text-embedding-004:batchEmbedContents "HTTP/1.1 200 OK"
2025-05-21 16:29:19,664 [INFO] HTTP Request: POST https://generativelanguage.googleapis.com/v1beta/models/text-embedding-004:batchEmbedContents "HTTP/1.1 200 OK"
2025-05-21 16:29:20,074 [INFO] HTTP Request: POST https://generativelanguage.googleapis.com/v1beta/models/text-embedding-004:batchEmbedContents "HTTP/1.1 200 OK"
2025-05-21 16:29:20,613 [INFO] HTTP Request: POST https://generativelanguage.googleapis.com/v1beta/models/text-embedding-004:batchEmbedContents "HTTP/1.1 200 OK"
2025-05-21 16:29:21,331 [INFO] HTTP Request: POST https://generativelanguage.googleapis.com/v1beta/models/text-embedding-004:batchEmbedContents "HTTP/1.1 200 OK"
2025-05-21 16:29:22,157 [INFO] HTTP Request: POST https://generativelanguage.googleapis.com/v1beta/models/text-embedding-004:batchEmbedContents "HTTP/1.1 200 OK"
2025-05-21 16:29:22,804 [INFO] HTTP Request: POST https://generativelanguage.googleapis.com/v1beta/models/text-embedding-004:batchEmbedContents "HTTP/1.1 200 OK"
2025-05-21 16:29:23,353 [INFO] HTTP Request: POST https://generativelanguage.googleapis.com/v1beta/models/text-embedding-004:batchEmbedContents "HTTP/1.1 200 OK"
2025-05-21 16:29:23,776 [INFO] HTTP Request: POST https://generativelanguage.googleapis.com/v1beta/models/text-embedding-004:batchEmbedContents "HTTP/1.1 200 OK"
2025-05-21 16:29:24,387 [INFO] HTTP Request: POST https://generativelanguage.googleapis.com/v1beta/models/text-embedding-004:batchEmbedContents "HTTP/1.1 200 OK"
2025-05-21 16:29:25,184 [INFO] HTTP Request: POST https://generativelanguage.googleapis.com/v1beta/models/text-embedding-004:batchEmbedContents "HTTP/1.1 200 OK"
2025-05-21 16:29:25,929 [INFO] HTTP Request: POST https://generativelanguage.googleapis.com/v1beta/models/text-embedding-004:batchEmbedContents "HTTP/1.1 200 OK"
2025-05-21 16:29:26,719 [INFO] HTTP Request: POST https://generativelanguage.googleapis.com/v1beta/models/text-embedding-004:batchEmbedContents "HTTP/1.1 200 OK"
2025-05-21 16:29:27,451 [INFO] HTTP Request: POST https://generativelanguage.googleapis.com/v1beta/models/text-embedding-004:batchEmbedContents "HTTP/1.1 200 OK"
2025-05-21 16:29:27,972 [INFO] HTTP Request: POST https://generativelanguage.googleapis.com/v1beta/models/text-embedding-004:batchEmbedContents "HTTP/1.1 200 OK"
2025-05-21 16:29:28,639 [INFO] HTTP Request: POST https://generativelanguage.googleapis.com/v1beta/models/text-embedding-004:batchEmbedContents "HTTP/1.1 200 OK"
2025-05-21 16:29:29,218 [INFO] HTTP Request: POST https://generativelanguage.googleapis.com/v1beta/models/text-embedding-004:batchEmbedContents "HTTP/1.1 200 OK"
2025-05-21 16:29:29,839 [INFO] HTTP Request: POST https://generativelanguage.googleapis.com/v1beta/models/text-embedding-004:batchEmbedContents "HTTP/1.1 200 OK"
2025-05-21 16:29:30,239 [INFO] HTTP Request: POST https://generativelanguage.googleapis.com/v1beta/models/text-embedding-004:batchEmbedContents "HTTP/1.1 200 OK"
2025-05-21 16:29:30,640 [INFO] HTTP Request: POST https://generativelanguage.googleapis.com/v1beta/models/text-embedding-004:batchEmbedContents "HTTP/1.1 200 OK"
2025-05-21 16:29:31,150 [INFO] HTTP Request: POST https://generativelanguage.googleapis.com/v1beta/models/text-embedding-004:batchEmbedContents "HTTP/1.1 200 OK"
2025-05-21 16:29:31,537 [INFO] HTTP Request: POST https://generativelanguage.googleapis.com/v1beta/models/text-embedding-004:batchEmbedContents "HTTP/1.1 200 OK"
2025-05-21 16:29:31,956 [INFO] HTTP Request: POST https://generativelanguage.googleapis.com/v1beta/models/text-embedding-004:batchEmbedContents "HTTP/1.1 200 OK"
2025-05-21 16:29:32,339 [INFO] HTTP Request: POST https://generativelanguage.googleapis.com/v1beta/models/text-embedding-004:batchEmbedContents "HTTP/1.1 200 OK"
2025-05-21 16:29:32,723 [INFO] HTTP Request: POST https://generativelanguage.googleapis.com/v1beta/models/text-embedding-004:batchEmbedContents "HTTP/1.1 200 OK"
2025-05-21 16:29:33,117 [INFO] HTTP Request: POST https://generativelanguage.googleapis.com/v1beta/models/text-embedding-004:batchEmbedContents "HTTP/1.1 200 OK"
2025-05-21 16:29:33,597 [INFO] HTTP Request: POST https://generativelanguage.googleapis.com/v1beta/models/text-embedding-004:batchEmbedContents "HTTP/1.1 200 OK"
2025-05-21 16:29:34,080 [INFO] HTTP Request: POST https://generativelanguage.googleapis.com/v1beta/models/text-embedding-004:batchEmbedContents "HTTP/1.1 200 OK"
2025-05-21 16:29:34,515 [INFO] HTTP Request: POST https://generativelanguage.googleapis.com/v1beta/models/text-embedding-004:batchEmbedContents "HTTP/1.1 200 OK"
2025-05-21 16:29:34,881 [INFO] HTTP Request: POST https://generativelanguage.googleapis.com/v1beta/models/text-embedding-004:batchEmbedContents "HTTP/1.1 200 OK"
2025-05-21 16:29:35,378 [INFO] HTTP Request: POST https://generativelanguage.googleapis.com/v1beta/models/text-embedding-004:batchEmbedContents "HTTP/1.1 200 OK"
2025-05-21 16:29:35,905 [INFO] HTTP Request: POST https://generativelanguage.googleapis.com/v1beta/models/text-embedding-004:batchEmbedContents "HTTP/1.1 200 OK"
2025-05-21 16:29:36,264 [INFO] HTTP Request: POST https://generativelanguage.googleapis.com/v1beta/models/text-embedding-004:batchEmbedContents "HTTP/1.1 200 OK"
2025-05-21 16:29:36,653 [INFO] HTTP Request: POST https://generativelanguage.googleapis.com/v1beta/models/text-embedding-004:batchEmbedContents "HTTP/1.1 200 OK"
2025-05-21 16:29:37,044 [INFO] HTTP Request: POST https://generativelanguage.googleapis.com/v1beta/models/text-embedding-004:batchEmbedContents "HTTP/1.1 200 OK"
2025-05-21 16:30:05,712 [INFO] HTTP Request: POST https://generativelanguage.googleapis.com/v1beta/models/text-embedding-004:batchEmbedContents "HTTP/1.1 200 OK"
2025-05-21 16:30:06,129 [INFO] HTTP Request: POST https://generativelanguage.googleapis.com/v1beta/models/text-embedding-004:batchEmbedContents "HTTP/1.1 200 OK"
2025-05-21 16:30:06,530 [INFO] HTTP Request: POST https://generativelanguage.googleapis.com/v1beta/models/text-embedding-004:batchEmbedContents "HTTP/1.1 200 OK"
2025-05-21 16:30:07,238 [INFO] HTTP Request: POST https://generativelanguage.googleapis.com/v1beta/models/text-embedding-004:batchEmbedContents "HTTP/1.1 200 OK"
2025-05-21 16:30:07,790 [INFO] HTTP Request: POST https://generativelanguage.googleapis.com/v1beta/models/text-embedding-004:batchEmbedContents "HTTP/1.1 200 OK"
2025-05-21 16:30:08,307 [INFO] HTTP Request: POST https://generativelanguage.googleapis.com/v1beta/models/text-embedding-004:batchEmbedContents "HTTP/1.1 200 OK"
2025-05-21 16:30:09,007 [INFO] HTTP Request: POST https://generativelanguage.googleapis.com/v1beta/models/text-embedding-004:batchEmbedContents "HTTP/1.1 200 OK"
2025-05-21 16:30:09,652 [INFO] HTTP Request: POST https://generativelanguage.googleapis.com/v1beta/models/text-embedding-004:batchEmbedContents "HTTP/1.1 200 OK"
2025-05-21 16:30:10,544 [INFO] HTTP Request: POST https://generativelanguage.googleapis.com/v1beta/models/text-embedding-004:batchEmbedContents "HTTP/1.1 200 OK"
2025-05-21 16:30:11,504 [INFO] HTTP Request: POST https://generativelanguage.googleapis.com/v1beta/models/text-embedding-004:batchEmbedContents "HTTP/1.1 200 OK"
2025-05-21 16:30:12,915 [INFO] HTTP Request: POST https://generativelanguage.googleapis.com/v1beta/models/text-embedding-004:batchEmbedContents "HTTP/1.1 200 OK"
2025-05-21 16:30:14,159 [INFO] HTTP Request: POST https://generativelanguage.googleapis.com/v1beta/models/text-embedding-004:batchEmbedContents "HTTP/1.1 200 OK"
2025-05-21 16:30:14,795 [INFO] HTTP Request: POST https://generativelanguage.googleapis.com/v1beta/models/text-embedding-004:batchEmbedContents "HTTP/1.1 200 OK"
2025-05-21 16:30:15,444 [INFO] HTTP Request: POST https://generativelanguage.googleapis.com/v1beta/models/text-embedding-004:batchEmbedContents "HTTP/1.1 200 OK"
2025-05-21 16:30:16,061 [INFO] HTTP Request: POST https://generativelanguage.googleapis.com/v1beta/models/text-embedding-004:batchEmbedContents "HTTP/1.1 200 OK"
2025-05-21 16:30:16,707 [INFO] HTTP Request: POST https://generativelanguage.googleapis.com/v1beta/models/text-embedding-004:batchEmbedContents "HTTP/1.1 200 OK"
2025-05-21 16:30:17,122 [INFO] HTTP Request: POST https://generativelanguage.googleapis.com/v1beta/models/text-embedding-004:batchEmbedContents "HTTP/1.1 200 OK"
2025-05-21 16:30:17,845 [INFO] HTTP Request: POST https://generativelanguage.googleapis.com/v1beta/models/text-embedding-004:batchEmbedContents "HTTP/1.1 200 OK"
2025-05-21 16:30:18,748 [INFO] HTTP Request: POST https://generativelanguage.googleapis.com/v1beta/models/text-embedding-004:batchEmbedContents "HTTP/1.1 200 OK"
2025-05-21 16:30:19,409 [INFO] HTTP Request: POST https://generativelanguage.googleapis.com/v1beta/models/text-embedding-004:batchEmbedContents "HTTP/1.1 200 OK"
2025-05-21 16:30:19,997 [INFO] HTTP Request: POST https://generativelanguage.googleapis.com/v1beta/models/text-embedding-004:batchEmbedContents "HTTP/1.1 200 OK"
2025-05-21 16:30:20,491 [INFO] HTTP Request: POST https://generativelanguage.googleapis.com/v1beta/models/text-embedding-004:batchEmbedContents "HTTP/1.1 200 OK"
2025-05-21 16:30:21,009 [INFO] HTTP Request: POST https://generativelanguage.googleapis.com/v1beta/models/text-embedding-004:batchEmbedContents "HTTP/1.1 200 OK"
2025-05-21 16:30:21,584 [INFO] HTTP Request: POST https://generativelanguage.googleapis.com/v1beta/models/text-embedding-004:batchEmbedContents "HTTP/1.1 200 OK"
2025-05-21 16:30:22,023 [INFO] HTTP Request: POST https://generativelanguage.googleapis.com/v1beta/models/text-embedding-004:batchEmbedContents "HTTP/1.1 200 OK"
2025-05-21 16:30:22,543 [INFO] HTTP Request: POST https://generativelanguage.googleapis.com/v1beta/models/text-embedding-004:batchEmbedContents "HTTP/1.1 200 OK"
2025-05-21 16:30:23,135 [INFO] HTTP Request: POST https://generativelanguage.googleapis.com/v1beta/models/text-embedding-004:batchEmbedContents "HTTP/1.1 200 OK"
2025-05-21 16:30:23,694 [INFO] HTTP Request: POST https://generativelanguage.googleapis.com/v1beta/models/text-embedding-004:batchEmbedContents "HTTP/1.1 200 OK"
2025-05-21 16:30:24,374 [INFO] HTTP Request: POST https://generativelanguage.googleapis.com/v1beta/models/text-embedding-004:batchEmbedContents "HTTP/1.1 200 OK"
2025-05-21 16:30:25,032 [INFO] HTTP Request: POST https://generativelanguage.googleapis.com/v1beta/models/text-embedding-004:batchEmbedContents "HTTP/1.1 200 OK"
2025-05-21 16:30:26,019 [INFO] HTTP Request: POST https://generativelanguage.googleapis.com/v1beta/models/text-embedding-004:batchEmbedContents "HTTP/1.1 200 OK"
2025-05-21 16:30:26,693 [INFO] HTTP Request: POST https://generativelanguage.googleapis.com/v1beta/models/text-embedding-004:batchEmbedContents "HTTP/1.1 200 OK"
2025-05-21 16:30:27,452 [INFO] HTTP Request: POST https://generativelanguage.googleapis.com/v1beta/models/text-embedding-004:batchEmbedContents "HTTP/1.1 200 OK"
2025-05-21 16:30:27,944 [INFO] HTTP Request: POST https://generativelanguage.googleapis.com/v1beta/models/text-embedding-004:batchEmbedContents "HTTP/1.1 200 OK"
2025-05-21 16:30:28,477 [INFO] HTTP Request: POST https://generativelanguage.googleapis.com/v1beta/models/text-embedding-004:batchEmbedContents "HTTP/1.1 200 OK"
2025-05-21 16:30:29,197 [INFO] HTTP Request: POST https://generativelanguage.googleapis.com/v1beta/models/text-embedding-004:batchEmbedContents "HTTP/1.1 200 OK"
2025-05-21 16:30:29,965 [INFO] HTTP Request: POST https://generativelanguage.googleapis.com/v1beta/models/text-embedding-004:batchEmbedContents "HTTP/1.1 200 OK"
2025-05-21 16:30:30,900 [INFO] HTTP Request: POST https://generativelanguage.googleapis.com/v1beta/models/text-embedding-004:batchEmbedContents "HTTP/1.1 200 OK"
2025-05-21 16:30:31,664 [INFO] HTTP Request: POST https://generativelanguage.googleapis.com/v1beta/models/text-embedding-004:batchEmbedContents "HTTP/1.1 200 OK"
2025-05-21 16:30:32,459 [INFO] HTTP Request: POST https://generativelanguage.googleapis.com/v1beta/models/text-embedding-004:batchEmbedContents "HTTP/1.1 200 OK"
2025-05-21 16:30:35,178 [INFO] HTTP Request: POST https://generativelanguage.googleapis.com/v1beta/models/text-embedding-004:batchEmbedContents "HTTP/1.1 200 OK"
2025-05-21 16:30:36,309 [INFO] HTTP Request: POST https://generativelanguage.googleapis.com/v1beta/models/text-embedding-004:batchEmbedContents "HTTP/1.1 200 OK"
2025-05-21 16:30:37,016 [INFO] HTTP Request: POST https://generativelanguage.googleapis.com/v1beta/models/text-embedding-004:batchEmbedContents "HTTP/1.1 200 OK"
2025-05-21 16:30:39,062 [INFO] HTTP Request: POST https://generativelanguage.googleapis.com/v1beta/models/text-embedding-004:batchEmbedContents "HTTP/1.1 200 OK"
2025-05-21 16:30:39,716 [INFO] HTTP Request: POST https://generativelanguage.googleapis.com/v1beta/models/text-embedding-004:batchEmbedContents "HTTP/1.1 200 OK"
2025-05-21 16:30:41,635 [INFO] HTTP Request: POST https://generativelanguage.googleapis.com/v1beta/models/text-embedding-004:batchEmbedContents "HTTP/1.1 200 OK"
2025-05-21 16:30:42,308 [INFO] HTTP Request: POST https://generativelanguage.googleapis.com/v1beta/models/text-embedding-004:batchEmbedContents "HTTP/1.1 200 OK"
2025-05-21 16:30:44,222 [INFO] HTTP Request: POST https://generativelanguage.googleapis.com/v1beta/models/text-embedding-004:batchEmbedContents "HTTP/1.1 200 OK"
2025-05-21 16:30:44,906 [INFO] HTTP Request: POST https://generativelanguage.googleapis.com/v1beta/models/text-embedding-004:batchEmbedContents "HTTP/1.1 200 OK"
2025-05-21 16:30:45,591 [INFO] HTTP Request: POST https://generativelanguage.googleapis.com/v1beta/models/text-embedding-004:batchEmbedContents "HTTP/1.1 200 OK"
2025-05-21 16:30:46,238 [INFO] HTTP Request: POST https://generativelanguage.googleapis.com/v1beta/models/text-embedding-004:batchEmbedContents "HTTP/1.1 200 OK"
2025-05-21 16:30:46,983 [INFO] HTTP Request: POST https://generativelanguage.googleapis.com/v1beta/models/text-embedding-004:batchEmbedContents "HTTP/1.1 200 OK"
2025-05-21 16:30:47,738 [INFO] HTTP Request: POST https://generativelanguage.googleapis.com/v1beta/models/text-embedding-004:batchEmbedContents "HTTP/1.1 200 OK"
2025-05-21 16:30:48,406 [INFO] HTTP Request: POST https://generativelanguage.googleapis.com/v1beta/models/text-embedding-004:batchEmbedContents "HTTP/1.1 200 OK"
2025-05-21 16:30:49,121 [INFO] HTTP Request: POST https://generativelanguage.googleapis.com/v1beta/models/text-embedding-004:batchEmbedContents "HTTP/1.1 200 OK"
2025-05-21 16:30:49,861 [INFO] HTTP Request: POST https://generativelanguage.googleapis.com/v1beta/models/text-embedding-004:batchEmbedContents "HTTP/1.1 200 OK"
2025-05-21 16:30:50,299 [INFO] HTTP Request: POST https://generativelanguage.googleapis.com/v1beta/models/text-embedding-004:batchEmbedContents "HTTP/1.1 200 OK"
2025-05-21 16:30:50,817 [INFO] HTTP Request: POST https://generativelanguage.googleapis.com/v1beta/models/text-embedding-004:batchEmbedContents "HTTP/1.1 200 OK"
2025-05-21 16:30:52,000 [INFO] HTTP Request: POST https://generativelanguage.googleapis.com/v1beta/models/text-embedding-004:batchEmbedContents "HTTP/1.1 200 OK"
2025-05-21 16:30:52,748 [INFO] HTTP Request: POST https://generativelanguage.googleapis.com/v1beta/models/text-embedding-004:batchEmbedContents "HTTP/1.1 200 OK"
2025-05-21 16:30:53,551 [INFO] HTTP Request: POST https://generativelanguage.googleapis.com/v1beta/models/text-embedding-004:batchEmbedContents "HTTP/1.1 200 OK"
2025-05-21 16:30:54,127 [INFO] HTTP Request: POST https://generativelanguage.googleapis.com/v1beta/models/text-embedding-004:batchEmbedContents "HTTP/1.1 200 OK"
2025-05-21 16:30:54,717 [INFO] HTTP Request: POST https://generativelanguage.googleapis.com/v1beta/models/text-embedding-004:batchEmbedContents "HTTP/1.1 200 OK"
2025-05-21 16:30:55,391 [INFO] HTTP Request: POST https://generativelanguage.googleapis.com/v1beta/models/text-embedding-004:batchEmbedContents "HTTP/1.1 200 OK"
2025-05-21 16:30:56,181 [INFO] HTTP Request: POST https://generativelanguage.googleapis.com/v1beta/models/text-embedding-004:batchEmbedContents "HTTP/1.1 200 OK"
2025-05-21 16:30:56,813 [INFO] HTTP Request: POST https://generativelanguage.googleapis.com/v1beta/models/text-embedding-004:batchEmbedContents "HTTP/1.1 200 OK"
2025-05-21 16:30:57,349 [INFO] HTTP Request: POST https://generativelanguage.googleapis.com/v1beta/models/text-embedding-004:batchEmbedContents "HTTP/1.1 200 OK"
2025-05-21 16:30:58,175 [INFO] HTTP Request: POST https://generativelanguage.googleapis.com/v1beta/models/text-embedding-004:batchEmbedContents "HTTP/1.1 200 OK"
2025-05-21 16:30:58,726 [INFO] HTTP Request: POST https://generativelanguage.googleapis.com/v1beta/models/text-embedding-004:batchEmbedContents "HTTP/1.1 200 OK"
2025-05-21 16:30:59,540 [INFO] HTTP Request: POST https://generativelanguage.googleapis.com/v1beta/models/text-embedding-004:batchEmbedContents "HTTP/1.1 200 OK"
2025-05-21 16:31:00,181 [INFO] HTTP Request: POST https://generativelanguage.googleapis.com/v1beta/models/text-embedding-004:batchEmbedContents "HTTP/1.1 200 OK"
2025-05-21 16:31:00,945 [INFO] HTTP Request: POST https://generativelanguage.googleapis.com/v1beta/models/text-embedding-004:batchEmbedContents "HTTP/1.1 200 OK"
2025-05-21 16:31:01,381 [INFO] HTTP Request: POST https://generativelanguage.googleapis.com/v1beta/models/text-embedding-004:batchEmbedContents "HTTP/1.1 200 OK"
2025-05-21 16:31:01,903 [INFO] HTTP Request: POST https://generativelanguage.googleapis.com/v1beta/models/text-embedding-004:batchEmbedContents "HTTP/1.1 200 OK"
2025-05-21 16:31:03,003 [INFO] HTTP Request: POST https://generativelanguage.googleapis.com/v1beta/models/text-embedding-004:batchEmbedContents "HTTP/1.1 200 OK"
2025-05-21 16:31:03,602 [INFO] HTTP Request: POST https://generativelanguage.googleapis.com/v1beta/models/text-embedding-004:batchEmbedContents "HTTP/1.1 200 OK"
2025-05-21 16:31:03,979 [INFO] HTTP Request: POST https://generativelanguage.googleapis.com/v1beta/models/text-embedding-004:batchEmbedContents "HTTP/1.1 200 OK"
2025-05-21 16:31:04,365 [INFO] HTTP Request: POST https://generativelanguage.googleapis.com/v1beta/models/text-embedding-004:batchEmbedContents "HTTP/1.1 200 OK"
2025-05-21 16:31:04,804 [INFO] HTTP Request: POST https://generativelanguage.googleapis.com/v1beta/models/text-embedding-004:batchEmbedContents "HTTP/1.1 200 OK"
2025-05-21 16:31:05,178 [INFO] HTTP Request: POST https://generativelanguage.googleapis.com/v1beta/models/text-embedding-004:batchEmbedContents "HTTP/1.1 200 OK"
2025-05-21 16:31:05,562 [INFO] HTTP Request: POST https://generativelanguage.googleapis.com/v1beta/models/text-embedding-004:batchEmbedContents "HTTP/1.1 200 OK"
2025-05-21 16:31:05,955 [INFO] HTTP Request: POST https://generativelanguage.googleapis.com/v1beta/models/text-embedding-004:batchEmbedContents "HTTP/1.1 200 OK"
2025-05-21 16:31:06,354 [INFO] HTTP Request: POST https://generativelanguage.googleapis.com/v1beta/models/text-embedding-004:batchEmbedContents "HTTP/1.1 200 OK"
2025-05-21 16:31:06,738 [INFO] HTTP Request: POST https://generativelanguage.googleapis.com/v1beta/models/text-embedding-004:batchEmbedContents "HTTP/1.1 200 OK"
2025-05-21 16:31:07,139 [INFO] HTTP Request: POST https://generativelanguage.googleapis.com/v1beta/models/text-embedding-004:batchEmbedContents "HTTP/1.1 200 OK"
2025-05-21 16:31:07,529 [INFO] HTTP Request: POST https://generativelanguage.googleapis.com/v1beta/models/text-embedding-004:batchEmbedContents "HTTP/1.1 200 OK"
2025-05-21 16:31:07,923 [INFO] HTTP Request: POST https://generativelanguage.googleapis.com/v1beta/models/text-embedding-004:batchEmbedContents "HTTP/1.1 200 OK"
2025-05-21 16:31:08,318 [INFO] HTTP Request: POST https://generativelanguage.googleapis.com/v1beta/models/text-embedding-004:batchEmbedContents "HTTP/1.1 200 OK"
2025-05-21 16:31:08,687 [INFO] HTTP Request: POST https://generativelanguage.googleapis.com/v1beta/models/text-embedding-004:batchEmbedContents "HTTP/1.1 200 OK"
2025-05-21 16:31:09,093 [INFO] HTTP Request: POST https://generativelanguage.googleapis.com/v1beta/models/text-embedding-004:batchEmbedContents "HTTP/1.1 200 OK"
2025-05-21 16:31:09,502 [INFO] HTTP Request: POST https://generativelanguage.googleapis.com/v1beta/models/text-embedding-004:batchEmbedContents "HTTP/1.1 200 OK"
2025-05-21 16:31:09,899 [INFO] HTTP Request: POST https://generativelanguage.googleapis.com/v1beta/models/text-embedding-004:batchEmbedContents "HTTP/1.1 200 OK"
2025-05-21 16:31:10,289 [INFO] HTTP Request: POST https://generativelanguage.googleapis.com/v1beta/models/text-embedding-004:batchEmbedContents "HTTP/1.1 200 OK"
2025-05-21 16:31:10,682 [INFO] HTTP Request: POST https://generativelanguage.googleapis.com/v1beta/models/text-embedding-004:batchEmbedContents "HTTP/1.1 200 OK"
2025-05-21 16:31:11,069 [INFO] HTTP Request: POST https://generativelanguage.googleapis.com/v1beta/models/text-embedding-004:batchEmbedContents "HTTP/1.1 200 OK"
2025-05-21 16:31:11,494 [INFO] HTTP Request: POST https://generativelanguage.googleapis.com/v1beta/models/text-embedding-004:batchEmbedContents "HTTP/1.1 200 OK"
2025-05-21 16:31:11,887 [INFO] HTTP Request: POST https://generativelanguage.googleapis.com/v1beta/models/text-embedding-004:batchEmbedContents "HTTP/1.1 200 OK"
2025-05-21 16:31:12,275 [INFO] HTTP Request: POST https://generativelanguage.googleapis.com/v1beta/models/text-embedding-004:batchEmbedContents "HTTP/1.1 200 OK"
2025-05-21 16:31:12,699 [INFO] HTTP Request: POST https://generativelanguage.googleapis.com/v1beta/models/text-embedding-004:batchEmbedContents "HTTP/1.1 200 OK"
2025-05-21 16:31:13,125 [INFO] HTTP Request: POST https://generativelanguage.googleapis.com/v1beta/models/text-embedding-004:batchEmbedContents "HTTP/1.1 200 OK"
2025-05-21 16:31:40,889 [INFO] HTTP Request: POST https://generativelanguage.googleapis.com/v1beta/models/text-embedding-004:batchEmbedContents "HTTP/1.1 200 OK"
2025-05-21 16:31:41,317 [INFO] HTTP Request: POST https://generativelanguage.googleapis.com/v1beta/models/text-embedding-004:batchEmbedContents "HTTP/1.1 200 OK"
2025-05-21 16:31:41,697 [INFO] HTTP Request: POST https://generativelanguage.googleapis.com/v1beta/models/text-embedding-004:batchEmbedContents "HTTP/1.1 200 OK"
2025-05-21 16:31:42,601 [INFO] HTTP Request: POST https://generativelanguage.googleapis.com/v1beta/models/text-embedding-004:batchEmbedContents "HTTP/1.1 200 OK"
2025-05-21 16:31:43,055 [INFO] HTTP Request: POST https://generativelanguage.googleapis.com/v1beta/models/text-embedding-004:batchEmbedContents "HTTP/1.1 200 OK"
2025-05-21 16:31:43,896 [INFO] HTTP Request: POST https://generativelanguage.googleapis.com/v1beta/models/text-embedding-004:batchEmbedContents "HTTP/1.1 200 OK"
2025-05-21 16:31:44,662 [INFO] HTTP Request: POST https://generativelanguage.googleapis.com/v1beta/models/text-embedding-004:batchEmbedContents "HTTP/1.1 200 OK"
2025-05-21 16:31:45,392 [INFO] HTTP Request: POST https://generativelanguage.googleapis.com/v1beta/models/text-embedding-004:batchEmbedContents "HTTP/1.1 200 OK"
2025-05-21 16:31:46,195 [INFO] HTTP Request: POST https://generativelanguage.googleapis.com/v1beta/models/text-embedding-004:batchEmbedContents "HTTP/1.1 200 OK"
2025-05-21 16:31:46,861 [INFO] HTTP Request: POST https://generativelanguage.googleapis.com/v1beta/models/text-embedding-004:batchEmbedContents "HTTP/1.1 200 OK"
2025-05-21 16:31:47,311 [INFO] HTTP Request: POST https://generativelanguage.googleapis.com/v1beta/models/text-embedding-004:batchEmbedContents "HTTP/1.1 200 OK"
2025-05-21 16:31:47,710 [INFO] HTTP Request: POST https://generativelanguage.googleapis.com/v1beta/models/text-embedding-004:batchEmbedContents "HTTP/1.1 200 OK"
2025-05-21 16:31:48,084 [INFO] HTTP Request: POST https://generativelanguage.googleapis.com/v1beta/models/text-embedding-004:batchEmbedContents "HTTP/1.1 200 OK"
2025-05-21 16:31:48,464 [INFO] HTTP Request: POST https://generativelanguage.googleapis.com/v1beta/models/text-embedding-004:batchEmbedContents "HTTP/1.1 200 OK"
2025-05-21 16:31:48,817 [INFO] HTTP Request: POST https://generativelanguage.googleapis.com/v1beta/models/text-embedding-004:batchEmbedContents "HTTP/1.1 200 OK"
2025-05-21 16:31:49,209 [INFO] HTTP Request: POST https://generativelanguage.googleapis.com/v1beta/models/text-embedding-004:batchEmbedContents "HTTP/1.1 200 OK"
2025-05-21 16:31:49,587 [INFO] HTTP Request: POST https://generativelanguage.googleapis.com/v1beta/models/text-embedding-004:batchEmbedContents "HTTP/1.1 200 OK"
2025-05-21 16:31:49,963 [INFO] HTTP Request: POST https://generativelanguage.googleapis.com/v1beta/models/text-embedding-004:batchEmbedContents "HTTP/1.1 200 OK"
2025-05-21 16:31:50,365 [INFO] HTTP Request: POST https://generativelanguage.googleapis.com/v1beta/models/text-embedding-004:batchEmbedContents "HTTP/1.1 200 OK"
2025-05-21 16:31:50,763 [INFO] HTTP Request: POST https://generativelanguage.googleapis.com/v1beta/models/text-embedding-004:batchEmbedContents "HTTP/1.1 200 OK"
2025-05-21 16:31:51,163 [INFO] HTTP Request: POST https://generativelanguage.googleapis.com/v1beta/models/text-embedding-004:batchEmbedContents "HTTP/1.1 200 OK"
2025-05-21 16:31:51,545 [INFO] HTTP Request: POST https://generativelanguage.googleapis.com/v1beta/models/text-embedding-004:batchEmbedContents "HTTP/1.1 200 OK"
2025-05-21 16:31:51,935 [INFO] HTTP Request: POST https://generativelanguage.googleapis.com/v1beta/models/text-embedding-004:batchEmbedContents "HTTP/1.1 200 OK"
2025-05-21 16:31:52,372 [INFO] HTTP Request: POST https://generativelanguage.googleapis.com/v1beta/models/text-embedding-004:batchEmbedContents "HTTP/1.1 200 OK"
2025-05-21 16:31:52,737 [INFO] HTTP Request: POST https://generativelanguage.googleapis.com/v1beta/models/text-embedding-004:batchEmbedContents "HTTP/1.1 200 OK"
2025-05-21 16:31:53,130 [INFO] HTTP Request: POST https://generativelanguage.googleapis.com/v1beta/models/text-embedding-004:batchEmbedContents "HTTP/1.1 200 OK"
2025-05-21 16:31:53,520 [INFO] HTTP Request: POST https://generativelanguage.googleapis.com/v1beta/models/text-embedding-004:batchEmbedContents "HTTP/1.1 200 OK"
2025-05-21 16:31:53,932 [INFO] HTTP Request: POST https://generativelanguage.googleapis.com/v1beta/models/text-embedding-004:batchEmbedContents "HTTP/1.1 200 OK"
2025-05-21 16:31:54,308 [INFO] HTTP Request: POST https://generativelanguage.googleapis.com/v1beta/models/text-embedding-004:batchEmbedContents "HTTP/1.1 200 OK"
2025-05-21 16:31:54,673 [INFO] HTTP Request: POST https://generativelanguage.googleapis.com/v1beta/models/text-embedding-004:batchEmbedContents "HTTP/1.1 200 OK"
2025-05-21 16:31:55,048 [INFO] HTTP Request: POST https://generativelanguage.googleapis.com/v1beta/models/text-embedding-004:batchEmbedContents "HTTP/1.1 200 OK"
2025-05-21 16:31:55,463 [INFO] HTTP Request: POST https://generativelanguage.googleapis.com/v1beta/models/text-embedding-004:batchEmbedContents "HTTP/1.1 200 OK"
2025-05-21 16:31:55,863 [INFO] HTTP Request: POST https://generativelanguage.googleapis.com/v1beta/models/text-embedding-004:batchEmbedContents "HTTP/1.1 200 OK"
2025-05-21 16:31:56,267 [INFO] HTTP Request: POST https://generativelanguage.googleapis.com/v1beta/models/text-embedding-004:batchEmbedContents "HTTP/1.1 200 OK"
2025-05-21 16:31:56,639 [INFO] HTTP Request: POST https://generativelanguage.googleapis.com/v1beta/models/text-embedding-004:batchEmbedContents "HTTP/1.1 200 OK"
2025-05-21 16:31:57,014 [INFO] HTTP Request: POST https://generativelanguage.googleapis.com/v1beta/models/text-embedding-004:batchEmbedContents "HTTP/1.1 200 OK"
2025-05-21 16:31:57,420 [INFO] HTTP Request: POST https://generativelanguage.googleapis.com/v1beta/models/text-embedding-004:batchEmbedContents "HTTP/1.1 200 OK"
2025-05-21 16:31:57,820 [INFO] HTTP Request: POST https://generativelanguage.googleapis.com/v1beta/models/text-embedding-004:batchEmbedContents "HTTP/1.1 200 OK"
2025-05-21 16:31:58,204 [INFO] HTTP Request: POST https://generativelanguage.googleapis.com/v1beta/models/text-embedding-004:batchEmbedContents "HTTP/1.1 200 OK"
2025-05-21 16:31:58,591 [INFO] HTTP Request: POST https://generativelanguage.googleapis.com/v1beta/models/text-embedding-004:batchEmbedContents "HTTP/1.1 200 OK"
2025-05-21 16:31:58,989 [INFO] HTTP Request: POST https://generativelanguage.googleapis.com/v1beta/models/text-embedding-004:batchEmbedContents "HTTP/1.1 200 OK"
2025-05-21 16:31:59,353 [INFO] HTTP Request: POST https://generativelanguage.googleapis.com/v1beta/models/text-embedding-004:batchEmbedContents "HTTP/1.1 200 OK"
2025-05-21 16:31:59,745 [INFO] HTTP Request: POST https://generativelanguage.googleapis.com/v1beta/models/text-embedding-004:batchEmbedContents "HTTP/1.1 200 OK"
2025-05-21 16:32:00,148 [INFO] HTTP Request: POST https://generativelanguage.googleapis.com/v1beta/models/text-embedding-004:batchEmbedContents "HTTP/1.1 200 OK"
2025-05-21 16:32:00,525 [INFO] HTTP Request: POST https://generativelanguage.googleapis.com/v1beta/models/text-embedding-004:batchEmbedContents "HTTP/1.1 200 OK"
2025-05-21 16:32:00,923 [INFO] HTTP Request: POST https://generativelanguage.googleapis.com/v1beta/models/text-embedding-004:batchEmbedContents "HTTP/1.1 200 OK"
2025-05-21 16:32:01,295 [INFO] HTTP Request: POST https://generativelanguage.googleapis.com/v1beta/models/text-embedding-004:batchEmbedContents "HTTP/1.1 200 OK"
2025-05-21 16:32:01,695 [INFO] HTTP Request: POST https://generativelanguage.googleapis.com/v1beta/models/text-embedding-004:batchEmbedContents "HTTP/1.1 200 OK"
2025-05-21 16:32:02,110 [INFO] HTTP Request: POST https://generativelanguage.googleapis.com/v1beta/models/text-embedding-004:batchEmbedContents "HTTP/1.1 200 OK"
2025-05-21 16:32:02,482 [INFO] HTTP Request: POST https://generativelanguage.googleapis.com/v1beta/models/text-embedding-004:batchEmbedContents "HTTP/1.1 200 OK"
2025-05-21 16:32:02,886 [INFO] HTTP Request: POST https://generativelanguage.googleapis.com/v1beta/models/text-embedding-004:batchEmbedContents "HTTP/1.1 200 OK"
2025-05-21 16:32:03,276 [INFO] HTTP Request: POST https://generativelanguage.googleapis.com/v1beta/models/text-embedding-004:batchEmbedContents "HTTP/1.1 200 OK"
2025-05-21 16:32:03,639 [INFO] HTTP Request: POST https://generativelanguage.googleapis.com/v1beta/models/text-embedding-004:batchEmbedContents "HTTP/1.1 200 OK"
2025-05-21 16:32:04,034 [INFO] HTTP Request: POST https://generativelanguage.googleapis.com/v1beta/models/text-embedding-004:batchEmbedContents "HTTP/1.1 200 OK"
2025-05-21 16:32:04,466 [INFO] HTTP Request: POST https://generativelanguage.googleapis.com/v1beta/models/text-embedding-004:batchEmbedContents "HTTP/1.1 200 OK"
2025-05-21 16:32:05,609 [INFO] HTTP Request: POST https://generativelanguage.googleapis.com/v1beta/models/text-embedding-004:batchEmbedContents "HTTP/1.1 200 OK"
2025-05-21 16:32:06,085 [INFO] HTTP Request: POST https://generativelanguage.googleapis.com/v1beta/models/text-embedding-004:batchEmbedContents "HTTP/1.1 200 OK"
2025-05-21 16:32:06,543 [INFO] HTTP Request: POST https://generativelanguage.googleapis.com/v1beta/models/text-embedding-004:batchEmbedContents "HTTP/1.1 200 OK"
2025-05-21 16:32:06,936 [INFO] HTTP Request: POST https://generativelanguage.googleapis.com/v1beta/models/text-embedding-004:batchEmbedContents "HTTP/1.1 200 OK"
2025-05-21 16:32:07,445 [INFO] HTTP Request: POST https://generativelanguage.googleapis.com/v1beta/models/text-embedding-004:batchEmbedContents "HTTP/1.1 200 OK"
2025-05-21 16:32:07,951 [INFO] HTTP Request: POST https://generativelanguage.googleapis.com/v1beta/models/text-embedding-004:batchEmbedContents "HTTP/1.1 200 OK"
2025-05-21 16:32:08,327 [INFO] HTTP Request: POST https://generativelanguage.googleapis.com/v1beta/models/text-embedding-004:batchEmbedContents "HTTP/1.1 200 OK"
2025-05-21 16:32:08,713 [INFO] HTTP Request: POST https://generativelanguage.googleapis.com/v1beta/models/text-embedding-004:batchEmbedContents "HTTP/1.1 200 OK"
2025-05-21 16:32:09,112 [INFO] HTTP Request: POST https://generativelanguage.googleapis.com/v1beta/models/text-embedding-004:batchEmbedContents "HTTP/1.1 200 OK"
2025-05-21 16:32:09,530 [INFO] HTTP Request: POST https://generativelanguage.googleapis.com/v1beta/models/text-embedding-004:batchEmbedContents "HTTP/1.1 200 OK"
2025-05-21 16:32:09,934 [INFO] HTTP Request: POST https://generativelanguage.googleapis.com/v1beta/models/text-embedding-004:batchEmbedContents "HTTP/1.1 200 OK"
2025-05-21 16:32:10,333 [INFO] HTTP Request: POST https://generativelanguage.googleapis.com/v1beta/models/text-embedding-004:batchEmbedContents "HTTP/1.1 200 OK"
2025-05-21 16:32:10,726 [INFO] HTTP Request: POST https://generativelanguage.googleapis.com/v1beta/models/text-embedding-004:batchEmbedContents "HTTP/1.1 200 OK"
2025-05-21 16:32:11,118 [INFO] HTTP Request: POST https://generativelanguage.googleapis.com/v1beta/models/text-embedding-004:batchEmbedContents "HTTP/1.1 200 OK"
2025-05-21 16:32:11,504 [INFO] HTTP Request: POST https://generativelanguage.googleapis.com/v1beta/models/text-embedding-004:batchEmbedContents "HTTP/1.1 200 OK"
2025-05-21 16:32:11,947 [INFO] HTTP Request: POST https://generativelanguage.googleapis.com/v1beta/models/text-embedding-004:batchEmbedContents "HTTP/1.1 200 OK"
2025-05-21 16:32:12,327 [INFO] HTTP Request: POST https://generativelanguage.googleapis.com/v1beta/models/text-embedding-004:batchEmbedContents "HTTP/1.1 200 OK"
2025-05-21 16:32:12,734 [INFO] HTTP Request: POST https://generativelanguage.googleapis.com/v1beta/models/text-embedding-004:batchEmbedContents "HTTP/1.1 200 OK"
2025-05-21 16:32:13,108 [INFO] HTTP Request: POST https://generativelanguage.googleapis.com/v1beta/models/text-embedding-004:batchEmbedContents "HTTP/1.1 200 OK"
2025-05-21 16:32:13,477 [INFO] HTTP Request: POST https://generativelanguage.googleapis.com/v1beta/models/text-embedding-004:batchEmbedContents "HTTP/1.1 200 OK"
2025-05-21 16:32:13,850 [INFO] HTTP Request: POST https://generativelanguage.googleapis.com/v1beta/models/text-embedding-004:batchEmbedContents "HTTP/1.1 200 OK"
2025-05-21 16:32:14,227 [INFO] HTTP Request: POST https://generativelanguage.googleapis.com/v1beta/models/text-embedding-004:batchEmbedContents "HTTP/1.1 200 OK"
2025-05-21 16:32:14,600 [INFO] HTTP Request: POST https://generativelanguage.googleapis.com/v1beta/models/text-embedding-004:batchEmbedContents "HTTP/1.1 200 OK"
2025-05-21 16:32:14,973 [INFO] HTTP Request: POST https://generativelanguage.googleapis.com/v1beta/models/text-embedding-004:batchEmbedContents "HTTP/1.1 200 OK"
2025-05-21 16:32:15,363 [INFO] HTTP Request: POST https://generativelanguage.googleapis.com/v1beta/models/text-embedding-004:batchEmbedContents "HTTP/1.1 200 OK"
2025-05-21 16:32:15,751 [INFO] HTTP Request: POST https://generativelanguage.googleapis.com/v1beta/models/text-embedding-004:batchEmbedContents "HTTP/1.1 200 OK"
2025-05-21 16:32:16,161 [INFO] HTTP Request: POST https://generativelanguage.googleapis.com/v1beta/models/text-embedding-004:batchEmbedContents "HTTP/1.1 200 OK"
2025-05-21 16:32:16,529 [INFO] HTTP Request: POST https://generativelanguage.googleapis.com/v1beta/models/text-embedding-004:batchEmbedContents "HTTP/1.1 200 OK"
2025-05-21 16:32:16,934 [INFO] HTTP Request: POST https://generativelanguage.googleapis.com/v1beta/models/text-embedding-004:batchEmbedContents "HTTP/1.1 200 OK"
2025-05-21 16:32:17,341 [INFO] HTTP Request: POST https://generativelanguage.googleapis.com/v1beta/models/text-embedding-004:batchEmbedContents "HTTP/1.1 200 OK"
2025-05-21 16:32:17,708 [INFO] HTTP Request: POST https://generativelanguage.googleapis.com/v1beta/models/text-embedding-004:batchEmbedContents "HTTP/1.1 200 OK"
2025-05-21 16:32:18,094 [INFO] HTTP Request: POST https://generativelanguage.googleapis.com/v1beta/models/text-embedding-004:batchEmbedContents "HTTP/1.1 200 OK"
2025-05-21 16:32:18,463 [INFO] HTTP Request: POST https://generativelanguage.googleapis.com/v1beta/models/text-embedding-004:batchEmbedContents "HTTP/1.1 200 OK"
2025-05-21 16:32:18,858 [INFO] HTTP Request: POST https://generativelanguage.googleapis.com/v1beta/models/text-embedding-004:batchEmbedContents "HTTP/1.1 200 OK"
2025-05-21 16:32:19,276 [INFO] HTTP Request: POST https://generativelanguage.googleapis.com/v1beta/models/text-embedding-004:batchEmbedContents "HTTP/1.1 200 OK"
2025-05-21 16:32:19,676 [INFO] HTTP Request: POST https://generativelanguage.googleapis.com/v1beta/models/text-embedding-004:batchEmbedContents "HTTP/1.1 200 OK"
2025-05-21 16:32:20,065 [INFO] HTTP Request: POST https://generativelanguage.googleapis.com/v1beta/models/text-embedding-004:batchEmbedContents "HTTP/1.1 200 OK"
2025-05-21 16:32:20,460 [INFO] HTTP Request: POST https://generativelanguage.googleapis.com/v1beta/models/text-embedding-004:batchEmbedContents "HTTP/1.1 200 OK"
2025-05-21 16:32:20,861 [INFO] HTTP Request: POST https://generativelanguage.googleapis.com/v1beta/models/text-embedding-004:batchEmbedContents "HTTP/1.1 200 OK"
2025-05-21 16:32:21,258 [INFO] HTTP Request: POST https://generativelanguage.googleapis.com/v1beta/models/text-embedding-004:batchEmbedContents "HTTP/1.1 200 OK"
2025-05-21 16:32:21,676 [INFO] HTTP Request: POST https://generativelanguage.googleapis.com/v1beta/models/text-embedding-004:batchEmbedContents "HTTP/1.1 200 OK"
2025-05-21 16:32:22,042 [INFO] HTTP Request: POST https://generativelanguage.googleapis.com/v1beta/models/text-embedding-004:batchEmbedContents "HTTP/1.1 200 OK"
2025-05-21 16:32:22,461 [INFO] HTTP Request: POST https://generativelanguage.googleapis.com/v1beta/models/text-embedding-004:batchEmbedContents "HTTP/1.1 200 OK"
2025-05-21 16:32:22,858 [INFO] HTTP Request: POST https://generativelanguage.googleapis.com/v1beta/models/text-embedding-004:batchEmbedContents "HTTP/1.1 200 OK"
2025-05-21 16:32:23,241 [INFO] HTTP Request: POST https://generativelanguage.googleapis.com/v1beta/models/text-embedding-004:batchEmbedContents "HTTP/1.1 200 OK"
2025-05-21 16:32:50,046 [INFO] HTTP Request: POST https://generativelanguage.googleapis.com/v1beta/models/text-embedding-004:batchEmbedContents "HTTP/1.1 200 OK"
2025-05-21 16:32:50,433 [INFO] HTTP Request: POST https://generativelanguage.googleapis.com/v1beta/models/text-embedding-004:batchEmbedContents "HTTP/1.1 200 OK"
2025-05-21 16:32:50,837 [INFO] HTTP Request: POST https://generativelanguage.googleapis.com/v1beta/models/text-embedding-004:batchEmbedContents "HTTP/1.1 200 OK"
2025-05-21 16:32:51,360 [INFO] HTTP Request: POST https://generativelanguage.googleapis.com/v1beta/models/text-embedding-004:batchEmbedContents "HTTP/1.1 200 OK"
2025-05-21 16:32:51,788 [INFO] HTTP Request: POST https://generativelanguage.googleapis.com/v1beta/models/text-embedding-004:batchEmbedContents "HTTP/1.1 200 OK"
2025-05-21 16:32:52,258 [INFO] HTTP Request: POST https://generativelanguage.googleapis.com/v1beta/models/text-embedding-004:batchEmbedContents "HTTP/1.1 200 OK"
2025-05-21 16:32:53,241 [INFO] HTTP Request: POST https://generativelanguage.googleapis.com/v1beta/models/text-embedding-004:batchEmbedContents "HTTP/1.1 200 OK"
2025-05-21 16:32:53,712 [INFO] HTTP Request: POST https://generativelanguage.googleapis.com/v1beta/models/text-embedding-004:batchEmbedContents "HTTP/1.1 200 OK"
2025-05-21 16:32:54,208 [INFO] HTTP Request: POST https://generativelanguage.googleapis.com/v1beta/models/text-embedding-004:batchEmbedContents "HTTP/1.1 200 OK"
2025-05-21 16:32:54,647 [INFO] HTTP Request: POST https://generativelanguage.googleapis.com/v1beta/models/text-embedding-004:batchEmbedContents "HTTP/1.1 200 OK"
2025-05-21 16:32:55,043 [INFO] HTTP Request: POST https://generativelanguage.googleapis.com/v1beta/models/text-embedding-004:batchEmbedContents "HTTP/1.1 200 OK"
2025-05-21 16:32:55,440 [INFO] HTTP Request: POST https://generativelanguage.googleapis.com/v1beta/models/text-embedding-004:batchEmbedContents "HTTP/1.1 200 OK"
2025-05-21 16:32:55,853 [INFO] HTTP Request: POST https://generativelanguage.googleapis.com/v1beta/models/text-embedding-004:batchEmbedContents "HTTP/1.1 200 OK"
2025-05-21 16:32:56,209 [INFO] HTTP Request: POST https://generativelanguage.googleapis.com/v1beta/models/text-embedding-004:batchEmbedContents "HTTP/1.1 200 OK"
2025-05-21 16:32:56,603 [INFO] HTTP Request: POST https://generativelanguage.googleapis.com/v1beta/models/text-embedding-004:batchEmbedContents "HTTP/1.1 200 OK"
2025-05-21 16:32:56,981 [INFO] HTTP Request: POST https://generativelanguage.googleapis.com/v1beta/models/text-embedding-004:batchEmbedContents "HTTP/1.1 200 OK"
2025-05-21 16:32:57,363 [INFO] HTTP Request: POST https://generativelanguage.googleapis.com/v1beta/models/text-embedding-004:batchEmbedContents "HTTP/1.1 200 OK"
2025-05-21 16:32:57,727 [INFO] HTTP Request: POST https://generativelanguage.googleapis.com/v1beta/models/text-embedding-004:batchEmbedContents "HTTP/1.1 200 OK"
2025-05-21 16:32:58,118 [INFO] HTTP Request: POST https://generativelanguage.googleapis.com/v1beta/models/text-embedding-004:batchEmbedContents "HTTP/1.1 200 OK"
2025-05-21 16:32:58,487 [INFO] HTTP Request: POST https://generativelanguage.googleapis.com/v1beta/models/text-embedding-004:batchEmbedContents "HTTP/1.1 200 OK"
2025-05-21 16:32:58,892 [INFO] HTTP Request: POST https://generativelanguage.googleapis.com/v1beta/models/text-embedding-004:batchEmbedContents "HTTP/1.1 200 OK"
2025-05-21 16:32:59,264 [INFO] HTTP Request: POST https://generativelanguage.googleapis.com/v1beta/models/text-embedding-004:batchEmbedContents "HTTP/1.1 200 OK"
2025-05-21 16:32:59,653 [INFO] HTTP Request: POST https://generativelanguage.googleapis.com/v1beta/models/text-embedding-004:batchEmbedContents "HTTP/1.1 200 OK"
2025-05-21 16:33:00,056 [INFO] HTTP Request: POST https://generativelanguage.googleapis.com/v1beta/models/text-embedding-004:batchEmbedContents "HTTP/1.1 200 OK"
2025-05-21 16:33:00,425 [INFO] HTTP Request: POST https://generativelanguage.googleapis.com/v1beta/models/text-embedding-004:batchEmbedContents "HTTP/1.1 200 OK"
2025-05-21 16:33:00,814 [INFO] HTTP Request: POST https://generativelanguage.googleapis.com/v1beta/models/text-embedding-004:batchEmbedContents "HTTP/1.1 200 OK"
2025-05-21 16:33:01,196 [INFO] HTTP Request: POST https://generativelanguage.googleapis.com/v1beta/models/text-embedding-004:batchEmbedContents "HTTP/1.1 200 OK"
2025-05-21 16:33:01,595 [INFO] HTTP Request: POST https://generativelanguage.googleapis.com/v1beta/models/text-embedding-004:batchEmbedContents "HTTP/1.1 200 OK"
2025-05-21 16:33:01,957 [INFO] HTTP Request: POST https://generativelanguage.googleapis.com/v1beta/models/text-embedding-004:batchEmbedContents "HTTP/1.1 200 OK"
2025-05-21 16:33:02,324 [INFO] HTTP Request: POST https://generativelanguage.googleapis.com/v1beta/models/text-embedding-004:batchEmbedContents "HTTP/1.1 200 OK"
2025-05-21 16:33:02,739 [INFO] HTTP Request: POST https://generativelanguage.googleapis.com/v1beta/models/text-embedding-004:batchEmbedContents "HTTP/1.1 200 OK"
2025-05-21 16:33:03,162 [INFO] HTTP Request: POST https://generativelanguage.googleapis.com/v1beta/models/text-embedding-004:batchEmbedContents "HTTP/1.1 200 OK"
2025-05-21 16:33:03,563 [INFO] HTTP Request: POST https://generativelanguage.googleapis.com/v1beta/models/text-embedding-004:batchEmbedContents "HTTP/1.1 200 OK"
2025-05-21 16:33:03,969 [INFO] HTTP Request: POST https://generativelanguage.googleapis.com/v1beta/models/text-embedding-004:batchEmbedContents "HTTP/1.1 200 OK"
2025-05-21 16:33:04,351 [INFO] HTTP Request: POST https://generativelanguage.googleapis.com/v1beta/models/text-embedding-004:batchEmbedContents "HTTP/1.1 200 OK"
2025-05-21 16:33:04,726 [INFO] HTTP Request: POST https://generativelanguage.googleapis.com/v1beta/models/text-embedding-004:batchEmbedContents "HTTP/1.1 200 OK"
2025-05-21 16:33:05,112 [INFO] HTTP Request: POST https://generativelanguage.googleapis.com/v1beta/models/text-embedding-004:batchEmbedContents "HTTP/1.1 200 OK"
2025-05-21 16:33:05,502 [INFO] HTTP Request: POST https://generativelanguage.googleapis.com/v1beta/models/text-embedding-004:batchEmbedContents "HTTP/1.1 200 OK"
2025-05-21 16:33:05,897 [INFO] HTTP Request: POST https://generativelanguage.googleapis.com/v1beta/models/text-embedding-004:batchEmbedContents "HTTP/1.1 200 OK"
2025-05-21 16:33:06,298 [INFO] HTTP Request: POST https://generativelanguage.googleapis.com/v1beta/models/text-embedding-004:batchEmbedContents "HTTP/1.1 200 OK"
2025-05-21 16:33:06,713 [INFO] HTTP Request: POST https://generativelanguage.googleapis.com/v1beta/models/text-embedding-004:batchEmbedContents "HTTP/1.1 200 OK"
2025-05-21 16:33:07,100 [INFO] HTTP Request: POST https://generativelanguage.googleapis.com/v1beta/models/text-embedding-004:batchEmbedContents "HTTP/1.1 200 OK"
2025-05-21 16:33:07,472 [INFO] HTTP Request: POST https://generativelanguage.googleapis.com/v1beta/models/text-embedding-004:batchEmbedContents "HTTP/1.1 200 OK"
2025-05-21 16:33:07,844 [INFO] HTTP Request: POST https://generativelanguage.googleapis.com/v1beta/models/text-embedding-004:batchEmbedContents "HTTP/1.1 200 OK"
2025-05-21 16:33:08,262 [INFO] HTTP Request: POST https://generativelanguage.googleapis.com/v1beta/models/text-embedding-004:batchEmbedContents "HTTP/1.1 200 OK"
2025-05-21 16:33:08,654 [INFO] HTTP Request: POST https://generativelanguage.googleapis.com/v1beta/models/text-embedding-004:batchEmbedContents "HTTP/1.1 200 OK"
2025-05-21 16:33:09,119 [INFO] HTTP Request: POST https://generativelanguage.googleapis.com/v1beta/models/text-embedding-004:batchEmbedContents "HTTP/1.1 200 OK"
2025-05-21 16:33:09,617 [INFO] HTTP Request: POST https://generativelanguage.googleapis.com/v1beta/models/text-embedding-004:batchEmbedContents "HTTP/1.1 200 OK"
2025-05-21 16:33:10,001 [INFO] HTTP Request: POST https://generativelanguage.googleapis.com/v1beta/models/text-embedding-004:batchEmbedContents "HTTP/1.1 200 OK"
2025-05-21 16:33:10,528 [INFO] HTTP Request: POST https://generativelanguage.googleapis.com/v1beta/models/text-embedding-004:batchEmbedContents "HTTP/1.1 200 OK"
2025-05-21 16:33:11,027 [INFO] HTTP Request: POST https://generativelanguage.googleapis.com/v1beta/models/text-embedding-004:batchEmbedContents "HTTP/1.1 200 OK"
2025-05-21 16:33:11,630 [INFO] HTTP Request: POST https://generativelanguage.googleapis.com/v1beta/models/text-embedding-004:batchEmbedContents "HTTP/1.1 200 OK"
2025-05-21 16:33:12,092 [INFO] HTTP Request: POST https://generativelanguage.googleapis.com/v1beta/models/text-embedding-004:batchEmbedContents "HTTP/1.1 200 OK"
2025-05-21 16:33:12,487 [INFO] HTTP Request: POST https://generativelanguage.googleapis.com/v1beta/models/text-embedding-004:batchEmbedContents "HTTP/1.1 200 OK"
2025-05-21 16:33:12,917 [INFO] HTTP Request: POST https://generativelanguage.googleapis.com/v1beta/models/text-embedding-004:batchEmbedContents "HTTP/1.1 200 OK"
2025-05-21 16:33:13,300 [INFO] HTTP Request: POST https://generativelanguage.googleapis.com/v1beta/models/text-embedding-004:batchEmbedContents "HTTP/1.1 200 OK"
2025-05-21 16:33:13,718 [INFO] HTTP Request: POST https://generativelanguage.googleapis.com/v1beta/models/text-embedding-004:batchEmbedContents "HTTP/1.1 200 OK"
2025-05-21 16:33:14,151 [INFO] HTTP Request: POST https://generativelanguage.googleapis.com/v1beta/models/text-embedding-004:batchEmbedContents "HTTP/1.1 200 OK"
2025-05-21 16:33:14,549 [INFO] HTTP Request: POST https://generativelanguage.googleapis.com/v1beta/models/text-embedding-004:batchEmbedContents "HTTP/1.1 200 OK"
2025-05-21 16:33:14,945 [INFO] HTTP Request: POST https://generativelanguage.googleapis.com/v1beta/models/text-embedding-004:batchEmbedContents "HTTP/1.1 200 OK"
2025-05-21 16:33:15,311 [INFO] HTTP Request: POST https://generativelanguage.googleapis.com/v1beta/models/text-embedding-004:batchEmbedContents "HTTP/1.1 200 OK"
2025-05-21 16:33:15,711 [INFO] HTTP Request: POST https://generativelanguage.googleapis.com/v1beta/models/text-embedding-004:batchEmbedContents "HTTP/1.1 200 OK"
2025-05-21 16:33:16,099 [INFO] HTTP Request: POST https://generativelanguage.googleapis.com/v1beta/models/text-embedding-004:batchEmbedContents "HTTP/1.1 200 OK"
2025-05-21 16:33:16,472 [INFO] HTTP Request: POST https://generativelanguage.googleapis.com/v1beta/models/text-embedding-004:batchEmbedContents "HTTP/1.1 200 OK"
2025-05-21 16:33:16,857 [INFO] HTTP Request: POST https://generativelanguage.googleapis.com/v1beta/models/text-embedding-004:batchEmbedContents "HTTP/1.1 200 OK"
2025-05-21 16:33:17,264 [INFO] HTTP Request: POST https://generativelanguage.googleapis.com/v1beta/models/text-embedding-004:batchEmbedContents "HTTP/1.1 200 OK"
2025-05-21 16:33:17,666 [INFO] HTTP Request: POST https://generativelanguage.googleapis.com/v1beta/models/text-embedding-004:batchEmbedContents "HTTP/1.1 200 OK"
2025-05-21 16:33:18,061 [INFO] HTTP Request: POST https://generativelanguage.googleapis.com/v1beta/models/text-embedding-004:batchEmbedContents "HTTP/1.1 200 OK"
2025-05-21 16:33:18,458 [INFO] HTTP Request: POST https://generativelanguage.googleapis.com/v1beta/models/text-embedding-004:batchEmbedContents "HTTP/1.1 200 OK"
2025-05-21 16:33:18,848 [INFO] HTTP Request: POST https://generativelanguage.googleapis.com/v1beta/models/text-embedding-004:batchEmbedContents "HTTP/1.1 200 OK"
2025-05-21 16:33:19,225 [INFO] HTTP Request: POST https://generativelanguage.googleapis.com/v1beta/models/text-embedding-004:batchEmbedContents "HTTP/1.1 200 OK"
2025-05-21 16:33:19,623 [INFO] HTTP Request: POST https://generativelanguage.googleapis.com/v1beta/models/text-embedding-004:batchEmbedContents "HTTP/1.1 200 OK"
2025-05-21 16:33:20,016 [INFO] HTTP Request: POST https://generativelanguage.googleapis.com/v1beta/models/text-embedding-004:batchEmbedContents "HTTP/1.1 200 OK"
2025-05-21 16:33:20,400 [INFO] HTTP Request: POST https://generativelanguage.googleapis.com/v1beta/models/text-embedding-004:batchEmbedContents "HTTP/1.1 200 OK"
2025-05-21 16:33:20,809 [INFO] HTTP Request: POST https://generativelanguage.googleapis.com/v1beta/models/text-embedding-004:batchEmbedContents "HTTP/1.1 200 OK"
2025-05-21 16:33:21,176 [INFO] HTTP Request: POST https://generativelanguage.googleapis.com/v1beta/models/text-embedding-004:batchEmbedContents "HTTP/1.1 200 OK"
2025-05-21 16:33:21,551 [INFO] HTTP Request: POST https://generativelanguage.googleapis.com/v1beta/models/text-embedding-004:batchEmbedContents "HTTP/1.1 200 OK"
2025-05-21 16:33:21,930 [INFO] HTTP Request: POST https://generativelanguage.googleapis.com/v1beta/models/text-embedding-004:batchEmbedContents "HTTP/1.1 200 OK"
2025-05-21 16:33:22,325 [INFO] HTTP Request: POST https://generativelanguage.googleapis.com/v1beta/models/text-embedding-004:batchEmbedContents "HTTP/1.1 200 OK"
2025-05-21 16:33:22,712 [INFO] HTTP Request: POST https://generativelanguage.googleapis.com/v1beta/models/text-embedding-004:batchEmbedContents "HTTP/1.1 200 OK"
2025-05-21 16:33:23,115 [INFO] HTTP Request: POST https://generativelanguage.googleapis.com/v1beta/models/text-embedding-004:batchEmbedContents "HTTP/1.1 200 OK"
2025-05-21 16:33:23,501 [INFO] HTTP Request: POST https://generativelanguage.googleapis.com/v1beta/models/text-embedding-004:batchEmbedContents "HTTP/1.1 200 OK"
2025-05-21 16:33:23,896 [INFO] HTTP Request: POST https://generativelanguage.googleapis.com/v1beta/models/text-embedding-004:batchEmbedContents "HTTP/1.1 200 OK"
2025-05-21 16:33:24,288 [INFO] HTTP Request: POST https://generativelanguage.googleapis.com/v1beta/models/text-embedding-004:batchEmbedContents "HTTP/1.1 200 OK"
2025-05-21 16:33:24,673 [INFO] HTTP Request: POST https://generativelanguage.googleapis.com/v1beta/models/text-embedding-004:batchEmbedContents "HTTP/1.1 200 OK"
2025-05-21 16:33:25,048 [INFO] HTTP Request: POST https://generativelanguage.googleapis.com/v1beta/models/text-embedding-004:batchEmbedContents "HTTP/1.1 200 OK"
2025-05-21 16:33:25,540 [INFO] HTTP Request: POST https://generativelanguage.googleapis.com/v1beta/models/text-embedding-004:batchEmbedContents "HTTP/1.1 200 OK"
2025-05-21 16:33:25,911 [INFO] HTTP Request: POST https://generativelanguage.googleapis.com/v1beta/models/text-embedding-004:batchEmbedContents "HTTP/1.1 200 OK"
2025-05-21 16:33:26,300 [INFO] HTTP Request: POST https://generativelanguage.googleapis.com/v1beta/models/text-embedding-004:batchEmbedContents "HTTP/1.1 200 OK"
2025-05-21 16:33:26,681 [INFO] HTTP Request: POST https://generativelanguage.googleapis.com/v1beta/models/text-embedding-004:batchEmbedContents "HTTP/1.1 200 OK"
2025-05-21 16:33:27,088 [INFO] HTTP Request: POST https://generativelanguage.googleapis.com/v1beta/models/text-embedding-004:batchEmbedContents "HTTP/1.1 200 OK"
2025-05-21 16:33:27,501 [INFO] HTTP Request: POST https://generativelanguage.googleapis.com/v1beta/models/text-embedding-004:batchEmbedContents "HTTP/1.1 200 OK"
2025-05-21 16:33:27,907 [INFO] HTTP Request: POST https://generativelanguage.googleapis.com/v1beta/models/text-embedding-004:batchEmbedContents "HTTP/1.1 200 OK"
2025-05-21 16:33:28,282 [INFO] HTTP Request: POST https://generativelanguage.googleapis.com/v1beta/models/text-embedding-004:batchEmbedContents "HTTP/1.1 200 OK"
2025-05-21 16:33:28,683 [INFO] HTTP Request: POST https://generativelanguage.googleapis.com/v1beta/models/text-embedding-004:batchEmbedContents "HTTP/1.1 200 OK"
2025-05-21 16:33:29,053 [INFO] HTTP Request: POST https://generativelanguage.googleapis.com/v1beta/models/text-embedding-004:batchEmbedContents "HTTP/1.1 200 OK"
2025-05-21 16:33:29,442 [INFO] HTTP Request: POST https://generativelanguage.googleapis.com/v1beta/models/text-embedding-004:batchEmbedContents "HTTP/1.1 200 OK"
2025-05-21 16:33:29,846 [INFO] HTTP Request: POST https://generativelanguage.googleapis.com/v1beta/models/text-embedding-004:batchEmbedContents "HTTP/1.1 200 OK"
2025-05-21 16:33:30,250 [INFO] HTTP Request: POST https://generativelanguage.googleapis.com/v1beta/models/text-embedding-004:batchEmbedContents "HTTP/1.1 200 OK"
2025-05-21 16:33:30,658 [INFO] HTTP Request: POST https://generativelanguage.googleapis.com/v1beta/models/text-embedding-004:batchEmbedContents "HTTP/1.1 200 OK"
2025-05-21 16:33:56,758 [INFO] HTTP Request: POST https://generativelanguage.googleapis.com/v1beta/models/text-embedding-004:batchEmbedContents "HTTP/1.1 200 OK"
2025-05-21 16:33:57,117 [INFO] HTTP Request: POST https://generativelanguage.googleapis.com/v1beta/models/text-embedding-004:batchEmbedContents "HTTP/1.1 200 OK"
2025-05-21 16:33:57,542 [INFO] HTTP Request: POST https://generativelanguage.googleapis.com/v1beta/models/text-embedding-004:batchEmbedContents "HTTP/1.1 200 OK"
2025-05-21 16:33:57,938 [INFO] HTTP Request: POST https://generativelanguage.googleapis.com/v1beta/models/text-embedding-004:batchEmbedContents "HTTP/1.1 200 OK"
2025-05-21 16:33:58,313 [INFO] HTTP Request: POST https://generativelanguage.googleapis.com/v1beta/models/text-embedding-004:batchEmbedContents "HTTP/1.1 200 OK"
2025-05-21 16:33:58,725 [INFO] HTTP Request: POST https://generativelanguage.googleapis.com/v1beta/models/text-embedding-004:batchEmbedContents "HTTP/1.1 200 OK"
2025-05-21 16:33:59,118 [INFO] HTTP Request: POST https://generativelanguage.googleapis.com/v1beta/models/text-embedding-004:batchEmbedContents "HTTP/1.1 200 OK"
2025-05-21 16:33:59,509 [INFO] HTTP Request: POST https://generativelanguage.googleapis.com/v1beta/models/text-embedding-004:batchEmbedContents "HTTP/1.1 200 OK"
2025-05-21 16:33:59,878 [INFO] HTTP Request: POST https://generativelanguage.googleapis.com/v1beta/models/text-embedding-004:batchEmbedContents "HTTP/1.1 200 OK"
2025-05-21 16:34:00,285 [INFO] HTTP Request: POST https://generativelanguage.googleapis.com/v1beta/models/text-embedding-004:batchEmbedContents "HTTP/1.1 200 OK"
2025-05-21 16:34:00,695 [INFO] HTTP Request: POST https://generativelanguage.googleapis.com/v1beta/models/text-embedding-004:batchEmbedContents "HTTP/1.1 200 OK"
2025-05-21 16:34:01,084 [INFO] HTTP Request: POST https://generativelanguage.googleapis.com/v1beta/models/text-embedding-004:batchEmbedContents "HTTP/1.1 200 OK"
2025-05-21 16:34:01,449 [INFO] HTTP Request: POST https://generativelanguage.googleapis.com/v1beta/models/text-embedding-004:batchEmbedContents "HTTP/1.1 200 OK"
2025-05-21 16:34:01,825 [INFO] HTTP Request: POST https://generativelanguage.googleapis.com/v1beta/models/text-embedding-004:batchEmbedContents "HTTP/1.1 200 OK"
2025-05-21 16:34:02,185 [INFO] HTTP Request: POST https://generativelanguage.googleapis.com/v1beta/models/text-embedding-004:batchEmbedContents "HTTP/1.1 200 OK"
2025-05-21 16:34:02,577 [INFO] HTTP Request: POST https://generativelanguage.googleapis.com/v1beta/models/text-embedding-004:batchEmbedContents "HTTP/1.1 200 OK"
2025-05-21 16:34:02,948 [INFO] HTTP Request: POST https://generativelanguage.googleapis.com/v1beta/models/text-embedding-004:batchEmbedContents "HTTP/1.1 200 OK"
2025-05-21 16:34:03,330 [INFO] HTTP Request: POST https://generativelanguage.googleapis.com/v1beta/models/text-embedding-004:batchEmbedContents "HTTP/1.1 200 OK"
2025-05-21 16:34:03,697 [INFO] HTTP Request: POST https://generativelanguage.googleapis.com/v1beta/models/text-embedding-004:batchEmbedContents "HTTP/1.1 200 OK"
2025-05-21 16:34:04,127 [INFO] HTTP Request: POST https://generativelanguage.googleapis.com/v1beta/models/text-embedding-004:batchEmbedContents "HTTP/1.1 200 OK"
2025-05-21 16:34:04,524 [INFO] HTTP Request: POST https://generativelanguage.googleapis.com/v1beta/models/text-embedding-004:batchEmbedContents "HTTP/1.1 200 OK"
2025-05-21 16:34:04,982 [INFO] HTTP Request: POST https://generativelanguage.googleapis.com/v1beta/models/text-embedding-004:batchEmbedContents "HTTP/1.1 200 OK"
2025-05-21 16:34:05,375 [INFO] HTTP Request: POST https://generativelanguage.googleapis.com/v1beta/models/text-embedding-004:batchEmbedContents "HTTP/1.1 200 OK"
2025-05-21 16:34:05,776 [INFO] HTTP Request: POST https://generativelanguage.googleapis.com/v1beta/models/text-embedding-004:batchEmbedContents "HTTP/1.1 200 OK"
2025-05-21 16:34:06,167 [INFO] HTTP Request: POST https://generativelanguage.googleapis.com/v1beta/models/text-embedding-004:batchEmbedContents "HTTP/1.1 200 OK"
2025-05-21 16:34:06,537 [INFO] HTTP Request: POST https://generativelanguage.googleapis.com/v1beta/models/text-embedding-004:batchEmbedContents "HTTP/1.1 200 OK"
2025-05-21 16:34:06,918 [INFO] HTTP Request: POST https://generativelanguage.googleapis.com/v1beta/models/text-embedding-004:batchEmbedContents "HTTP/1.1 200 OK"
2025-05-21 16:34:07,295 [INFO] HTTP Request: POST https://generativelanguage.googleapis.com/v1beta/models/text-embedding-004:batchEmbedContents "HTTP/1.1 200 OK"
2025-05-21 16:34:07,685 [INFO] HTTP Request: POST https://generativelanguage.googleapis.com/v1beta/models/text-embedding-004:batchEmbedContents "HTTP/1.1 200 OK"
2025-05-21 16:34:08,105 [INFO] HTTP Request: POST https://generativelanguage.googleapis.com/v1beta/models/text-embedding-004:batchEmbedContents "HTTP/1.1 200 OK"
2025-05-21 16:34:08,502 [INFO] HTTP Request: POST https://generativelanguage.googleapis.com/v1beta/models/text-embedding-004:batchEmbedContents "HTTP/1.1 200 OK"
2025-05-21 16:34:08,883 [INFO] HTTP Request: POST https://generativelanguage.googleapis.com/v1beta/models/text-embedding-004:batchEmbedContents "HTTP/1.1 200 OK"
2025-05-21 16:34:09,325 [INFO] HTTP Request: POST https://generativelanguage.googleapis.com/v1beta/models/text-embedding-004:batchEmbedContents "HTTP/1.1 200 OK"
2025-05-21 16:34:09,686 [INFO] HTTP Request: POST https://generativelanguage.googleapis.com/v1beta/models/text-embedding-004:batchEmbedContents "HTTP/1.1 200 OK"
2025-05-21 16:34:10,086 [INFO] HTTP Request: POST https://generativelanguage.googleapis.com/v1beta/models/text-embedding-004:batchEmbedContents "HTTP/1.1 200 OK"
2025-05-21 16:34:10,486 [INFO] HTTP Request: POST https://generativelanguage.googleapis.com/v1beta/models/text-embedding-004:batchEmbedContents "HTTP/1.1 200 OK"
2025-05-21 16:34:10,875 [INFO] HTTP Request: POST https://generativelanguage.googleapis.com/v1beta/models/text-embedding-004:batchEmbedContents "HTTP/1.1 200 OK"
2025-05-21 16:34:11,242 [INFO] HTTP Request: POST https://generativelanguage.googleapis.com/v1beta/models/text-embedding-004:batchEmbedContents "HTTP/1.1 200 OK"
2025-05-21 16:34:11,631 [INFO] HTTP Request: POST https://generativelanguage.googleapis.com/v1beta/models/text-embedding-004:batchEmbedContents "HTTP/1.1 200 OK"
2025-05-21 16:34:12,017 [INFO] HTTP Request: POST https://generativelanguage.googleapis.com/v1beta/models/text-embedding-004:batchEmbedContents "HTTP/1.1 200 OK"
2025-05-21 16:34:12,406 [INFO] HTTP Request: POST https://generativelanguage.googleapis.com/v1beta/models/text-embedding-004:batchEmbedContents "HTTP/1.1 200 OK"
2025-05-21 16:34:12,804 [INFO] HTTP Request: POST https://generativelanguage.googleapis.com/v1beta/models/text-embedding-004:batchEmbedContents "HTTP/1.1 200 OK"
2025-05-21 16:34:13,206 [INFO] HTTP Request: POST https://generativelanguage.googleapis.com/v1beta/models/text-embedding-004:batchEmbedContents "HTTP/1.1 200 OK"
2025-05-21 16:34:13,588 [INFO] HTTP Request: POST https://generativelanguage.googleapis.com/v1beta/models/text-embedding-004:batchEmbedContents "HTTP/1.1 200 OK"
2025-05-21 16:34:13,986 [INFO] HTTP Request: POST https://generativelanguage.googleapis.com/v1beta/models/text-embedding-004:batchEmbedContents "HTTP/1.1 200 OK"
2025-05-21 16:34:14,386 [INFO] HTTP Request: POST https://generativelanguage.googleapis.com/v1beta/models/text-embedding-004:batchEmbedContents "HTTP/1.1 200 OK"
2025-05-21 16:34:14,795 [INFO] HTTP Request: POST https://generativelanguage.googleapis.com/v1beta/models/text-embedding-004:batchEmbedContents "HTTP/1.1 200 OK"
2025-05-21 16:34:15,189 [INFO] HTTP Request: POST https://generativelanguage.googleapis.com/v1beta/models/text-embedding-004:batchEmbedContents "HTTP/1.1 200 OK"
2025-05-21 16:34:15,572 [INFO] HTTP Request: POST https://generativelanguage.googleapis.com/v1beta/models/text-embedding-004:batchEmbedContents "HTTP/1.1 200 OK"
2025-05-21 16:34:15,967 [INFO] HTTP Request: POST https://generativelanguage.googleapis.com/v1beta/models/text-embedding-004:batchEmbedContents "HTTP/1.1 200 OK"
2025-05-21 16:34:16,353 [INFO] HTTP Request: POST https://generativelanguage.googleapis.com/v1beta/models/text-embedding-004:batchEmbedContents "HTTP/1.1 200 OK"
2025-05-21 16:34:16,777 [INFO] HTTP Request: POST https://generativelanguage.googleapis.com/v1beta/models/text-embedding-004:batchEmbedContents "HTTP/1.1 200 OK"
2025-05-21 16:34:17,185 [INFO] HTTP Request: POST https://generativelanguage.googleapis.com/v1beta/models/text-embedding-004:batchEmbedContents "HTTP/1.1 200 OK"
2025-05-21 16:34:17,597 [INFO] HTTP Request: POST https://generativelanguage.googleapis.com/v1beta/models/text-embedding-004:batchEmbedContents "HTTP/1.1 200 OK"
2025-05-21 16:34:17,996 [INFO] HTTP Request: POST https://generativelanguage.googleapis.com/v1beta/models/text-embedding-004:batchEmbedContents "HTTP/1.1 200 OK"
2025-05-21 16:34:18,390 [INFO] HTTP Request: POST https://generativelanguage.googleapis.com/v1beta/models/text-embedding-004:batchEmbedContents "HTTP/1.1 200 OK"
2025-05-21 16:34:18,776 [INFO] HTTP Request: POST https://generativelanguage.googleapis.com/v1beta/models/text-embedding-004:batchEmbedContents "HTTP/1.1 200 OK"
2025-05-21 16:34:19,183 [INFO] HTTP Request: POST https://generativelanguage.googleapis.com/v1beta/models/text-embedding-004:batchEmbedContents "HTTP/1.1 200 OK"
2025-05-21 16:34:19,564 [INFO] HTTP Request: POST https://generativelanguage.googleapis.com/v1beta/models/text-embedding-004:batchEmbedContents "HTTP/1.1 200 OK"
2025-05-21 16:34:19,960 [INFO] HTTP Request: POST https://generativelanguage.googleapis.com/v1beta/models/text-embedding-004:batchEmbedContents "HTTP/1.1 200 OK"
2025-05-21 16:34:20,341 [INFO] HTTP Request: POST https://generativelanguage.googleapis.com/v1beta/models/text-embedding-004:batchEmbedContents "HTTP/1.1 200 OK"
2025-05-21 16:34:20,757 [INFO] HTTP Request: POST https://generativelanguage.googleapis.com/v1beta/models/text-embedding-004:batchEmbedContents "HTTP/1.1 200 OK"
2025-05-21 16:34:21,160 [INFO] HTTP Request: POST https://generativelanguage.googleapis.com/v1beta/models/text-embedding-004:batchEmbedContents "HTTP/1.1 200 OK"
2025-05-21 16:34:21,582 [INFO] HTTP Request: POST https://generativelanguage.googleapis.com/v1beta/models/text-embedding-004:batchEmbedContents "HTTP/1.1 200 OK"
2025-05-21 16:34:21,978 [INFO] HTTP Request: POST https://generativelanguage.googleapis.com/v1beta/models/text-embedding-004:batchEmbedContents "HTTP/1.1 200 OK"
2025-05-21 16:34:22,374 [INFO] HTTP Request: POST https://generativelanguage.googleapis.com/v1beta/models/text-embedding-004:batchEmbedContents "HTTP/1.1 200 OK"
2025-05-21 16:34:22,763 [INFO] HTTP Request: POST https://generativelanguage.googleapis.com/v1beta/models/text-embedding-004:batchEmbedContents "HTTP/1.1 200 OK"
2025-05-21 16:34:23,180 [INFO] HTTP Request: POST https://generativelanguage.googleapis.com/v1beta/models/text-embedding-004:batchEmbedContents "HTTP/1.1 200 OK"
2025-05-21 16:34:23,557 [INFO] HTTP Request: POST https://generativelanguage.googleapis.com/v1beta/models/text-embedding-004:batchEmbedContents "HTTP/1.1 200 OK"
2025-05-21 16:34:23,938 [INFO] HTTP Request: POST https://generativelanguage.googleapis.com/v1beta/models/text-embedding-004:batchEmbedContents "HTTP/1.1 200 OK"
2025-05-21 16:34:24,329 [INFO] HTTP Request: POST https://generativelanguage.googleapis.com/v1beta/models/text-embedding-004:batchEmbedContents "HTTP/1.1 200 OK"
2025-05-21 16:34:24,708 [INFO] HTTP Request: POST https://generativelanguage.googleapis.com/v1beta/models/text-embedding-004:batchEmbedContents "HTTP/1.1 200 OK"
2025-05-21 16:34:25,123 [INFO] HTTP Request: POST https://generativelanguage.googleapis.com/v1beta/models/text-embedding-004:batchEmbedContents "HTTP/1.1 200 OK"
2025-05-21 16:34:25,493 [INFO] HTTP Request: POST https://generativelanguage.googleapis.com/v1beta/models/text-embedding-004:batchEmbedContents "HTTP/1.1 200 OK"
2025-05-21 16:34:25,879 [INFO] HTTP Request: POST https://generativelanguage.googleapis.com/v1beta/models/text-embedding-004:batchEmbedContents "HTTP/1.1 200 OK"
2025-05-21 16:34:26,274 [INFO] HTTP Request: POST https://generativelanguage.googleapis.com/v1beta/models/text-embedding-004:batchEmbedContents "HTTP/1.1 200 OK"
2025-05-21 16:34:26,770 [INFO] HTTP Request: POST https://generativelanguage.googleapis.com/v1beta/models/text-embedding-004:batchEmbedContents "HTTP/1.1 200 OK"
2025-05-21 16:34:27,150 [INFO] HTTP Request: POST https://generativelanguage.googleapis.com/v1beta/models/text-embedding-004:batchEmbedContents "HTTP/1.1 200 OK"
2025-05-21 16:34:27,544 [INFO] HTTP Request: POST https://generativelanguage.googleapis.com/v1beta/models/text-embedding-004:batchEmbedContents "HTTP/1.1 200 OK"
2025-05-21 16:34:27,910 [INFO] HTTP Request: POST https://generativelanguage.googleapis.com/v1beta/models/text-embedding-004:batchEmbedContents "HTTP/1.1 200 OK"
2025-05-21 16:34:28,316 [INFO] HTTP Request: POST https://generativelanguage.googleapis.com/v1beta/models/text-embedding-004:batchEmbedContents "HTTP/1.1 200 OK"
2025-05-21 16:34:28,716 [INFO] HTTP Request: POST https://generativelanguage.googleapis.com/v1beta/models/text-embedding-004:batchEmbedContents "HTTP/1.1 200 OK"
2025-05-21 16:34:29,134 [INFO] HTTP Request: POST https://generativelanguage.googleapis.com/v1beta/models/text-embedding-004:batchEmbedContents "HTTP/1.1 200 OK"
2025-05-21 16:34:29,559 [INFO] HTTP Request: POST https://generativelanguage.googleapis.com/v1beta/models/text-embedding-004:batchEmbedContents "HTTP/1.1 200 OK"
2025-05-21 16:34:29,924 [INFO] HTTP Request: POST https://generativelanguage.googleapis.com/v1beta/models/text-embedding-004:batchEmbedContents "HTTP/1.1 200 OK"
2025-05-21 16:34:30,297 [INFO] HTTP Request: POST https://generativelanguage.googleapis.com/v1beta/models/text-embedding-004:batchEmbedContents "HTTP/1.1 200 OK"
2025-05-21 16:34:30,700 [INFO] HTTP Request: POST https://generativelanguage.googleapis.com/v1beta/models/text-embedding-004:batchEmbedContents "HTTP/1.1 200 OK"
2025-05-21 16:34:31,180 [INFO] HTTP Request: POST https://generativelanguage.googleapis.com/v1beta/models/text-embedding-004:batchEmbedContents "HTTP/1.1 200 OK"
2025-05-21 16:34:31,550 [INFO] HTTP Request: POST https://generativelanguage.googleapis.com/v1beta/models/text-embedding-004:batchEmbedContents "HTTP/1.1 200 OK"
2025-05-21 16:34:31,949 [INFO] HTTP Request: POST https://generativelanguage.googleapis.com/v1beta/models/text-embedding-004:batchEmbedContents "HTTP/1.1 200 OK"
2025-05-21 16:34:32,304 [INFO] HTTP Request: POST https://generativelanguage.googleapis.com/v1beta/models/text-embedding-004:batchEmbedContents "HTTP/1.1 200 OK"
2025-05-21 16:34:32,713 [INFO] HTTP Request: POST https://generativelanguage.googleapis.com/v1beta/models/text-embedding-004:batchEmbedContents "HTTP/1.1 200 OK"
2025-05-21 16:34:33,208 [INFO] HTTP Request: POST https://generativelanguage.googleapis.com/v1beta/models/text-embedding-004:batchEmbedContents "HTTP/1.1 200 OK"
2025-05-21 16:34:33,643 [INFO] HTTP Request: POST https://generativelanguage.googleapis.com/v1beta/models/text-embedding-004:batchEmbedContents "HTTP/1.1 200 OK"
2025-05-21 16:34:34,023 [INFO] HTTP Request: POST https://generativelanguage.googleapis.com/v1beta/models/text-embedding-004:batchEmbedContents "HTTP/1.1 200 OK"
2025-05-21 16:34:34,430 [INFO] HTTP Request: POST https://generativelanguage.googleapis.com/v1beta/models/text-embedding-004:batchEmbedContents "HTTP/1.1 200 OK"
2025-05-21 16:34:34,907 [INFO] HTTP Request: POST https://generativelanguage.googleapis.com/v1beta/models/text-embedding-004:batchEmbedContents "HTTP/1.1 200 OK"
2025-05-21 16:34:35,421 [INFO] HTTP Request: POST https://generativelanguage.googleapis.com/v1beta/models/text-embedding-004:batchEmbedContents "HTTP/1.1 200 OK"
2025-05-21 16:34:35,803 [INFO] HTTP Request: POST https://generativelanguage.googleapis.com/v1beta/models/text-embedding-004:batchEmbedContents "HTTP/1.1 200 OK"
2025-05-21 16:34:36,207 [INFO] HTTP Request: POST https://generativelanguage.googleapis.com/v1beta/models/text-embedding-004:batchEmbedContents "HTTP/1.1 200 OK"
2025-05-21 16:35:08,645 [INFO] HTTP Request: POST https://generativelanguage.googleapis.com/v1beta/models/text-embedding-004:batchEmbedContents "HTTP/1.1 200 OK"
2025-05-21 16:35:09,153 [INFO] HTTP Request: POST https://generativelanguage.googleapis.com/v1beta/models/text-embedding-004:batchEmbedContents "HTTP/1.1 200 OK"
2025-05-21 16:35:09,607 [INFO] HTTP Request: POST https://generativelanguage.googleapis.com/v1beta/models/text-embedding-004:batchEmbedContents "HTTP/1.1 200 OK"
2025-05-21 16:35:10,010 [INFO] HTTP Request: POST https://generativelanguage.googleapis.com/v1beta/models/text-embedding-004:batchEmbedContents "HTTP/1.1 200 OK"
2025-05-21 16:35:10,421 [INFO] HTTP Request: POST https://generativelanguage.googleapis.com/v1beta/models/text-embedding-004:batchEmbedContents "HTTP/1.1 200 OK"
2025-05-21 16:35:10,826 [INFO] HTTP Request: POST https://generativelanguage.googleapis.com/v1beta/models/text-embedding-004:batchEmbedContents "HTTP/1.1 200 OK"
2025-05-21 16:35:11,223 [INFO] HTTP Request: POST https://generativelanguage.googleapis.com/v1beta/models/text-embedding-004:batchEmbedContents "HTTP/1.1 200 OK"
2025-05-21 16:35:11,636 [INFO] HTTP Request: POST https://generativelanguage.googleapis.com/v1beta/models/text-embedding-004:batchEmbedContents "HTTP/1.1 200 OK"
2025-05-21 16:35:12,027 [INFO] HTTP Request: POST https://generativelanguage.googleapis.com/v1beta/models/text-embedding-004:batchEmbedContents "HTTP/1.1 200 OK"
2025-05-21 16:35:12,452 [INFO] HTTP Request: POST https://generativelanguage.googleapis.com/v1beta/models/text-embedding-004:batchEmbedContents "HTTP/1.1 200 OK"
2025-05-21 16:35:12,843 [INFO] HTTP Request: POST https://generativelanguage.googleapis.com/v1beta/models/text-embedding-004:batchEmbedContents "HTTP/1.1 200 OK"
2025-05-21 16:35:13,334 [INFO] HTTP Request: POST https://generativelanguage.googleapis.com/v1beta/models/text-embedding-004:batchEmbedContents "HTTP/1.1 200 OK"
2025-05-21 16:35:13,746 [INFO] HTTP Request: POST https://generativelanguage.googleapis.com/v1beta/models/text-embedding-004:batchEmbedContents "HTTP/1.1 200 OK"
2025-05-21 16:35:14,438 [INFO] HTTP Request: POST https://generativelanguage.googleapis.com/v1beta/models/text-embedding-004:batchEmbedContents "HTTP/1.1 200 OK"
2025-05-21 16:35:14,951 [INFO] HTTP Request: POST https://generativelanguage.googleapis.com/v1beta/models/text-embedding-004:batchEmbedContents "HTTP/1.1 200 OK"
2025-05-21 16:35:15,328 [INFO] HTTP Request: POST https://generativelanguage.googleapis.com/v1beta/models/text-embedding-004:batchEmbedContents "HTTP/1.1 200 OK"
2025-05-21 16:35:15,770 [INFO] HTTP Request: POST https://generativelanguage.googleapis.com/v1beta/models/text-embedding-004:batchEmbedContents "HTTP/1.1 200 OK"
2025-05-21 16:35:16,178 [INFO] HTTP Request: POST https://generativelanguage.googleapis.com/v1beta/models/text-embedding-004:batchEmbedContents "HTTP/1.1 200 OK"
2025-05-21 16:35:16,599 [INFO] HTTP Request: POST https://generativelanguage.googleapis.com/v1beta/models/text-embedding-004:batchEmbedContents "HTTP/1.1 200 OK"
2025-05-21 16:35:17,002 [INFO] HTTP Request: POST https://generativelanguage.googleapis.com/v1beta/models/text-embedding-004:batchEmbedContents "HTTP/1.1 200 OK"
2025-05-21 16:35:17,414 [INFO] HTTP Request: POST https://generativelanguage.googleapis.com/v1beta/models/text-embedding-004:batchEmbedContents "HTTP/1.1 200 OK"
2025-05-21 16:35:17,815 [INFO] HTTP Request: POST https://generativelanguage.googleapis.com/v1beta/models/text-embedding-004:batchEmbedContents "HTTP/1.1 200 OK"
2025-05-21 16:35:18,210 [INFO] HTTP Request: POST https://generativelanguage.googleapis.com/v1beta/models/text-embedding-004:batchEmbedContents "HTTP/1.1 200 OK"
2025-05-21 16:35:18,602 [INFO] HTTP Request: POST https://generativelanguage.googleapis.com/v1beta/models/text-embedding-004:batchEmbedContents "HTTP/1.1 200 OK"
2025-05-21 16:35:18,990 [INFO] HTTP Request: POST https://generativelanguage.googleapis.com/v1beta/models/text-embedding-004:batchEmbedContents "HTTP/1.1 200 OK"
2025-05-21 16:35:19,398 [INFO] HTTP Request: POST https://generativelanguage.googleapis.com/v1beta/models/text-embedding-004:batchEmbedContents "HTTP/1.1 200 OK"
2025-05-21 16:35:19,804 [INFO] HTTP Request: POST https://generativelanguage.googleapis.com/v1beta/models/text-embedding-004:batchEmbedContents "HTTP/1.1 200 OK"
2025-05-21 16:35:20,178 [INFO] HTTP Request: POST https://generativelanguage.googleapis.com/v1beta/models/text-embedding-004:batchEmbedContents "HTTP/1.1 200 OK"
2025-05-21 16:35:20,565 [INFO] HTTP Request: POST https://generativelanguage.googleapis.com/v1beta/models/text-embedding-004:batchEmbedContents "HTTP/1.1 200 OK"
2025-05-21 16:35:20,967 [INFO] HTTP Request: POST https://generativelanguage.googleapis.com/v1beta/models/text-embedding-004:batchEmbedContents "HTTP/1.1 200 OK"
2025-05-21 16:35:21,420 [INFO] HTTP Request: POST https://generativelanguage.googleapis.com/v1beta/models/text-embedding-004:batchEmbedContents "HTTP/1.1 200 OK"
2025-05-21 16:35:21,822 [INFO] HTTP Request: POST https://generativelanguage.googleapis.com/v1beta/models/text-embedding-004:batchEmbedContents "HTTP/1.1 200 OK"
2025-05-21 16:35:22,261 [INFO] HTTP Request: POST https://generativelanguage.googleapis.com/v1beta/models/text-embedding-004:batchEmbedContents "HTTP/1.1 200 OK"
2025-05-21 16:35:22,699 [INFO] HTTP Request: POST https://generativelanguage.googleapis.com/v1beta/models/text-embedding-004:batchEmbedContents "HTTP/1.1 200 OK"
2025-05-21 16:35:23,102 [INFO] HTTP Request: POST https://generativelanguage.googleapis.com/v1beta/models/text-embedding-004:batchEmbedContents "HTTP/1.1 200 OK"
2025-05-21 16:35:23,467 [INFO] HTTP Request: POST https://generativelanguage.googleapis.com/v1beta/models/text-embedding-004:batchEmbedContents "HTTP/1.1 200 OK"
2025-05-21 16:35:23,856 [INFO] HTTP Request: POST https://generativelanguage.googleapis.com/v1beta/models/text-embedding-004:batchEmbedContents "HTTP/1.1 200 OK"
2025-05-21 16:35:24,234 [INFO] HTTP Request: POST https://generativelanguage.googleapis.com/v1beta/models/text-embedding-004:batchEmbedContents "HTTP/1.1 200 OK"
2025-05-21 16:35:24,623 [INFO] HTTP Request: POST https://generativelanguage.googleapis.com/v1beta/models/text-embedding-004:batchEmbedContents "HTTP/1.1 200 OK"
2025-05-21 16:35:25,007 [INFO] HTTP Request: POST https://generativelanguage.googleapis.com/v1beta/models/text-embedding-004:batchEmbedContents "HTTP/1.1 200 OK"
2025-05-21 16:35:25,386 [INFO] HTTP Request: POST https://generativelanguage.googleapis.com/v1beta/models/text-embedding-004:batchEmbedContents "HTTP/1.1 200 OK"
2025-05-21 16:35:25,802 [INFO] HTTP Request: POST https://generativelanguage.googleapis.com/v1beta/models/text-embedding-004:batchEmbedContents "HTTP/1.1 200 OK"
2025-05-21 16:35:26,202 [INFO] HTTP Request: POST https://generativelanguage.googleapis.com/v1beta/models/text-embedding-004:batchEmbedContents "HTTP/1.1 200 OK"
2025-05-21 16:35:26,581 [INFO] HTTP Request: POST https://generativelanguage.googleapis.com/v1beta/models/text-embedding-004:batchEmbedContents "HTTP/1.1 200 OK"
2025-05-21 16:35:26,988 [INFO] HTTP Request: POST https://generativelanguage.googleapis.com/v1beta/models/text-embedding-004:batchEmbedContents "HTTP/1.1 200 OK"
2025-05-21 16:35:27,410 [INFO] HTTP Request: POST https://generativelanguage.googleapis.com/v1beta/models/text-embedding-004:batchEmbedContents "HTTP/1.1 200 OK"
2025-05-21 16:35:27,807 [INFO] HTTP Request: POST https://generativelanguage.googleapis.com/v1beta/models/text-embedding-004:batchEmbedContents "HTTP/1.1 200 OK"
2025-05-21 16:35:28,196 [INFO] HTTP Request: POST https://generativelanguage.googleapis.com/v1beta/models/text-embedding-004:batchEmbedContents "HTTP/1.1 200 OK"
2025-05-21 16:35:28,593 [INFO] HTTP Request: POST https://generativelanguage.googleapis.com/v1beta/models/text-embedding-004:batchEmbedContents "HTTP/1.1 200 OK"
2025-05-21 16:35:28,982 [INFO] HTTP Request: POST https://generativelanguage.googleapis.com/v1beta/models/text-embedding-004:batchEmbedContents "HTTP/1.1 200 OK"
2025-05-21 16:35:29,386 [INFO] HTTP Request: POST https://generativelanguage.googleapis.com/v1beta/models/text-embedding-004:batchEmbedContents "HTTP/1.1 200 OK"
2025-05-21 16:35:29,768 [INFO] HTTP Request: POST https://generativelanguage.googleapis.com/v1beta/models/text-embedding-004:batchEmbedContents "HTTP/1.1 200 OK"
2025-05-21 16:35:30,169 [INFO] HTTP Request: POST https://generativelanguage.googleapis.com/v1beta/models/text-embedding-004:batchEmbedContents "HTTP/1.1 200 OK"
2025-05-21 16:35:30,557 [INFO] HTTP Request: POST https://generativelanguage.googleapis.com/v1beta/models/text-embedding-004:batchEmbedContents "HTTP/1.1 200 OK"
2025-05-21 16:35:30,933 [INFO] HTTP Request: POST https://generativelanguage.googleapis.com/v1beta/models/text-embedding-004:batchEmbedContents "HTTP/1.1 200 OK"
2025-05-21 16:35:31,338 [INFO] HTTP Request: POST https://generativelanguage.googleapis.com/v1beta/models/text-embedding-004:batchEmbedContents "HTTP/1.1 200 OK"
2025-05-21 16:35:31,737 [INFO] HTTP Request: POST https://generativelanguage.googleapis.com/v1beta/models/text-embedding-004:batchEmbedContents "HTTP/1.1 200 OK"
2025-05-21 16:35:32,159 [INFO] HTTP Request: POST https://generativelanguage.googleapis.com/v1beta/models/text-embedding-004:batchEmbedContents "HTTP/1.1 200 OK"
2025-05-21 16:35:32,538 [INFO] HTTP Request: POST https://generativelanguage.googleapis.com/v1beta/models/text-embedding-004:batchEmbedContents "HTTP/1.1 200 OK"
2025-05-21 16:35:32,979 [INFO] HTTP Request: POST https://generativelanguage.googleapis.com/v1beta/models/text-embedding-004:batchEmbedContents "HTTP/1.1 200 OK"
2025-05-21 16:35:33,358 [INFO] HTTP Request: POST https://generativelanguage.googleapis.com/v1beta/models/text-embedding-004:batchEmbedContents "HTTP/1.1 200 OK"
2025-05-21 16:35:33,738 [INFO] HTTP Request: POST https://generativelanguage.googleapis.com/v1beta/models/text-embedding-004:batchEmbedContents "HTTP/1.1 200 OK"
2025-05-21 16:35:34,138 [INFO] HTTP Request: POST https://generativelanguage.googleapis.com/v1beta/models/text-embedding-004:batchEmbedContents "HTTP/1.1 200 OK"
2025-05-21 16:35:34,512 [INFO] HTTP Request: POST https://generativelanguage.googleapis.com/v1beta/models/text-embedding-004:batchEmbedContents "HTTP/1.1 200 OK"
2025-05-21 16:35:34,965 [INFO] HTTP Request: POST https://generativelanguage.googleapis.com/v1beta/models/text-embedding-004:batchEmbedContents "HTTP/1.1 200 OK"
2025-05-21 16:35:35,335 [INFO] HTTP Request: POST https://generativelanguage.googleapis.com/v1beta/models/text-embedding-004:batchEmbedContents "HTTP/1.1 200 OK"
2025-05-21 16:35:35,729 [INFO] HTTP Request: POST https://generativelanguage.googleapis.com/v1beta/models/text-embedding-004:batchEmbedContents "HTTP/1.1 200 OK"
2025-05-21 16:35:36,137 [INFO] HTTP Request: POST https://generativelanguage.googleapis.com/v1beta/models/text-embedding-004:batchEmbedContents "HTTP/1.1 200 OK"
2025-05-21 16:35:36,575 [INFO] HTTP Request: POST https://generativelanguage.googleapis.com/v1beta/models/text-embedding-004:batchEmbedContents "HTTP/1.1 200 OK"
2025-05-21 16:35:37,096 [INFO] HTTP Request: POST https://generativelanguage.googleapis.com/v1beta/models/text-embedding-004:batchEmbedContents "HTTP/1.1 200 OK"
2025-05-21 16:35:37,922 [INFO] HTTP Request: POST https://generativelanguage.googleapis.com/v1beta/models/text-embedding-004:batchEmbedContents "HTTP/1.1 200 OK"
2025-05-21 16:35:38,376 [INFO] HTTP Request: POST https://generativelanguage.googleapis.com/v1beta/models/text-embedding-004:batchEmbedContents "HTTP/1.1 200 OK"
2025-05-21 16:35:38,787 [INFO] HTTP Request: POST https://generativelanguage.googleapis.com/v1beta/models/text-embedding-004:batchEmbedContents "HTTP/1.1 200 OK"
2025-05-21 16:35:39,177 [INFO] HTTP Request: POST https://generativelanguage.googleapis.com/v1beta/models/text-embedding-004:batchEmbedContents "HTTP/1.1 200 OK"
2025-05-21 16:35:39,549 [INFO] HTTP Request: POST https://generativelanguage.googleapis.com/v1beta/models/text-embedding-004:batchEmbedContents "HTTP/1.1 200 OK"
2025-05-21 16:35:39,939 [INFO] HTTP Request: POST https://generativelanguage.googleapis.com/v1beta/models/text-embedding-004:batchEmbedContents "HTTP/1.1 200 OK"
2025-05-21 16:35:40,406 [INFO] HTTP Request: POST https://generativelanguage.googleapis.com/v1beta/models/text-embedding-004:batchEmbedContents "HTTP/1.1 200 OK"
2025-05-21 16:35:40,800 [INFO] HTTP Request: POST https://generativelanguage.googleapis.com/v1beta/models/text-embedding-004:batchEmbedContents "HTTP/1.1 200 OK"
2025-05-21 16:35:41,187 [INFO] HTTP Request: POST https://generativelanguage.googleapis.com/v1beta/models/text-embedding-004:batchEmbedContents "HTTP/1.1 200 OK"
2025-05-21 16:35:42,024 [INFO] HTTP Request: POST https://generativelanguage.googleapis.com/v1beta/models/text-embedding-004:batchEmbedContents "HTTP/1.1 200 OK"
2025-05-21 16:35:42,407 [INFO] HTTP Request: POST https://generativelanguage.googleapis.com/v1beta/models/text-embedding-004:batchEmbedContents "HTTP/1.1 200 OK"
2025-05-21 16:35:42,840 [INFO] HTTP Request: POST https://generativelanguage.googleapis.com/v1beta/models/text-embedding-004:batchEmbedContents "HTTP/1.1 200 OK"
2025-05-21 16:35:43,223 [INFO] HTTP Request: POST https://generativelanguage.googleapis.com/v1beta/models/text-embedding-004:batchEmbedContents "HTTP/1.1 200 OK"
2025-05-21 16:35:43,610 [INFO] HTTP Request: POST https://generativelanguage.googleapis.com/v1beta/models/text-embedding-004:batchEmbedContents "HTTP/1.1 200 OK"
2025-05-21 16:35:43,997 [INFO] HTTP Request: POST https://generativelanguage.googleapis.com/v1beta/models/text-embedding-004:batchEmbedContents "HTTP/1.1 200 OK"
2025-05-21 16:35:44,687 [INFO] HTTP Request: POST https://generativelanguage.googleapis.com/v1beta/models/text-embedding-004:batchEmbedContents "HTTP/1.1 200 OK"
2025-05-21 16:35:45,097 [INFO] HTTP Request: POST https://generativelanguage.googleapis.com/v1beta/models/text-embedding-004:batchEmbedContents "HTTP/1.1 200 OK"
2025-05-21 16:35:45,519 [INFO] HTTP Request: POST https://generativelanguage.googleapis.com/v1beta/models/text-embedding-004:batchEmbedContents "HTTP/1.1 200 OK"
2025-05-21 16:35:45,959 [INFO] HTTP Request: POST https://generativelanguage.googleapis.com/v1beta/models/text-embedding-004:batchEmbedContents "HTTP/1.1 200 OK"
2025-05-21 16:35:46,488 [INFO] HTTP Request: POST https://generativelanguage.googleapis.com/v1beta/models/text-embedding-004:batchEmbedContents "HTTP/1.1 200 OK"
2025-05-21 16:35:46,949 [INFO] HTTP Request: POST https://generativelanguage.googleapis.com/v1beta/models/text-embedding-004:batchEmbedContents "HTTP/1.1 200 OK"
2025-05-21 16:35:47,480 [INFO] HTTP Request: POST https://generativelanguage.googleapis.com/v1beta/models/text-embedding-004:batchEmbedContents "HTTP/1.1 200 OK"
2025-05-21 16:35:47,955 [INFO] HTTP Request: POST https://generativelanguage.googleapis.com/v1beta/models/text-embedding-004:batchEmbedContents "HTTP/1.1 200 OK"
2025-05-21 16:35:48,429 [INFO] HTTP Request: POST https://generativelanguage.googleapis.com/v1beta/models/text-embedding-004:batchEmbedContents "HTTP/1.1 200 OK"
2025-05-21 16:35:48,880 [INFO] HTTP Request: POST https://generativelanguage.googleapis.com/v1beta/models/text-embedding-004:batchEmbedContents "HTTP/1.1 200 OK"
2025-05-21 16:35:49,319 [INFO] HTTP Request: POST https://generativelanguage.googleapis.com/v1beta/models/text-embedding-004:batchEmbedContents "HTTP/1.1 200 OK"
2025-05-21 16:35:49,793 [INFO] HTTP Request: POST https://generativelanguage.googleapis.com/v1beta/models/text-embedding-004:batchEmbedContents "HTTP/1.1 200 OK"
2025-05-21 16:35:50,230 [INFO] HTTP Request: POST https://generativelanguage.googleapis.com/v1beta/models/text-embedding-004:batchEmbedContents "HTTP/1.1 200 OK"
2025-05-21 16:35:50,712 [INFO] HTTP Request: POST https://generativelanguage.googleapis.com/v1beta/models/text-embedding-004:batchEmbedContents "HTTP/1.1 200 OK"
2025-05-21 16:35:51,169 [INFO] HTTP Request: POST https://generativelanguage.googleapis.com/v1beta/models/text-embedding-004:batchEmbedContents "HTTP/1.1 200 OK"
2025-05-21 16:36:24,135 [INFO] HTTP Request: POST https://generativelanguage.googleapis.com/v1beta/models/text-embedding-004:batchEmbedContents "HTTP/1.1 200 OK"
2025-05-21 16:36:24,670 [INFO] HTTP Request: POST https://generativelanguage.googleapis.com/v1beta/models/text-embedding-004:batchEmbedContents "HTTP/1.1 200 OK"
2025-05-21 16:36:25,240 [INFO] HTTP Request: POST https://generativelanguage.googleapis.com/v1beta/models/text-embedding-004:batchEmbedContents "HTTP/1.1 200 OK"
2025-05-21 16:36:25,668 [INFO] HTTP Request: POST https://generativelanguage.googleapis.com/v1beta/models/text-embedding-004:batchEmbedContents "HTTP/1.1 200 OK"
2025-05-21 16:36:26,167 [INFO] HTTP Request: POST https://generativelanguage.googleapis.com/v1beta/models/text-embedding-004:batchEmbedContents "HTTP/1.1 200 OK"
2025-05-21 16:36:26,645 [INFO] HTTP Request: POST https://generativelanguage.googleapis.com/v1beta/models/text-embedding-004:batchEmbedContents "HTTP/1.1 200 OK"
2025-05-21 16:36:27,117 [INFO] HTTP Request: POST https://generativelanguage.googleapis.com/v1beta/models/text-embedding-004:batchEmbedContents "HTTP/1.1 200 OK"
2025-05-21 16:36:27,521 [INFO] HTTP Request: POST https://generativelanguage.googleapis.com/v1beta/models/text-embedding-004:batchEmbedContents "HTTP/1.1 200 OK"
2025-05-21 16:36:27,949 [INFO] HTTP Request: POST https://generativelanguage.googleapis.com/v1beta/models/text-embedding-004:batchEmbedContents "HTTP/1.1 200 OK"
2025-05-21 16:36:28,366 [INFO] HTTP Request: POST https://generativelanguage.googleapis.com/v1beta/models/text-embedding-004:batchEmbedContents "HTTP/1.1 200 OK"
2025-05-21 16:36:28,847 [INFO] HTTP Request: POST https://generativelanguage.googleapis.com/v1beta/models/text-embedding-004:batchEmbedContents "HTTP/1.1 200 OK"
2025-05-21 16:36:29,239 [INFO] HTTP Request: POST https://generativelanguage.googleapis.com/v1beta/models/text-embedding-004:batchEmbedContents "HTTP/1.1 200 OK"
2025-05-21 16:36:29,634 [INFO] HTTP Request: POST https://generativelanguage.googleapis.com/v1beta/models/text-embedding-004:batchEmbedContents "HTTP/1.1 200 OK"
2025-05-21 16:36:30,029 [INFO] HTTP Request: POST https://generativelanguage.googleapis.com/v1beta/models/text-embedding-004:batchEmbedContents "HTTP/1.1 200 OK"
2025-05-21 16:36:30,421 [INFO] HTTP Request: POST https://generativelanguage.googleapis.com/v1beta/models/text-embedding-004:batchEmbedContents "HTTP/1.1 200 OK"
2025-05-21 16:36:30,813 [INFO] HTTP Request: POST https://generativelanguage.googleapis.com/v1beta/models/text-embedding-004:batchEmbedContents "HTTP/1.1 200 OK"
2025-05-21 16:36:31,198 [INFO] HTTP Request: POST https://generativelanguage.googleapis.com/v1beta/models/text-embedding-004:batchEmbedContents "HTTP/1.1 200 OK"
2025-05-21 16:36:31,647 [INFO] HTTP Request: POST https://generativelanguage.googleapis.com/v1beta/models/text-embedding-004:batchEmbedContents "HTTP/1.1 200 OK"
2025-05-21 16:36:32,020 [INFO] HTTP Request: POST https://generativelanguage.googleapis.com/v1beta/models/text-embedding-004:batchEmbedContents "HTTP/1.1 200 OK"
2025-05-21 16:36:32,406 [INFO] HTTP Request: POST https://generativelanguage.googleapis.com/v1beta/models/text-embedding-004:batchEmbedContents "HTTP/1.1 200 OK"
2025-05-21 16:36:32,796 [INFO] HTTP Request: POST https://generativelanguage.googleapis.com/v1beta/models/text-embedding-004:batchEmbedContents "HTTP/1.1 200 OK"
2025-05-21 16:36:33,187 [INFO] HTTP Request: POST https://generativelanguage.googleapis.com/v1beta/models/text-embedding-004:batchEmbedContents "HTTP/1.1 200 OK"
2025-05-21 16:36:33,545 [INFO] HTTP Request: POST https://generativelanguage.googleapis.com/v1beta/models/text-embedding-004:batchEmbedContents "HTTP/1.1 200 OK"
2025-05-21 16:36:33,949 [INFO] HTTP Request: POST https://generativelanguage.googleapis.com/v1beta/models/text-embedding-004:batchEmbedContents "HTTP/1.1 200 OK"
2025-05-21 16:36:34,383 [INFO] HTTP Request: POST https://generativelanguage.googleapis.com/v1beta/models/text-embedding-004:batchEmbedContents "HTTP/1.1 200 OK"
2025-05-21 16:36:34,771 [INFO] HTTP Request: POST https://generativelanguage.googleapis.com/v1beta/models/text-embedding-004:batchEmbedContents "HTTP/1.1 200 OK"
2025-05-21 16:36:35,153 [INFO] HTTP Request: POST https://generativelanguage.googleapis.com/v1beta/models/text-embedding-004:batchEmbedContents "HTTP/1.1 200 OK"
2025-05-21 16:36:35,563 [INFO] HTTP Request: POST https://generativelanguage.googleapis.com/v1beta/models/text-embedding-004:batchEmbedContents "HTTP/1.1 200 OK"
2025-05-21 16:36:35,935 [INFO] HTTP Request: POST https://generativelanguage.googleapis.com/v1beta/models/text-embedding-004:batchEmbedContents "HTTP/1.1 200 OK"
2025-05-21 16:36:36,339 [INFO] HTTP Request: POST https://generativelanguage.googleapis.com/v1beta/models/text-embedding-004:batchEmbedContents "HTTP/1.1 200 OK"
2025-05-21 16:36:36,735 [INFO] HTTP Request: POST https://generativelanguage.googleapis.com/v1beta/models/text-embedding-004:batchEmbedContents "HTTP/1.1 200 OK"
2025-05-21 16:36:37,109 [INFO] HTTP Request: POST https://generativelanguage.googleapis.com/v1beta/models/text-embedding-004:batchEmbedContents "HTTP/1.1 200 OK"
2025-05-21 16:36:37,490 [INFO] HTTP Request: POST https://generativelanguage.googleapis.com/v1beta/models/text-embedding-004:batchEmbedContents "HTTP/1.1 200 OK"
2025-05-21 16:36:37,877 [INFO] HTTP Request: POST https://generativelanguage.googleapis.com/v1beta/models/text-embedding-004:batchEmbedContents "HTTP/1.1 200 OK"
2025-05-21 16:36:38,276 [INFO] HTTP Request: POST https://generativelanguage.googleapis.com/v1beta/models/text-embedding-004:batchEmbedContents "HTTP/1.1 200 OK"
2025-05-21 16:36:38,675 [INFO] HTTP Request: POST https://generativelanguage.googleapis.com/v1beta/models/text-embedding-004:batchEmbedContents "HTTP/1.1 200 OK"
2025-05-21 16:36:39,087 [INFO] HTTP Request: POST https://generativelanguage.googleapis.com/v1beta/models/text-embedding-004:batchEmbedContents "HTTP/1.1 200 OK"
2025-05-21 16:36:39,526 [INFO] HTTP Request: POST https://generativelanguage.googleapis.com/v1beta/models/text-embedding-004:batchEmbedContents "HTTP/1.1 200 OK"
2025-05-21 16:36:39,902 [INFO] HTTP Request: POST https://generativelanguage.googleapis.com/v1beta/models/text-embedding-004:batchEmbedContents "HTTP/1.1 200 OK"
2025-05-21 16:36:40,288 [INFO] HTTP Request: POST https://generativelanguage.googleapis.com/v1beta/models/text-embedding-004:batchEmbedContents "HTTP/1.1 200 OK"
2025-05-21 16:36:40,662 [INFO] HTTP Request: POST https://generativelanguage.googleapis.com/v1beta/models/text-embedding-004:batchEmbedContents "HTTP/1.1 200 OK"
2025-05-21 16:36:41,030 [INFO] HTTP Request: POST https://generativelanguage.googleapis.com/v1beta/models/text-embedding-004:batchEmbedContents "HTTP/1.1 200 OK"
2025-05-21 16:36:41,462 [INFO] HTTP Request: POST https://generativelanguage.googleapis.com/v1beta/models/text-embedding-004:batchEmbedContents "HTTP/1.1 200 OK"
2025-05-21 16:36:41,856 [INFO] HTTP Request: POST https://generativelanguage.googleapis.com/v1beta/models/text-embedding-004:batchEmbedContents "HTTP/1.1 200 OK"
2025-05-21 16:36:42,259 [INFO] HTTP Request: POST https://generativelanguage.googleapis.com/v1beta/models/text-embedding-004:batchEmbedContents "HTTP/1.1 200 OK"
2025-05-21 16:36:42,635 [INFO] HTTP Request: POST https://generativelanguage.googleapis.com/v1beta/models/text-embedding-004:batchEmbedContents "HTTP/1.1 200 OK"
2025-05-21 16:36:43,044 [INFO] HTTP Request: POST https://generativelanguage.googleapis.com/v1beta/models/text-embedding-004:batchEmbedContents "HTTP/1.1 200 OK"
2025-05-21 16:36:43,429 [INFO] HTTP Request: POST https://generativelanguage.googleapis.com/v1beta/models/text-embedding-004:batchEmbedContents "HTTP/1.1 200 OK"
2025-05-21 16:36:43,858 [INFO] HTTP Request: POST https://generativelanguage.googleapis.com/v1beta/models/text-embedding-004:batchEmbedContents "HTTP/1.1 200 OK"
2025-05-21 16:36:44,257 [INFO] HTTP Request: POST https://generativelanguage.googleapis.com/v1beta/models/text-embedding-004:batchEmbedContents "HTTP/1.1 200 OK"
2025-05-21 16:36:44,648 [INFO] HTTP Request: POST https://generativelanguage.googleapis.com/v1beta/models/text-embedding-004:batchEmbedContents "HTTP/1.1 200 OK"
2025-05-21 16:36:45,060 [INFO] HTTP Request: POST https://generativelanguage.googleapis.com/v1beta/models/text-embedding-004:batchEmbedContents "HTTP/1.1 200 OK"
2025-05-21 16:36:45,457 [INFO] HTTP Request: POST https://generativelanguage.googleapis.com/v1beta/models/text-embedding-004:batchEmbedContents "HTTP/1.1 200 OK"
2025-05-21 16:36:45,900 [INFO] HTTP Request: POST https://generativelanguage.googleapis.com/v1beta/models/text-embedding-004:batchEmbedContents "HTTP/1.1 200 OK"
2025-05-21 16:36:46,301 [INFO] HTTP Request: POST https://generativelanguage.googleapis.com/v1beta/models/text-embedding-004:batchEmbedContents "HTTP/1.1 200 OK"
2025-05-21 16:36:46,677 [INFO] HTTP Request: POST https://generativelanguage.googleapis.com/v1beta/models/text-embedding-004:batchEmbedContents "HTTP/1.1 200 OK"
2025-05-21 16:36:47,050 [INFO] HTTP Request: POST https://generativelanguage.googleapis.com/v1beta/models/text-embedding-004:batchEmbedContents "HTTP/1.1 200 OK"
2025-05-21 16:36:47,449 [INFO] HTTP Request: POST https://generativelanguage.googleapis.com/v1beta/models/text-embedding-004:batchEmbedContents "HTTP/1.1 200 OK"
2025-05-21 16:36:47,857 [INFO] HTTP Request: POST https://generativelanguage.googleapis.com/v1beta/models/text-embedding-004:batchEmbedContents "HTTP/1.1 200 OK"
2025-05-21 16:36:48,241 [INFO] HTTP Request: POST https://generativelanguage.googleapis.com/v1beta/models/text-embedding-004:batchEmbedContents "HTTP/1.1 200 OK"
2025-05-21 16:36:48,702 [INFO] HTTP Request: POST https://generativelanguage.googleapis.com/v1beta/models/text-embedding-004:batchEmbedContents "HTTP/1.1 200 OK"
2025-05-21 16:36:49,130 [INFO] HTTP Request: POST https://generativelanguage.googleapis.com/v1beta/models/text-embedding-004:batchEmbedContents "HTTP/1.1 200 OK"
2025-05-21 16:36:49,534 [INFO] HTTP Request: POST https://generativelanguage.googleapis.com/v1beta/models/text-embedding-004:batchEmbedContents "HTTP/1.1 200 OK"
2025-05-21 16:36:49,935 [INFO] HTTP Request: POST https://generativelanguage.googleapis.com/v1beta/models/text-embedding-004:batchEmbedContents "HTTP/1.1 200 OK"
2025-05-21 16:36:50,334 [INFO] HTTP Request: POST https://generativelanguage.googleapis.com/v1beta/models/text-embedding-004:batchEmbedContents "HTTP/1.1 200 OK"
2025-05-21 16:36:50,708 [INFO] HTTP Request: POST https://generativelanguage.googleapis.com/v1beta/models/text-embedding-004:batchEmbedContents "HTTP/1.1 200 OK"
2025-05-21 16:36:51,164 [INFO] HTTP Request: POST https://generativelanguage.googleapis.com/v1beta/models/text-embedding-004:batchEmbedContents "HTTP/1.1 200 OK"
2025-05-21 16:36:51,531 [INFO] HTTP Request: POST https://generativelanguage.googleapis.com/v1beta/models/text-embedding-004:batchEmbedContents "HTTP/1.1 200 OK"
2025-05-21 16:36:51,944 [INFO] HTTP Request: POST https://generativelanguage.googleapis.com/v1beta/models/text-embedding-004:batchEmbedContents "HTTP/1.1 200 OK"
2025-05-21 16:36:52,371 [INFO] HTTP Request: POST https://generativelanguage.googleapis.com/v1beta/models/text-embedding-004:batchEmbedContents "HTTP/1.1 200 OK"
2025-05-21 16:36:52,745 [INFO] HTTP Request: POST https://generativelanguage.googleapis.com/v1beta/models/text-embedding-004:batchEmbedContents "HTTP/1.1 200 OK"
2025-05-21 16:36:53,124 [INFO] HTTP Request: POST https://generativelanguage.googleapis.com/v1beta/models/text-embedding-004:batchEmbedContents "HTTP/1.1 200 OK"
2025-05-21 16:36:53,514 [INFO] HTTP Request: POST https://generativelanguage.googleapis.com/v1beta/models/text-embedding-004:batchEmbedContents "HTTP/1.1 200 OK"
2025-05-21 16:36:53,892 [INFO] HTTP Request: POST https://generativelanguage.googleapis.com/v1beta/models/text-embedding-004:batchEmbedContents "HTTP/1.1 200 OK"
2025-05-21 16:36:54,279 [INFO] HTTP Request: POST https://generativelanguage.googleapis.com/v1beta/models/text-embedding-004:batchEmbedContents "HTTP/1.1 200 OK"
2025-05-21 16:36:54,677 [INFO] HTTP Request: POST https://generativelanguage.googleapis.com/v1beta/models/text-embedding-004:batchEmbedContents "HTTP/1.1 200 OK"
2025-05-21 16:36:55,090 [INFO] HTTP Request: POST https://generativelanguage.googleapis.com/v1beta/models/text-embedding-004:batchEmbedContents "HTTP/1.1 200 OK"
2025-05-21 16:36:55,526 [INFO] HTTP Request: POST https://generativelanguage.googleapis.com/v1beta/models/text-embedding-004:batchEmbedContents "HTTP/1.1 200 OK"
2025-05-21 16:36:55,909 [INFO] HTTP Request: POST https://generativelanguage.googleapis.com/v1beta/models/text-embedding-004:batchEmbedContents "HTTP/1.1 200 OK"
2025-05-21 16:36:56,285 [INFO] HTTP Request: POST https://generativelanguage.googleapis.com/v1beta/models/text-embedding-004:batchEmbedContents "HTTP/1.1 200 OK"
2025-05-21 16:36:56,666 [INFO] HTTP Request: POST https://generativelanguage.googleapis.com/v1beta/models/text-embedding-004:batchEmbedContents "HTTP/1.1 200 OK"
2025-05-21 16:36:57,067 [INFO] HTTP Request: POST https://generativelanguage.googleapis.com/v1beta/models/text-embedding-004:batchEmbedContents "HTTP/1.1 200 OK"
2025-05-21 16:36:57,440 [INFO] HTTP Request: POST https://generativelanguage.googleapis.com/v1beta/models/text-embedding-004:batchEmbedContents "HTTP/1.1 200 OK"
2025-05-21 16:36:57,826 [INFO] HTTP Request: POST https://generativelanguage.googleapis.com/v1beta/models/text-embedding-004:batchEmbedContents "HTTP/1.1 200 OK"
2025-05-21 16:36:58,198 [INFO] HTTP Request: POST https://generativelanguage.googleapis.com/v1beta/models/text-embedding-004:batchEmbedContents "HTTP/1.1 200 OK"
2025-05-21 16:36:58,588 [INFO] HTTP Request: POST https://generativelanguage.googleapis.com/v1beta/models/text-embedding-004:batchEmbedContents "HTTP/1.1 200 OK"
2025-05-21 16:36:59,002 [INFO] HTTP Request: POST https://generativelanguage.googleapis.com/v1beta/models/text-embedding-004:batchEmbedContents "HTTP/1.1 200 OK"
2025-05-21 16:36:59,425 [INFO] HTTP Request: POST https://generativelanguage.googleapis.com/v1beta/models/text-embedding-004:batchEmbedContents "HTTP/1.1 200 OK"
2025-05-21 16:36:59,818 [INFO] HTTP Request: POST https://generativelanguage.googleapis.com/v1beta/models/text-embedding-004:batchEmbedContents "HTTP/1.1 200 OK"
2025-05-21 16:37:00,175 [INFO] HTTP Request: POST https://generativelanguage.googleapis.com/v1beta/models/text-embedding-004:batchEmbedContents "HTTP/1.1 200 OK"
2025-05-21 16:37:00,584 [INFO] HTTP Request: POST https://generativelanguage.googleapis.com/v1beta/models/text-embedding-004:batchEmbedContents "HTTP/1.1 200 OK"
2025-05-21 16:37:00,960 [INFO] HTTP Request: POST https://generativelanguage.googleapis.com/v1beta/models/text-embedding-004:batchEmbedContents "HTTP/1.1 200 OK"
2025-05-21 16:37:01,331 [INFO] HTTP Request: POST https://generativelanguage.googleapis.com/v1beta/models/text-embedding-004:batchEmbedContents "HTTP/1.1 200 OK"
2025-05-21 16:37:01,708 [INFO] HTTP Request: POST https://generativelanguage.googleapis.com/v1beta/models/text-embedding-004:batchEmbedContents "HTTP/1.1 200 OK"
2025-05-21 16:37:02,069 [INFO] HTTP Request: POST https://generativelanguage.googleapis.com/v1beta/models/text-embedding-004:batchEmbedContents "HTTP/1.1 200 OK"
2025-05-21 16:37:02,456 [INFO] HTTP Request: POST https://generativelanguage.googleapis.com/v1beta/models/text-embedding-004:batchEmbedContents "HTTP/1.1 200 OK"
2025-05-21 16:37:02,831 [INFO] HTTP Request: POST https://generativelanguage.googleapis.com/v1beta/models/text-embedding-004:batchEmbedContents "HTTP/1.1 200 OK"
2025-05-21 16:37:03,215 [INFO] HTTP Request: POST https://generativelanguage.googleapis.com/v1beta/models/text-embedding-004:batchEmbedContents "HTTP/1.1 200 OK"
2025-05-21 16:37:03,627 [INFO] HTTP Request: POST https://generativelanguage.googleapis.com/v1beta/models/text-embedding-004:batchEmbedContents "HTTP/1.1 200 OK"
2025-05-21 16:37:04,012 [INFO] HTTP Request: POST https://generativelanguage.googleapis.com/v1beta/models/text-embedding-004:batchEmbedContents "HTTP/1.1 200 OK"
2025-05-21 16:37:31,484 [INFO] HTTP Request: POST https://generativelanguage.googleapis.com/v1beta/models/text-embedding-004:batchEmbedContents "HTTP/1.1 200 OK"
2025-05-21 16:37:31,871 [INFO] HTTP Request: POST https://generativelanguage.googleapis.com/v1beta/models/text-embedding-004:batchEmbedContents "HTTP/1.1 200 OK"
2025-05-21 16:37:32,239 [INFO] HTTP Request: POST https://generativelanguage.googleapis.com/v1beta/models/text-embedding-004:batchEmbedContents "HTTP/1.1 200 OK"
2025-05-21 16:37:32,656 [INFO] HTTP Request: POST https://generativelanguage.googleapis.com/v1beta/models/text-embedding-004:batchEmbedContents "HTTP/1.1 200 OK"
2025-05-21 16:37:33,068 [INFO] HTTP Request: POST https://generativelanguage.googleapis.com/v1beta/models/text-embedding-004:batchEmbedContents "HTTP/1.1 200 OK"
2025-05-21 16:37:33,463 [INFO] HTTP Request: POST https://generativelanguage.googleapis.com/v1beta/models/text-embedding-004:batchEmbedContents "HTTP/1.1 200 OK"
2025-05-21 16:37:33,847 [INFO] HTTP Request: POST https://generativelanguage.googleapis.com/v1beta/models/text-embedding-004:batchEmbedContents "HTTP/1.1 200 OK"
2025-05-21 16:37:34,351 [INFO] HTTP Request: POST https://generativelanguage.googleapis.com/v1beta/models/text-embedding-004:batchEmbedContents "HTTP/1.1 200 OK"
2025-05-21 16:37:34,722 [INFO] HTTP Request: POST https://generativelanguage.googleapis.com/v1beta/models/text-embedding-004:batchEmbedContents "HTTP/1.1 200 OK"
2025-05-21 16:37:35,097 [INFO] HTTP Request: POST https://generativelanguage.googleapis.com/v1beta/models/text-embedding-004:batchEmbedContents "HTTP/1.1 200 OK"
2025-05-21 16:37:35,484 [INFO] HTTP Request: POST https://generativelanguage.googleapis.com/v1beta/models/text-embedding-004:batchEmbedContents "HTTP/1.1 200 OK"
2025-05-21 16:37:35,856 [INFO] HTTP Request: POST https://generativelanguage.googleapis.com/v1beta/models/text-embedding-004:batchEmbedContents "HTTP/1.1 200 OK"
2025-05-21 16:37:36,269 [INFO] HTTP Request: POST https://generativelanguage.googleapis.com/v1beta/models/text-embedding-004:batchEmbedContents "HTTP/1.1 200 OK"
2025-05-21 16:37:36,638 [INFO] HTTP Request: POST https://generativelanguage.googleapis.com/v1beta/models/text-embedding-004:batchEmbedContents "HTTP/1.1 200 OK"
2025-05-21 16:37:37,078 [INFO] HTTP Request: POST https://generativelanguage.googleapis.com/v1beta/models/text-embedding-004:batchEmbedContents "HTTP/1.1 200 OK"
2025-05-21 16:37:37,477 [INFO] HTTP Request: POST https://generativelanguage.googleapis.com/v1beta/models/text-embedding-004:batchEmbedContents "HTTP/1.1 200 OK"
2025-05-21 16:37:37,857 [INFO] HTTP Request: POST https://generativelanguage.googleapis.com/v1beta/models/text-embedding-004:batchEmbedContents "HTTP/1.1 200 OK"
2025-05-21 16:37:38,262 [INFO] HTTP Request: POST https://generativelanguage.googleapis.com/v1beta/models/text-embedding-004:batchEmbedContents "HTTP/1.1 200 OK"
2025-05-21 16:37:38,646 [INFO] HTTP Request: POST https://generativelanguage.googleapis.com/v1beta/models/text-embedding-004:batchEmbedContents "HTTP/1.1 200 OK"
2025-05-21 16:37:39,037 [INFO] HTTP Request: POST https://generativelanguage.googleapis.com/v1beta/models/text-embedding-004:batchEmbedContents "HTTP/1.1 200 OK"
2025-05-21 16:37:39,419 [INFO] HTTP Request: POST https://generativelanguage.googleapis.com/v1beta/models/text-embedding-004:batchEmbedContents "HTTP/1.1 200 OK"
2025-05-21 16:37:39,804 [INFO] HTTP Request: POST https://generativelanguage.googleapis.com/v1beta/models/text-embedding-004:batchEmbedContents "HTTP/1.1 200 OK"
2025-05-21 16:37:40,222 [INFO] HTTP Request: POST https://generativelanguage.googleapis.com/v1beta/models/text-embedding-004:batchEmbedContents "HTTP/1.1 200 OK"
2025-05-21 16:37:40,588 [INFO] HTTP Request: POST https://generativelanguage.googleapis.com/v1beta/models/text-embedding-004:batchEmbedContents "HTTP/1.1 200 OK"
2025-05-21 16:37:41,022 [INFO] HTTP Request: POST https://generativelanguage.googleapis.com/v1beta/models/text-embedding-004:batchEmbedContents "HTTP/1.1 200 OK"
2025-05-21 16:37:41,434 [INFO] HTTP Request: POST https://generativelanguage.googleapis.com/v1beta/models/text-embedding-004:batchEmbedContents "HTTP/1.1 200 OK"
2025-05-21 16:37:41,809 [INFO] HTTP Request: POST https://generativelanguage.googleapis.com/v1beta/models/text-embedding-004:batchEmbedContents "HTTP/1.1 200 OK"
2025-05-21 16:37:42,208 [INFO] HTTP Request: POST https://generativelanguage.googleapis.com/v1beta/models/text-embedding-004:batchEmbedContents "HTTP/1.1 200 OK"
2025-05-21 16:37:42,592 [INFO] HTTP Request: POST https://generativelanguage.googleapis.com/v1beta/models/text-embedding-004:batchEmbedContents "HTTP/1.1 200 OK"
2025-05-21 16:37:42,994 [INFO] HTTP Request: POST https://generativelanguage.googleapis.com/v1beta/models/text-embedding-004:batchEmbedContents "HTTP/1.1 200 OK"
2025-05-21 16:37:43,421 [INFO] HTTP Request: POST https://generativelanguage.googleapis.com/v1beta/models/text-embedding-004:batchEmbedContents "HTTP/1.1 200 OK"
2025-05-21 16:37:43,885 [INFO] HTTP Request: POST https://generativelanguage.googleapis.com/v1beta/models/text-embedding-004:batchEmbedContents "HTTP/1.1 200 OK"
2025-05-21 16:37:44,327 [INFO] HTTP Request: POST https://generativelanguage.googleapis.com/v1beta/models/text-embedding-004:batchEmbedContents "HTTP/1.1 200 OK"
2025-05-21 16:37:44,757 [INFO] HTTP Request: POST https://generativelanguage.googleapis.com/v1beta/models/text-embedding-004:batchEmbedContents "HTTP/1.1 200 OK"
2025-05-21 16:37:45,159 [INFO] HTTP Request: POST https://generativelanguage.googleapis.com/v1beta/models/text-embedding-004:batchEmbedContents "HTTP/1.1 200 OK"
2025-05-21 16:37:45,533 [INFO] HTTP Request: POST https://generativelanguage.googleapis.com/v1beta/models/text-embedding-004:batchEmbedContents "HTTP/1.1 200 OK"
2025-05-21 16:37:45,945 [INFO] HTTP Request: POST https://generativelanguage.googleapis.com/v1beta/models/text-embedding-004:batchEmbedContents "HTTP/1.1 200 OK"
2025-05-21 16:37:46,313 [INFO] HTTP Request: POST https://generativelanguage.googleapis.com/v1beta/models/text-embedding-004:batchEmbedContents "HTTP/1.1 200 OK"
2025-05-21 16:37:46,699 [INFO] HTTP Request: POST https://generativelanguage.googleapis.com/v1beta/models/text-embedding-004:batchEmbedContents "HTTP/1.1 200 OK"
2025-05-21 16:37:47,221 [INFO] HTTP Request: POST https://generativelanguage.googleapis.com/v1beta/models/text-embedding-004:batchEmbedContents "HTTP/1.1 200 OK"
2025-05-21 16:37:47,622 [INFO] HTTP Request: POST https://generativelanguage.googleapis.com/v1beta/models/text-embedding-004:batchEmbedContents "HTTP/1.1 200 OK"
2025-05-21 16:37:48,058 [INFO] HTTP Request: POST https://generativelanguage.googleapis.com/v1beta/models/text-embedding-004:batchEmbedContents "HTTP/1.1 200 OK"
2025-05-21 16:37:48,498 [INFO] HTTP Request: POST https://generativelanguage.googleapis.com/v1beta/models/text-embedding-004:batchEmbedContents "HTTP/1.1 200 OK"
2025-05-21 16:37:48,866 [INFO] HTTP Request: POST https://generativelanguage.googleapis.com/v1beta/models/text-embedding-004:batchEmbedContents "HTTP/1.1 200 OK"
2025-05-21 16:37:49,276 [INFO] HTTP Request: POST https://generativelanguage.googleapis.com/v1beta/models/text-embedding-004:batchEmbedContents "HTTP/1.1 200 OK"
2025-05-21 16:37:49,683 [INFO] HTTP Request: POST https://generativelanguage.googleapis.com/v1beta/models/text-embedding-004:batchEmbedContents "HTTP/1.1 200 OK"
2025-05-21 16:37:50,071 [INFO] HTTP Request: POST https://generativelanguage.googleapis.com/v1beta/models/text-embedding-004:batchEmbedContents "HTTP/1.1 200 OK"
2025-05-21 16:37:50,449 [INFO] HTTP Request: POST https://generativelanguage.googleapis.com/v1beta/models/text-embedding-004:batchEmbedContents "HTTP/1.1 200 OK"
2025-05-21 16:37:50,901 [INFO] HTTP Request: POST https://generativelanguage.googleapis.com/v1beta/models/text-embedding-004:batchEmbedContents "HTTP/1.1 200 OK"
2025-05-21 16:37:51,284 [INFO] HTTP Request: POST https://generativelanguage.googleapis.com/v1beta/models/text-embedding-004:batchEmbedContents "HTTP/1.1 200 OK"
2025-05-21 16:37:51,689 [INFO] HTTP Request: POST https://generativelanguage.googleapis.com/v1beta/models/text-embedding-004:batchEmbedContents "HTTP/1.1 200 OK"
2025-05-21 16:37:52,081 [INFO] HTTP Request: POST https://generativelanguage.googleapis.com/v1beta/models/text-embedding-004:batchEmbedContents "HTTP/1.1 200 OK"
2025-05-21 16:37:52,476 [INFO] HTTP Request: POST https://generativelanguage.googleapis.com/v1beta/models/text-embedding-004:batchEmbedContents "HTTP/1.1 200 OK"
2025-05-21 16:37:52,884 [INFO] HTTP Request: POST https://generativelanguage.googleapis.com/v1beta/models/text-embedding-004:batchEmbedContents "HTTP/1.1 200 OK"
2025-05-21 16:37:53,275 [INFO] HTTP Request: POST https://generativelanguage.googleapis.com/v1beta/models/text-embedding-004:batchEmbedContents "HTTP/1.1 200 OK"
2025-05-21 16:37:53,656 [INFO] HTTP Request: POST https://generativelanguage.googleapis.com/v1beta/models/text-embedding-004:batchEmbedContents "HTTP/1.1 200 OK"
2025-05-21 16:37:54,054 [INFO] HTTP Request: POST https://generativelanguage.googleapis.com/v1beta/models/text-embedding-004:batchEmbedContents "HTTP/1.1 200 OK"
2025-05-21 16:37:54,452 [INFO] HTTP Request: POST https://generativelanguage.googleapis.com/v1beta/models/text-embedding-004:batchEmbedContents "HTTP/1.1 200 OK"
2025-05-21 16:37:54,847 [INFO] HTTP Request: POST https://generativelanguage.googleapis.com/v1beta/models/text-embedding-004:batchEmbedContents "HTTP/1.1 200 OK"
2025-05-21 16:37:55,259 [INFO] HTTP Request: POST https://generativelanguage.googleapis.com/v1beta/models/text-embedding-004:batchEmbedContents "HTTP/1.1 200 OK"
2025-05-21 16:37:55,687 [INFO] HTTP Request: POST https://generativelanguage.googleapis.com/v1beta/models/text-embedding-004:batchEmbedContents "HTTP/1.1 200 OK"
2025-05-21 16:37:56,061 [INFO] HTTP Request: POST https://generativelanguage.googleapis.com/v1beta/models/text-embedding-004:batchEmbedContents "HTTP/1.1 200 OK"
2025-05-21 16:37:56,466 [INFO] HTTP Request: POST https://generativelanguage.googleapis.com/v1beta/models/text-embedding-004:batchEmbedContents "HTTP/1.1 200 OK"
2025-05-21 16:37:56,881 [INFO] HTTP Request: POST https://generativelanguage.googleapis.com/v1beta/models/text-embedding-004:batchEmbedContents "HTTP/1.1 200 OK"
2025-05-21 16:37:57,260 [INFO] HTTP Request: POST https://generativelanguage.googleapis.com/v1beta/models/text-embedding-004:batchEmbedContents "HTTP/1.1 200 OK"
2025-05-21 16:37:57,640 [INFO] HTTP Request: POST https://generativelanguage.googleapis.com/v1beta/models/text-embedding-004:batchEmbedContents "HTTP/1.1 200 OK"
2025-05-21 16:37:58,099 [INFO] HTTP Request: POST https://generativelanguage.googleapis.com/v1beta/models/text-embedding-004:batchEmbedContents "HTTP/1.1 200 OK"
2025-05-21 16:37:58,494 [INFO] HTTP Request: POST https://generativelanguage.googleapis.com/v1beta/models/text-embedding-004:batchEmbedContents "HTTP/1.1 200 OK"
2025-05-21 16:37:59,008 [INFO] HTTP Request: POST https://generativelanguage.googleapis.com/v1beta/models/text-embedding-004:batchEmbedContents "HTTP/1.1 200 OK"
2025-05-21 16:37:59,382 [INFO] HTTP Request: POST https://generativelanguage.googleapis.com/v1beta/models/text-embedding-004:batchEmbedContents "HTTP/1.1 200 OK"
2025-05-21 16:37:59,889 [INFO] HTTP Request: POST https://generativelanguage.googleapis.com/v1beta/models/text-embedding-004:batchEmbedContents "HTTP/1.1 200 OK"
2025-05-21 16:38:00,269 [INFO] HTTP Request: POST https://generativelanguage.googleapis.com/v1beta/models/text-embedding-004:batchEmbedContents "HTTP/1.1 200 OK"
2025-05-21 16:38:00,668 [INFO] HTTP Request: POST https://generativelanguage.googleapis.com/v1beta/models/text-embedding-004:batchEmbedContents "HTTP/1.1 200 OK"
2025-05-21 16:38:01,086 [INFO] HTTP Request: POST https://generativelanguage.googleapis.com/v1beta/models/text-embedding-004:batchEmbedContents "HTTP/1.1 200 OK"
2025-05-21 16:38:01,453 [INFO] HTTP Request: POST https://generativelanguage.googleapis.com/v1beta/models/text-embedding-004:batchEmbedContents "HTTP/1.1 200 OK"
2025-05-21 16:38:01,825 [INFO] HTTP Request: POST https://generativelanguage.googleapis.com/v1beta/models/text-embedding-004:batchEmbedContents "HTTP/1.1 200 OK"
2025-05-21 16:38:02,201 [INFO] HTTP Request: POST https://generativelanguage.googleapis.com/v1beta/models/text-embedding-004:batchEmbedContents "HTTP/1.1 200 OK"
2025-05-21 16:38:02,581 [INFO] HTTP Request: POST https://generativelanguage.googleapis.com/v1beta/models/text-embedding-004:batchEmbedContents "HTTP/1.1 200 OK"
2025-05-21 16:38:02,956 [INFO] HTTP Request: POST https://generativelanguage.googleapis.com/v1beta/models/text-embedding-004:batchEmbedContents "HTTP/1.1 200 OK"
2025-05-21 16:38:03,373 [INFO] HTTP Request: POST https://generativelanguage.googleapis.com/v1beta/models/text-embedding-004:batchEmbedContents "HTTP/1.1 200 OK"
2025-05-21 16:38:03,772 [INFO] HTTP Request: POST https://generativelanguage.googleapis.com/v1beta/models/text-embedding-004:batchEmbedContents "HTTP/1.1 200 OK"
2025-05-21 16:38:04,150 [INFO] HTTP Request: POST https://generativelanguage.googleapis.com/v1beta/models/text-embedding-004:batchEmbedContents "HTTP/1.1 200 OK"
2025-05-21 16:38:04,535 [INFO] HTTP Request: POST https://generativelanguage.googleapis.com/v1beta/models/text-embedding-004:batchEmbedContents "HTTP/1.1 200 OK"
2025-05-21 16:38:04,905 [INFO] HTTP Request: POST https://generativelanguage.googleapis.com/v1beta/models/text-embedding-004:batchEmbedContents "HTTP/1.1 200 OK"
2025-05-21 16:38:05,318 [INFO] HTTP Request: POST https://generativelanguage.googleapis.com/v1beta/models/text-embedding-004:batchEmbedContents "HTTP/1.1 200 OK"
2025-05-21 16:38:05,727 [INFO] HTTP Request: POST https://generativelanguage.googleapis.com/v1beta/models/text-embedding-004:batchEmbedContents "HTTP/1.1 200 OK"
2025-05-21 16:38:06,163 [INFO] HTTP Request: POST https://generativelanguage.googleapis.com/v1beta/models/text-embedding-004:batchEmbedContents "HTTP/1.1 200 OK"
2025-05-21 16:38:06,552 [INFO] HTTP Request: POST https://generativelanguage.googleapis.com/v1beta/models/text-embedding-004:batchEmbedContents "HTTP/1.1 200 OK"
2025-05-21 16:38:06,977 [INFO] HTTP Request: POST https://generativelanguage.googleapis.com/v1beta/models/text-embedding-004:batchEmbedContents "HTTP/1.1 200 OK"
2025-05-21 16:38:07,358 [INFO] HTTP Request: POST https://generativelanguage.googleapis.com/v1beta/models/text-embedding-004:batchEmbedContents "HTTP/1.1 200 OK"
2025-05-21 16:38:07,732 [INFO] HTTP Request: POST https://generativelanguage.googleapis.com/v1beta/models/text-embedding-004:batchEmbedContents "HTTP/1.1 200 OK"
2025-05-21 16:38:08,138 [INFO] HTTP Request: POST https://generativelanguage.googleapis.com/v1beta/models/text-embedding-004:batchEmbedContents "HTTP/1.1 200 OK"
2025-05-21 16:38:08,533 [INFO] HTTP Request: POST https://generativelanguage.googleapis.com/v1beta/models/text-embedding-004:batchEmbedContents "HTTP/1.1 200 OK"
2025-05-21 16:38:08,914 [INFO] HTTP Request: POST https://generativelanguage.googleapis.com/v1beta/models/text-embedding-004:batchEmbedContents "HTTP/1.1 200 OK"
2025-05-21 16:38:09,312 [INFO] HTTP Request: POST https://generativelanguage.googleapis.com/v1beta/models/text-embedding-004:batchEmbedContents "HTTP/1.1 200 OK"
2025-05-21 16:38:09,770 [INFO] HTTP Request: POST https://generativelanguage.googleapis.com/v1beta/models/text-embedding-004:batchEmbedContents "HTTP/1.1 200 OK"
2025-05-21 16:38:10,152 [INFO] HTTP Request: POST https://generativelanguage.googleapis.com/v1beta/models/text-embedding-004:batchEmbedContents "HTTP/1.1 200 OK"
2025-05-21 16:38:10,527 [INFO] HTTP Request: POST https://generativelanguage.googleapis.com/v1beta/models/text-embedding-004:batchEmbedContents "HTTP/1.1 200 OK"
2025-05-21 16:38:10,915 [INFO] HTTP Request: POST https://generativelanguage.googleapis.com/v1beta/models/text-embedding-004:batchEmbedContents "HTTP/1.1 200 OK"
2025-05-21 16:38:11,306 [INFO] HTTP Request: POST https://generativelanguage.googleapis.com/v1beta/models/text-embedding-004:batchEmbedContents "HTTP/1.1 200 OK"
2025-05-21 16:38:39,101 [INFO] HTTP Request: POST https://generativelanguage.googleapis.com/v1beta/models/text-embedding-004:batchEmbedContents "HTTP/1.1 200 OK"
2025-05-21 16:38:39,487 [INFO] HTTP Request: POST https://generativelanguage.googleapis.com/v1beta/models/text-embedding-004:batchEmbedContents "HTTP/1.1 200 OK"
2025-05-21 16:38:39,899 [INFO] HTTP Request: POST https://generativelanguage.googleapis.com/v1beta/models/text-embedding-004:batchEmbedContents "HTTP/1.1 200 OK"
2025-05-21 16:38:40,274 [INFO] HTTP Request: POST https://generativelanguage.googleapis.com/v1beta/models/text-embedding-004:batchEmbedContents "HTTP/1.1 200 OK"
2025-05-21 16:38:40,696 [INFO] HTTP Request: POST https://generativelanguage.googleapis.com/v1beta/models/text-embedding-004:batchEmbedContents "HTTP/1.1 200 OK"
2025-05-21 16:38:41,104 [INFO] HTTP Request: POST https://generativelanguage.googleapis.com/v1beta/models/text-embedding-004:batchEmbedContents "HTTP/1.1 200 OK"
2025-05-21 16:38:41,541 [INFO] HTTP Request: POST https://generativelanguage.googleapis.com/v1beta/models/text-embedding-004:batchEmbedContents "HTTP/1.1 200 OK"
2025-05-21 16:38:41,933 [INFO] HTTP Request: POST https://generativelanguage.googleapis.com/v1beta/models/text-embedding-004:batchEmbedContents "HTTP/1.1 200 OK"
2025-05-21 16:38:42,360 [INFO] HTTP Request: POST https://generativelanguage.googleapis.com/v1beta/models/text-embedding-004:batchEmbedContents "HTTP/1.1 200 OK"
2025-05-21 16:38:42,773 [INFO] HTTP Request: POST https://generativelanguage.googleapis.com/v1beta/models/text-embedding-004:batchEmbedContents "HTTP/1.1 200 OK"
2025-05-21 16:38:43,184 [INFO] HTTP Request: POST https://generativelanguage.googleapis.com/v1beta/models/text-embedding-004:batchEmbedContents "HTTP/1.1 200 OK"
2025-05-21 16:38:43,589 [INFO] HTTP Request: POST https://generativelanguage.googleapis.com/v1beta/models/text-embedding-004:batchEmbedContents "HTTP/1.1 200 OK"
2025-05-21 16:38:43,961 [INFO] HTTP Request: POST https://generativelanguage.googleapis.com/v1beta/models/text-embedding-004:batchEmbedContents "HTTP/1.1 200 OK"
2025-05-21 16:38:44,339 [INFO] HTTP Request: POST https://generativelanguage.googleapis.com/v1beta/models/text-embedding-004:batchEmbedContents "HTTP/1.1 200 OK"
2025-05-21 16:38:44,819 [INFO] HTTP Request: POST https://generativelanguage.googleapis.com/v1beta/models/text-embedding-004:batchEmbedContents "HTTP/1.1 200 OK"
2025-05-21 16:38:45,287 [INFO] HTTP Request: POST https://generativelanguage.googleapis.com/v1beta/models/text-embedding-004:batchEmbedContents "HTTP/1.1 200 OK"
2025-05-21 16:38:45,678 [INFO] HTTP Request: POST https://generativelanguage.googleapis.com/v1beta/models/text-embedding-004:batchEmbedContents "HTTP/1.1 200 OK"
2025-05-21 16:38:46,098 [INFO] HTTP Request: POST https://generativelanguage.googleapis.com/v1beta/models/text-embedding-004:batchEmbedContents "HTTP/1.1 200 OK"
2025-05-21 16:38:46,475 [INFO] HTTP Request: POST https://generativelanguage.googleapis.com/v1beta/models/text-embedding-004:batchEmbedContents "HTTP/1.1 200 OK"
2025-05-21 16:38:46,877 [INFO] HTTP Request: POST https://generativelanguage.googleapis.com/v1beta/models/text-embedding-004:batchEmbedContents "HTTP/1.1 200 OK"
2025-05-21 16:38:47,356 [INFO] HTTP Request: POST https://generativelanguage.googleapis.com/v1beta/models/text-embedding-004:batchEmbedContents "HTTP/1.1 200 OK"
2025-05-21 16:38:47,807 [INFO] HTTP Request: POST https://generativelanguage.googleapis.com/v1beta/models/text-embedding-004:batchEmbedContents "HTTP/1.1 200 OK"
2025-05-21 16:38:48,187 [INFO] HTTP Request: POST https://generativelanguage.googleapis.com/v1beta/models/text-embedding-004:batchEmbedContents "HTTP/1.1 200 OK"
2025-05-21 16:38:48,593 [INFO] HTTP Request: POST https://generativelanguage.googleapis.com/v1beta/models/text-embedding-004:batchEmbedContents "HTTP/1.1 200 OK"
2025-05-21 16:38:48,985 [INFO] HTTP Request: POST https://generativelanguage.googleapis.com/v1beta/models/text-embedding-004:batchEmbedContents "HTTP/1.1 200 OK"
2025-05-21 16:38:49,381 [INFO] HTTP Request: POST https://generativelanguage.googleapis.com/v1beta/models/text-embedding-004:batchEmbedContents "HTTP/1.1 200 OK"
2025-05-21 16:38:49,775 [INFO] HTTP Request: POST https://generativelanguage.googleapis.com/v1beta/models/text-embedding-004:batchEmbedContents "HTTP/1.1 200 OK"
2025-05-21 16:38:50,134 [INFO] HTTP Request: POST https://generativelanguage.googleapis.com/v1beta/models/text-embedding-004:batchEmbedContents "HTTP/1.1 200 OK"
2025-05-21 16:38:50,547 [INFO] HTTP Request: POST https://generativelanguage.googleapis.com/v1beta/models/text-embedding-004:batchEmbedContents "HTTP/1.1 200 OK"
2025-05-21 16:38:50,924 [INFO] HTTP Request: POST https://generativelanguage.googleapis.com/v1beta/models/text-embedding-004:batchEmbedContents "HTTP/1.1 200 OK"
2025-05-21 16:38:51,329 [INFO] HTTP Request: POST https://generativelanguage.googleapis.com/v1beta/models/text-embedding-004:batchEmbedContents "HTTP/1.1 200 OK"
2025-05-21 16:38:51,777 [INFO] HTTP Request: POST https://generativelanguage.googleapis.com/v1beta/models/text-embedding-004:batchEmbedContents "HTTP/1.1 200 OK"
2025-05-21 16:38:52,159 [INFO] HTTP Request: POST https://generativelanguage.googleapis.com/v1beta/models/text-embedding-004:batchEmbedContents "HTTP/1.1 200 OK"
2025-05-21 16:38:52,623 [INFO] HTTP Request: POST https://generativelanguage.googleapis.com/v1beta/models/text-embedding-004:batchEmbedContents "HTTP/1.1 200 OK"
2025-05-21 16:38:53,081 [INFO] HTTP Request: POST https://generativelanguage.googleapis.com/v1beta/models/text-embedding-004:batchEmbedContents "HTTP/1.1 200 OK"
2025-05-21 16:38:53,483 [INFO] HTTP Request: POST https://generativelanguage.googleapis.com/v1beta/models/text-embedding-004:batchEmbedContents "HTTP/1.1 200 OK"
2025-05-21 16:38:53,924 [INFO] HTTP Request: POST https://generativelanguage.googleapis.com/v1beta/models/text-embedding-004:batchEmbedContents "HTTP/1.1 200 OK"
2025-05-21 16:38:54,326 [INFO] HTTP Request: POST https://generativelanguage.googleapis.com/v1beta/models/text-embedding-004:batchEmbedContents "HTTP/1.1 200 OK"
2025-05-21 16:38:54,790 [INFO] HTTP Request: POST https://generativelanguage.googleapis.com/v1beta/models/text-embedding-004:batchEmbedContents "HTTP/1.1 200 OK"
2025-05-21 16:38:55,216 [INFO] HTTP Request: POST https://generativelanguage.googleapis.com/v1beta/models/text-embedding-004:batchEmbedContents "HTTP/1.1 200 OK"
2025-05-21 16:38:55,689 [INFO] HTTP Request: POST https://generativelanguage.googleapis.com/v1beta/models/text-embedding-004:batchEmbedContents "HTTP/1.1 200 OK"
2025-05-21 16:38:56,186 [INFO] HTTP Request: POST https://generativelanguage.googleapis.com/v1beta/models/text-embedding-004:batchEmbedContents "HTTP/1.1 200 OK"
2025-05-21 16:38:56,738 [INFO] HTTP Request: POST https://generativelanguage.googleapis.com/v1beta/models/text-embedding-004:batchEmbedContents "HTTP/1.1 200 OK"
2025-05-21 16:38:57,526 [INFO] HTTP Request: POST https://generativelanguage.googleapis.com/v1beta/models/text-embedding-004:batchEmbedContents "HTTP/1.1 200 OK"
2025-05-21 16:38:58,221 [INFO] HTTP Request: POST https://generativelanguage.googleapis.com/v1beta/models/text-embedding-004:batchEmbedContents "HTTP/1.1 200 OK"
2025-05-21 16:38:58,884 [INFO] HTTP Request: POST https://generativelanguage.googleapis.com/v1beta/models/text-embedding-004:batchEmbedContents "HTTP/1.1 200 OK"
2025-05-21 16:38:59,720 [INFO] HTTP Request: POST https://generativelanguage.googleapis.com/v1beta/models/text-embedding-004:batchEmbedContents "HTTP/1.1 200 OK"
2025-05-21 16:39:00,523 [INFO] HTTP Request: POST https://generativelanguage.googleapis.com/v1beta/models/text-embedding-004:batchEmbedContents "HTTP/1.1 200 OK"
2025-05-21 16:39:01,204 [INFO] HTTP Request: POST https://generativelanguage.googleapis.com/v1beta/models/text-embedding-004:batchEmbedContents "HTTP/1.1 200 OK"
2025-05-21 16:39:01,946 [INFO] HTTP Request: POST https://generativelanguage.googleapis.com/v1beta/models/text-embedding-004:batchEmbedContents "HTTP/1.1 200 OK"
2025-05-21 16:39:02,933 [INFO] HTTP Request: POST https://generativelanguage.googleapis.com/v1beta/models/text-embedding-004:batchEmbedContents "HTTP/1.1 200 OK"
2025-05-21 16:39:03,777 [INFO] HTTP Request: POST https://generativelanguage.googleapis.com/v1beta/models/text-embedding-004:batchEmbedContents "HTTP/1.1 200 OK"
2025-05-21 16:39:04,610 [INFO] HTTP Request: POST https://generativelanguage.googleapis.com/v1beta/models/text-embedding-004:batchEmbedContents "HTTP/1.1 200 OK"
2025-05-21 16:39:05,357 [INFO] HTTP Request: POST https://generativelanguage.googleapis.com/v1beta/models/text-embedding-004:batchEmbedContents "HTTP/1.1 200 OK"
2025-05-21 16:39:06,046 [INFO] HTTP Request: POST https://generativelanguage.googleapis.com/v1beta/models/text-embedding-004:batchEmbedContents "HTTP/1.1 200 OK"
2025-05-21 16:39:06,763 [INFO] HTTP Request: POST https://generativelanguage.googleapis.com/v1beta/models/text-embedding-004:batchEmbedContents "HTTP/1.1 200 OK"
2025-05-21 16:39:07,438 [INFO] HTTP Request: POST https://generativelanguage.googleapis.com/v1beta/models/text-embedding-004:batchEmbedContents "HTTP/1.1 200 OK"
2025-05-21 16:39:07,903 [INFO] HTTP Request: POST https://generativelanguage.googleapis.com/v1beta/models/text-embedding-004:batchEmbedContents "HTTP/1.1 200 OK"
2025-05-21 16:39:09,017 [INFO] HTTP Request: POST https://generativelanguage.googleapis.com/v1beta/models/text-embedding-004:batchEmbedContents "HTTP/1.1 200 OK"
2025-05-21 16:39:10,144 [INFO] HTTP Request: POST https://generativelanguage.googleapis.com/v1beta/models/text-embedding-004:batchEmbedContents "HTTP/1.1 200 OK"
2025-05-21 16:39:11,322 [INFO] HTTP Request: POST https://generativelanguage.googleapis.com/v1beta/models/text-embedding-004:batchEmbedContents "HTTP/1.1 200 OK"
2025-05-21 16:39:12,593 [INFO] HTTP Request: POST https://generativelanguage.googleapis.com/v1beta/models/text-embedding-004:batchEmbedContents "HTTP/1.1 200 OK"
2025-05-21 16:39:13,051 [INFO] HTTP Request: POST https://generativelanguage.googleapis.com/v1beta/models/text-embedding-004:batchEmbedContents "HTTP/1.1 200 OK"
2025-05-21 16:39:13,609 [INFO] HTTP Request: POST https://generativelanguage.googleapis.com/v1beta/models/text-embedding-004:batchEmbedContents "HTTP/1.1 200 OK"
2025-05-21 16:39:15,171 [INFO] HTTP Request: POST https://generativelanguage.googleapis.com/v1beta/models/text-embedding-004:batchEmbedContents "HTTP/1.1 200 OK"
2025-05-21 16:39:16,735 [INFO] HTTP Request: POST https://generativelanguage.googleapis.com/v1beta/models/text-embedding-004:batchEmbedContents "HTTP/1.1 200 OK"
2025-05-21 16:39:17,239 [INFO] HTTP Request: POST https://generativelanguage.googleapis.com/v1beta/models/text-embedding-004:batchEmbedContents "HTTP/1.1 200 OK"
2025-05-21 16:39:18,046 [INFO] HTTP Request: POST https://generativelanguage.googleapis.com/v1beta/models/text-embedding-004:batchEmbedContents "HTTP/1.1 200 OK"
2025-05-21 16:39:18,692 [INFO] HTTP Request: POST https://generativelanguage.googleapis.com/v1beta/models/text-embedding-004:batchEmbedContents "HTTP/1.1 200 OK"
2025-05-21 16:39:20,261 [INFO] HTTP Request: POST https://generativelanguage.googleapis.com/v1beta/models/text-embedding-004:batchEmbedContents "HTTP/1.1 200 OK"
2025-05-21 16:39:21,819 [INFO] HTTP Request: POST https://generativelanguage.googleapis.com/v1beta/models/text-embedding-004:batchEmbedContents "HTTP/1.1 200 OK"
2025-05-21 16:39:23,252 [INFO] HTTP Request: POST https://generativelanguage.googleapis.com/v1beta/models/text-embedding-004:batchEmbedContents "HTTP/1.1 200 OK"
2025-05-21 16:39:23,741 [INFO] HTTP Request: POST https://generativelanguage.googleapis.com/v1beta/models/text-embedding-004:batchEmbedContents "HTTP/1.1 200 OK"
2025-05-21 16:39:24,141 [INFO] HTTP Request: POST https://generativelanguage.googleapis.com/v1beta/models/text-embedding-004:batchEmbedContents "HTTP/1.1 200 OK"
2025-05-21 16:39:25,115 [INFO] HTTP Request: POST https://generativelanguage.googleapis.com/v1beta/models/text-embedding-004:batchEmbedContents "HTTP/1.1 200 OK"
2025-05-21 16:39:25,988 [INFO] HTTP Request: POST https://generativelanguage.googleapis.com/v1beta/models/text-embedding-004:batchEmbedContents "HTTP/1.1 200 OK"
2025-05-21 16:39:26,382 [INFO] HTTP Request: POST https://generativelanguage.googleapis.com/v1beta/models/text-embedding-004:batchEmbedContents "HTTP/1.1 200 OK"
2025-05-21 16:39:27,160 [INFO] HTTP Request: POST https://generativelanguage.googleapis.com/v1beta/models/text-embedding-004:batchEmbedContents "HTTP/1.1 200 OK"
2025-05-21 16:39:27,896 [INFO] HTTP Request: POST https://generativelanguage.googleapis.com/v1beta/models/text-embedding-004:batchEmbedContents "HTTP/1.1 200 OK"
2025-05-21 16:39:28,423 [INFO] HTTP Request: POST https://generativelanguage.googleapis.com/v1beta/models/text-embedding-004:batchEmbedContents "HTTP/1.1 200 OK"
2025-05-21 16:39:29,193 [INFO] HTTP Request: POST https://generativelanguage.googleapis.com/v1beta/models/text-embedding-004:batchEmbedContents "HTTP/1.1 200 OK"
2025-05-21 16:39:29,888 [INFO] HTTP Request: POST https://generativelanguage.googleapis.com/v1beta/models/text-embedding-004:batchEmbedContents "HTTP/1.1 200 OK"
2025-05-21 16:39:30,281 [INFO] HTTP Request: POST https://generativelanguage.googleapis.com/v1beta/models/text-embedding-004:batchEmbedContents "HTTP/1.1 200 OK"
2025-05-21 16:39:30,656 [INFO] HTTP Request: POST https://generativelanguage.googleapis.com/v1beta/models/text-embedding-004:batchEmbedContents "HTTP/1.1 200 OK"
2025-05-21 16:39:31,144 [INFO] HTTP Request: POST https://generativelanguage.googleapis.com/v1beta/models/text-embedding-004:batchEmbedContents "HTTP/1.1 200 OK"
2025-05-21 16:39:31,527 [INFO] HTTP Request: POST https://generativelanguage.googleapis.com/v1beta/models/text-embedding-004:batchEmbedContents "HTTP/1.1 200 OK"
2025-05-21 16:39:31,990 [INFO] HTTP Request: POST https://generativelanguage.googleapis.com/v1beta/models/text-embedding-004:batchEmbedContents "HTTP/1.1 200 OK"
2025-05-21 16:39:32,457 [INFO] HTTP Request: POST https://generativelanguage.googleapis.com/v1beta/models/text-embedding-004:batchEmbedContents "HTTP/1.1 200 OK"
2025-05-21 16:39:32,843 [INFO] HTTP Request: POST https://generativelanguage.googleapis.com/v1beta/models/text-embedding-004:batchEmbedContents "HTTP/1.1 200 OK"
2025-05-21 16:39:33,240 [INFO] HTTP Request: POST https://generativelanguage.googleapis.com/v1beta/models/text-embedding-004:batchEmbedContents "HTTP/1.1 200 OK"
2025-05-21 16:39:33,702 [INFO] HTTP Request: POST https://generativelanguage.googleapis.com/v1beta/models/text-embedding-004:batchEmbedContents "HTTP/1.1 200 OK"
2025-05-21 16:39:34,068 [INFO] HTTP Request: POST https://generativelanguage.googleapis.com/v1beta/models/text-embedding-004:batchEmbedContents "HTTP/1.1 200 OK"
2025-05-21 16:39:34,470 [INFO] HTTP Request: POST https://generativelanguage.googleapis.com/v1beta/models/text-embedding-004:batchEmbedContents "HTTP/1.1 200 OK"
2025-05-21 16:39:34,831 [INFO] HTTP Request: POST https://generativelanguage.googleapis.com/v1beta/models/text-embedding-004:batchEmbedContents "HTTP/1.1 200 OK"
2025-05-21 16:39:35,233 [INFO] HTTP Request: POST https://generativelanguage.googleapis.com/v1beta/models/text-embedding-004:batchEmbedContents "HTTP/1.1 200 OK"
2025-05-21 16:39:35,627 [INFO] HTTP Request: POST https://generativelanguage.googleapis.com/v1beta/models/text-embedding-004:batchEmbedContents "HTTP/1.1 200 OK"
2025-05-21 16:39:35,993 [INFO] HTTP Request: POST https://generativelanguage.googleapis.com/v1beta/models/text-embedding-004:batchEmbedContents "HTTP/1.1 200 OK"
2025-05-21 16:39:36,418 [INFO] HTTP Request: POST https://generativelanguage.googleapis.com/v1beta/models/text-embedding-004:batchEmbedContents "HTTP/1.1 200 OK"
2025-05-21 16:39:37,281 [INFO] HTTP Request: POST https://generativelanguage.googleapis.com/v1beta/models/text-embedding-004:batchEmbedContents "HTTP/1.1 200 OK"
2025-05-21 16:39:37,649 [INFO] HTTP Request: POST https://generativelanguage.googleapis.com/v1beta/models/text-embedding-004:batchEmbedContents "HTTP/1.1 200 OK"
2025-05-21 16:40:06,463 [INFO] HTTP Request: POST https://generativelanguage.googleapis.com/v1beta/models/text-embedding-004:batchEmbedContents "HTTP/1.1 200 OK"
2025-05-21 16:40:06,844 [INFO] HTTP Request: POST https://generativelanguage.googleapis.com/v1beta/models/text-embedding-004:batchEmbedContents "HTTP/1.1 200 OK"
2025-05-21 16:40:07,267 [INFO] HTTP Request: POST https://generativelanguage.googleapis.com/v1beta/models/text-embedding-004:batchEmbedContents "HTTP/1.1 200 OK"
2025-05-21 16:40:07,736 [INFO] HTTP Request: POST https://generativelanguage.googleapis.com/v1beta/models/text-embedding-004:batchEmbedContents "HTTP/1.1 200 OK"
2025-05-21 16:40:08,109 [INFO] HTTP Request: POST https://generativelanguage.googleapis.com/v1beta/models/text-embedding-004:batchEmbedContents "HTTP/1.1 200 OK"
2025-05-21 16:40:08,483 [INFO] HTTP Request: POST https://generativelanguage.googleapis.com/v1beta/models/text-embedding-004:batchEmbedContents "HTTP/1.1 200 OK"
2025-05-21 16:40:08,869 [INFO] HTTP Request: POST https://generativelanguage.googleapis.com/v1beta/models/text-embedding-004:batchEmbedContents "HTTP/1.1 200 OK"
2025-05-21 16:40:09,258 [INFO] HTTP Request: POST https://generativelanguage.googleapis.com/v1beta/models/text-embedding-004:batchEmbedContents "HTTP/1.1 200 OK"
2025-05-21 16:40:09,674 [INFO] HTTP Request: POST https://generativelanguage.googleapis.com/v1beta/models/text-embedding-004:batchEmbedContents "HTTP/1.1 200 OK"
2025-05-21 16:40:10,084 [INFO] HTTP Request: POST https://generativelanguage.googleapis.com/v1beta/models/text-embedding-004:batchEmbedContents "HTTP/1.1 200 OK"
2025-05-21 16:40:10,472 [INFO] HTTP Request: POST https://generativelanguage.googleapis.com/v1beta/models/text-embedding-004:batchEmbedContents "HTTP/1.1 200 OK"
2025-05-21 16:40:10,887 [INFO] HTTP Request: POST https://generativelanguage.googleapis.com/v1beta/models/text-embedding-004:batchEmbedContents "HTTP/1.1 200 OK"
2025-05-21 16:40:11,265 [INFO] HTTP Request: POST https://generativelanguage.googleapis.com/v1beta/models/text-embedding-004:batchEmbedContents "HTTP/1.1 200 OK"
2025-05-21 16:40:11,858 [INFO] HTTP Request: POST https://generativelanguage.googleapis.com/v1beta/models/text-embedding-004:batchEmbedContents "HTTP/1.1 200 OK"
2025-05-21 16:40:12,243 [INFO] HTTP Request: POST https://generativelanguage.googleapis.com/v1beta/models/text-embedding-004:batchEmbedContents "HTTP/1.1 200 OK"
2025-05-21 16:40:12,686 [INFO] HTTP Request: POST https://generativelanguage.googleapis.com/v1beta/models/text-embedding-004:batchEmbedContents "HTTP/1.1 200 OK"
2025-05-21 16:40:13,067 [INFO] HTTP Request: POST https://generativelanguage.googleapis.com/v1beta/models/text-embedding-004:batchEmbedContents "HTTP/1.1 200 OK"
2025-05-21 16:40:13,466 [INFO] HTTP Request: POST https://generativelanguage.googleapis.com/v1beta/models/text-embedding-004:batchEmbedContents "HTTP/1.1 200 OK"
2025-05-21 16:40:13,891 [INFO] HTTP Request: POST https://generativelanguage.googleapis.com/v1beta/models/text-embedding-004:batchEmbedContents "HTTP/1.1 200 OK"
2025-05-21 16:40:14,299 [INFO] HTTP Request: POST https://generativelanguage.googleapis.com/v1beta/models/text-embedding-004:batchEmbedContents "HTTP/1.1 200 OK"
2025-05-21 16:40:14,700 [INFO] HTTP Request: POST https://generativelanguage.googleapis.com/v1beta/models/text-embedding-004:batchEmbedContents "HTTP/1.1 200 OK"
2025-05-21 16:40:15,083 [INFO] HTTP Request: POST https://generativelanguage.googleapis.com/v1beta/models/text-embedding-004:batchEmbedContents "HTTP/1.1 200 OK"
2025-05-21 16:40:15,464 [INFO] HTTP Request: POST https://generativelanguage.googleapis.com/v1beta/models/text-embedding-004:batchEmbedContents "HTTP/1.1 200 OK"
2025-05-21 16:40:15,831 [INFO] HTTP Request: POST https://generativelanguage.googleapis.com/v1beta/models/text-embedding-004:batchEmbedContents "HTTP/1.1 200 OK"
2025-05-21 16:40:16,242 [INFO] HTTP Request: POST https://generativelanguage.googleapis.com/v1beta/models/text-embedding-004:batchEmbedContents "HTTP/1.1 200 OK"
2025-05-21 16:40:16,627 [INFO] HTTP Request: POST https://generativelanguage.googleapis.com/v1beta/models/text-embedding-004:batchEmbedContents "HTTP/1.1 200 OK"
2025-05-21 16:40:17,017 [INFO] HTTP Request: POST https://generativelanguage.googleapis.com/v1beta/models/text-embedding-004:batchEmbedContents "HTTP/1.1 200 OK"
2025-05-21 16:40:17,432 [INFO] HTTP Request: POST https://generativelanguage.googleapis.com/v1beta/models/text-embedding-004:batchEmbedContents "HTTP/1.1 200 OK"
2025-05-21 16:40:17,907 [INFO] HTTP Request: POST https://generativelanguage.googleapis.com/v1beta/models/text-embedding-004:batchEmbedContents "HTTP/1.1 200 OK"
2025-05-21 16:40:18,340 [INFO] HTTP Request: POST https://generativelanguage.googleapis.com/v1beta/models/text-embedding-004:batchEmbedContents "HTTP/1.1 200 OK"
2025-05-21 16:40:18,732 [INFO] HTTP Request: POST https://generativelanguage.googleapis.com/v1beta/models/text-embedding-004:batchEmbedContents "HTTP/1.1 200 OK"
2025-05-21 16:40:19,126 [INFO] HTTP Request: POST https://generativelanguage.googleapis.com/v1beta/models/text-embedding-004:batchEmbedContents "HTTP/1.1 200 OK"
2025-05-21 16:40:19,513 [INFO] HTTP Request: POST https://generativelanguage.googleapis.com/v1beta/models/text-embedding-004:batchEmbedContents "HTTP/1.1 200 OK"
2025-05-21 16:40:19,910 [INFO] HTTP Request: POST https://generativelanguage.googleapis.com/v1beta/models/text-embedding-004:batchEmbedContents "HTTP/1.1 200 OK"
2025-05-21 16:40:20,296 [INFO] HTTP Request: POST https://generativelanguage.googleapis.com/v1beta/models/text-embedding-004:batchEmbedContents "HTTP/1.1 200 OK"
2025-05-21 16:40:20,676 [INFO] HTTP Request: POST https://generativelanguage.googleapis.com/v1beta/models/text-embedding-004:batchEmbedContents "HTTP/1.1 200 OK"
2025-05-21 16:40:21,043 [INFO] HTTP Request: POST https://generativelanguage.googleapis.com/v1beta/models/text-embedding-004:batchEmbedContents "HTTP/1.1 200 OK"
2025-05-21 16:40:21,420 [INFO] HTTP Request: POST https://generativelanguage.googleapis.com/v1beta/models/text-embedding-004:batchEmbedContents "HTTP/1.1 200 OK"
2025-05-21 16:40:21,801 [INFO] HTTP Request: POST https://generativelanguage.googleapis.com/v1beta/models/text-embedding-004:batchEmbedContents "HTTP/1.1 200 OK"
2025-05-21 16:40:22,178 [INFO] HTTP Request: POST https://generativelanguage.googleapis.com/v1beta/models/text-embedding-004:batchEmbedContents "HTTP/1.1 200 OK"
2025-05-21 16:40:22,559 [INFO] HTTP Request: POST https://generativelanguage.googleapis.com/v1beta/models/text-embedding-004:batchEmbedContents "HTTP/1.1 200 OK"
2025-05-21 16:40:22,943 [INFO] HTTP Request: POST https://generativelanguage.googleapis.com/v1beta/models/text-embedding-004:batchEmbedContents "HTTP/1.1 200 OK"
2025-05-21 16:40:23,333 [INFO] HTTP Request: POST https://generativelanguage.googleapis.com/v1beta/models/text-embedding-004:batchEmbedContents "HTTP/1.1 200 OK"
2025-05-21 16:40:23,748 [INFO] HTTP Request: POST https://generativelanguage.googleapis.com/v1beta/models/text-embedding-004:batchEmbedContents "HTTP/1.1 200 OK"
2025-05-21 16:40:24,157 [INFO] HTTP Request: POST https://generativelanguage.googleapis.com/v1beta/models/text-embedding-004:batchEmbedContents "HTTP/1.1 200 OK"
2025-05-21 16:40:24,555 [INFO] HTTP Request: POST https://generativelanguage.googleapis.com/v1beta/models/text-embedding-004:batchEmbedContents "HTTP/1.1 200 OK"
2025-05-21 16:40:24,941 [INFO] HTTP Request: POST https://generativelanguage.googleapis.com/v1beta/models/text-embedding-004:batchEmbedContents "HTTP/1.1 200 OK"
2025-05-21 16:40:25,334 [INFO] HTTP Request: POST https://generativelanguage.googleapis.com/v1beta/models/text-embedding-004:batchEmbedContents "HTTP/1.1 200 OK"
2025-05-21 16:40:25,744 [INFO] HTTP Request: POST https://generativelanguage.googleapis.com/v1beta/models/text-embedding-004:batchEmbedContents "HTTP/1.1 200 OK"
2025-05-21 16:40:26,142 [INFO] HTTP Request: POST https://generativelanguage.googleapis.com/v1beta/models/text-embedding-004:batchEmbedContents "HTTP/1.1 200 OK"
2025-05-21 16:40:26,520 [INFO] HTTP Request: POST https://generativelanguage.googleapis.com/v1beta/models/text-embedding-004:batchEmbedContents "HTTP/1.1 200 OK"
2025-05-21 16:40:26,982 [INFO] HTTP Request: POST https://generativelanguage.googleapis.com/v1beta/models/text-embedding-004:batchEmbedContents "HTTP/1.1 200 OK"
2025-05-21 16:40:27,370 [INFO] HTTP Request: POST https://generativelanguage.googleapis.com/v1beta/models/text-embedding-004:batchEmbedContents "HTTP/1.1 200 OK"
2025-05-21 16:40:27,738 [INFO] HTTP Request: POST https://generativelanguage.googleapis.com/v1beta/models/text-embedding-004:batchEmbedContents "HTTP/1.1 200 OK"
2025-05-21 16:40:28,119 [INFO] HTTP Request: POST https://generativelanguage.googleapis.com/v1beta/models/text-embedding-004:batchEmbedContents "HTTP/1.1 200 OK"
2025-05-21 16:40:28,511 [INFO] HTTP Request: POST https://generativelanguage.googleapis.com/v1beta/models/text-embedding-004:batchEmbedContents "HTTP/1.1 200 OK"
2025-05-21 16:40:28,881 [INFO] HTTP Request: POST https://generativelanguage.googleapis.com/v1beta/models/text-embedding-004:batchEmbedContents "HTTP/1.1 200 OK"
2025-05-21 16:40:29,281 [INFO] HTTP Request: POST https://generativelanguage.googleapis.com/v1beta/models/text-embedding-004:batchEmbedContents "HTTP/1.1 200 OK"
2025-05-21 16:40:29,695 [INFO] HTTP Request: POST https://generativelanguage.googleapis.com/v1beta/models/text-embedding-004:batchEmbedContents "HTTP/1.1 200 OK"
2025-05-21 16:40:30,081 [INFO] HTTP Request: POST https://generativelanguage.googleapis.com/v1beta/models/text-embedding-004:batchEmbedContents "HTTP/1.1 200 OK"
2025-05-21 16:40:30,483 [INFO] HTTP Request: POST https://generativelanguage.googleapis.com/v1beta/models/text-embedding-004:batchEmbedContents "HTTP/1.1 200 OK"
2025-05-21 16:40:30,881 [INFO] HTTP Request: POST https://generativelanguage.googleapis.com/v1beta/models/text-embedding-004:batchEmbedContents "HTTP/1.1 200 OK"
2025-05-21 16:40:31,288 [INFO] HTTP Request: POST https://generativelanguage.googleapis.com/v1beta/models/text-embedding-004:batchEmbedContents "HTTP/1.1 200 OK"
2025-05-21 16:40:31,691 [INFO] HTTP Request: POST https://generativelanguage.googleapis.com/v1beta/models/text-embedding-004:batchEmbedContents "HTTP/1.1 200 OK"
2025-05-21 16:40:32,106 [INFO] HTTP Request: POST https://generativelanguage.googleapis.com/v1beta/models/text-embedding-004:batchEmbedContents "HTTP/1.1 200 OK"
2025-05-21 16:40:32,481 [INFO] HTTP Request: POST https://generativelanguage.googleapis.com/v1beta/models/text-embedding-004:batchEmbedContents "HTTP/1.1 200 OK"
2025-05-21 16:40:32,893 [INFO] HTTP Request: POST https://generativelanguage.googleapis.com/v1beta/models/text-embedding-004:batchEmbedContents "HTTP/1.1 200 OK"
2025-05-21 16:40:33,319 [INFO] HTTP Request: POST https://generativelanguage.googleapis.com/v1beta/models/text-embedding-004:batchEmbedContents "HTTP/1.1 200 OK"
2025-05-21 16:40:33,730 [INFO] HTTP Request: POST https://generativelanguage.googleapis.com/v1beta/models/text-embedding-004:batchEmbedContents "HTTP/1.1 200 OK"
2025-05-21 16:40:34,119 [INFO] HTTP Request: POST https://generativelanguage.googleapis.com/v1beta/models/text-embedding-004:batchEmbedContents "HTTP/1.1 200 OK"
2025-05-21 16:40:34,497 [INFO] HTTP Request: POST https://generativelanguage.googleapis.com/v1beta/models/text-embedding-004:batchEmbedContents "HTTP/1.1 200 OK"
2025-05-21 16:40:34,887 [INFO] HTTP Request: POST https://generativelanguage.googleapis.com/v1beta/models/text-embedding-004:batchEmbedContents "HTTP/1.1 200 OK"
2025-05-21 16:40:35,300 [INFO] HTTP Request: POST https://generativelanguage.googleapis.com/v1beta/models/text-embedding-004:batchEmbedContents "HTTP/1.1 200 OK"
2025-05-21 16:40:35,667 [INFO] HTTP Request: POST https://generativelanguage.googleapis.com/v1beta/models/text-embedding-004:batchEmbedContents "HTTP/1.1 200 OK"
2025-05-21 16:40:36,062 [INFO] HTTP Request: POST https://generativelanguage.googleapis.com/v1beta/models/text-embedding-004:batchEmbedContents "HTTP/1.1 200 OK"
2025-05-21 16:40:36,432 [INFO] HTTP Request: POST https://generativelanguage.googleapis.com/v1beta/models/text-embedding-004:batchEmbedContents "HTTP/1.1 200 OK"
2025-05-21 16:40:36,811 [INFO] HTTP Request: POST https://generativelanguage.googleapis.com/v1beta/models/text-embedding-004:batchEmbedContents "HTTP/1.1 200 OK"
2025-05-21 16:40:37,223 [INFO] HTTP Request: POST https://generativelanguage.googleapis.com/v1beta/models/text-embedding-004:batchEmbedContents "HTTP/1.1 200 OK"
2025-05-21 16:40:37,597 [INFO] HTTP Request: POST https://generativelanguage.googleapis.com/v1beta/models/text-embedding-004:batchEmbedContents "HTTP/1.1 200 OK"
2025-05-21 16:40:38,157 [INFO] HTTP Request: POST https://generativelanguage.googleapis.com/v1beta/models/text-embedding-004:batchEmbedContents "HTTP/1.1 200 OK"
2025-05-21 16:40:38,575 [INFO] HTTP Request: POST https://generativelanguage.googleapis.com/v1beta/models/text-embedding-004:batchEmbedContents "HTTP/1.1 200 OK"
2025-05-21 16:40:38,957 [INFO] HTTP Request: POST https://generativelanguage.googleapis.com/v1beta/models/text-embedding-004:batchEmbedContents "HTTP/1.1 200 OK"
2025-05-21 16:40:39,336 [INFO] HTTP Request: POST https://generativelanguage.googleapis.com/v1beta/models/text-embedding-004:batchEmbedContents "HTTP/1.1 200 OK"
2025-05-21 16:40:39,764 [INFO] HTTP Request: POST https://generativelanguage.googleapis.com/v1beta/models/text-embedding-004:batchEmbedContents "HTTP/1.1 200 OK"
2025-05-21 16:40:40,174 [INFO] HTTP Request: POST https://generativelanguage.googleapis.com/v1beta/models/text-embedding-004:batchEmbedContents "HTTP/1.1 200 OK"
2025-05-21 16:40:40,573 [INFO] HTTP Request: POST https://generativelanguage.googleapis.com/v1beta/models/text-embedding-004:batchEmbedContents "HTTP/1.1 200 OK"
2025-05-21 16:40:40,967 [INFO] HTTP Request: POST https://generativelanguage.googleapis.com/v1beta/models/text-embedding-004:batchEmbedContents "HTTP/1.1 200 OK"
2025-05-21 16:40:41,374 [INFO] HTTP Request: POST https://generativelanguage.googleapis.com/v1beta/models/text-embedding-004:batchEmbedContents "HTTP/1.1 200 OK"
2025-05-21 16:40:41,759 [INFO] HTTP Request: POST https://generativelanguage.googleapis.com/v1beta/models/text-embedding-004:batchEmbedContents "HTTP/1.1 200 OK"
2025-05-21 16:40:42,164 [INFO] HTTP Request: POST https://generativelanguage.googleapis.com/v1beta/models/text-embedding-004:batchEmbedContents "HTTP/1.1 200 OK"
2025-05-21 16:40:42,553 [INFO] HTTP Request: POST https://generativelanguage.googleapis.com/v1beta/models/text-embedding-004:batchEmbedContents "HTTP/1.1 200 OK"
2025-05-21 16:40:42,944 [INFO] HTTP Request: POST https://generativelanguage.googleapis.com/v1beta/models/text-embedding-004:batchEmbedContents "HTTP/1.1 200 OK"
2025-05-21 16:40:43,395 [INFO] HTTP Request: POST https://generativelanguage.googleapis.com/v1beta/models/text-embedding-004:batchEmbedContents "HTTP/1.1 200 OK"
2025-05-21 16:40:43,787 [INFO] HTTP Request: POST https://generativelanguage.googleapis.com/v1beta/models/text-embedding-004:batchEmbedContents "HTTP/1.1 200 OK"
2025-05-21 16:40:44,211 [INFO] HTTP Request: POST https://generativelanguage.googleapis.com/v1beta/models/text-embedding-004:batchEmbedContents "HTTP/1.1 200 OK"
2025-05-21 16:40:44,598 [INFO] HTTP Request: POST https://generativelanguage.googleapis.com/v1beta/models/text-embedding-004:batchEmbedContents "HTTP/1.1 200 OK"
2025-05-21 16:40:45,064 [INFO] HTTP Request: POST https://generativelanguage.googleapis.com/v1beta/models/text-embedding-004:batchEmbedContents "HTTP/1.1 200 OK"
2025-05-21 16:40:45,611 [INFO] HTTP Request: POST https://generativelanguage.googleapis.com/v1beta/models/text-embedding-004:batchEmbedContents "HTTP/1.1 200 OK"
2025-05-21 16:40:46,007 [INFO] HTTP Request: POST https://generativelanguage.googleapis.com/v1beta/models/text-embedding-004:batchEmbedContents "HTTP/1.1 200 OK"
2025-05-21 16:40:46,411 [INFO] HTTP Request: POST https://generativelanguage.googleapis.com/v1beta/models/text-embedding-004:batchEmbedContents "HTTP/1.1 200 OK"
2025-05-21 16:41:14,085 [INFO] HTTP Request: POST https://generativelanguage.googleapis.com/v1beta/models/text-embedding-004:batchEmbedContents "HTTP/1.1 200 OK"
2025-05-21 16:41:14,488 [INFO] HTTP Request: POST https://generativelanguage.googleapis.com/v1beta/models/text-embedding-004:batchEmbedContents "HTTP/1.1 200 OK"
2025-05-21 16:41:14,894 [INFO] HTTP Request: POST https://generativelanguage.googleapis.com/v1beta/models/text-embedding-004:batchEmbedContents "HTTP/1.1 200 OK"
2025-05-21 16:41:15,267 [INFO] HTTP Request: POST https://generativelanguage.googleapis.com/v1beta/models/text-embedding-004:batchEmbedContents "HTTP/1.1 200 OK"
2025-05-21 16:41:15,648 [INFO] HTTP Request: POST https://generativelanguage.googleapis.com/v1beta/models/text-embedding-004:batchEmbedContents "HTTP/1.1 200 OK"
2025-05-21 16:41:16,050 [INFO] HTTP Request: POST https://generativelanguage.googleapis.com/v1beta/models/text-embedding-004:batchEmbedContents "HTTP/1.1 200 OK"
2025-05-21 16:41:16,463 [INFO] HTTP Request: POST https://generativelanguage.googleapis.com/v1beta/models/text-embedding-004:batchEmbedContents "HTTP/1.1 200 OK"
2025-05-21 16:41:16,859 [INFO] HTTP Request: POST https://generativelanguage.googleapis.com/v1beta/models/text-embedding-004:batchEmbedContents "HTTP/1.1 200 OK"
2025-05-21 16:41:17,249 [INFO] HTTP Request: POST https://generativelanguage.googleapis.com/v1beta/models/text-embedding-004:batchEmbedContents "HTTP/1.1 200 OK"
2025-05-21 16:41:17,625 [INFO] HTTP Request: POST https://generativelanguage.googleapis.com/v1beta/models/text-embedding-004:batchEmbedContents "HTTP/1.1 200 OK"
2025-05-21 16:41:18,029 [INFO] HTTP Request: POST https://generativelanguage.googleapis.com/v1beta/models/text-embedding-004:batchEmbedContents "HTTP/1.1 200 OK"
2025-05-21 16:41:18,402 [INFO] HTTP Request: POST https://generativelanguage.googleapis.com/v1beta/models/text-embedding-004:batchEmbedContents "HTTP/1.1 200 OK"
2025-05-21 16:41:18,808 [INFO] HTTP Request: POST https://generativelanguage.googleapis.com/v1beta/models/text-embedding-004:batchEmbedContents "HTTP/1.1 200 OK"
2025-05-21 16:41:19,213 [INFO] HTTP Request: POST https://generativelanguage.googleapis.com/v1beta/models/text-embedding-004:batchEmbedContents "HTTP/1.1 200 OK"
2025-05-21 16:41:19,622 [INFO] HTTP Request: POST https://generativelanguage.googleapis.com/v1beta/models/text-embedding-004:batchEmbedContents "HTTP/1.1 200 OK"
2025-05-21 16:41:20,010 [INFO] HTTP Request: POST https://generativelanguage.googleapis.com/v1beta/models/text-embedding-004:batchEmbedContents "HTTP/1.1 200 OK"
2025-05-21 16:41:20,414 [INFO] HTTP Request: POST https://generativelanguage.googleapis.com/v1beta/models/text-embedding-004:batchEmbedContents "HTTP/1.1 200 OK"
2025-05-21 16:41:20,780 [INFO] HTTP Request: POST https://generativelanguage.googleapis.com/v1beta/models/text-embedding-004:batchEmbedContents "HTTP/1.1 200 OK"
2025-05-21 16:41:21,286 [INFO] HTTP Request: POST https://generativelanguage.googleapis.com/v1beta/models/text-embedding-004:batchEmbedContents "HTTP/1.1 200 OK"
2025-05-21 16:41:21,675 [INFO] HTTP Request: POST https://generativelanguage.googleapis.com/v1beta/models/text-embedding-004:batchEmbedContents "HTTP/1.1 200 OK"
2025-05-21 16:41:22,093 [INFO] HTTP Request: POST https://generativelanguage.googleapis.com/v1beta/models/text-embedding-004:batchEmbedContents "HTTP/1.1 200 OK"
2025-05-21 16:41:22,488 [INFO] HTTP Request: POST https://generativelanguage.googleapis.com/v1beta/models/text-embedding-004:batchEmbedContents "HTTP/1.1 200 OK"
2025-05-21 16:41:22,874 [INFO] HTTP Request: POST https://generativelanguage.googleapis.com/v1beta/models/text-embedding-004:batchEmbedContents "HTTP/1.1 200 OK"
2025-05-21 16:41:23,245 [INFO] HTTP Request: POST https://generativelanguage.googleapis.com/v1beta/models/text-embedding-004:batchEmbedContents "HTTP/1.1 200 OK"
2025-05-21 16:41:23,670 [INFO] HTTP Request: POST https://generativelanguage.googleapis.com/v1beta/models/text-embedding-004:batchEmbedContents "HTTP/1.1 200 OK"
2025-05-21 16:41:24,170 [INFO] HTTP Request: POST https://generativelanguage.googleapis.com/v1beta/models/text-embedding-004:batchEmbedContents "HTTP/1.1 200 OK"
2025-05-21 16:41:24,850 [INFO] HTTP Request: POST https://generativelanguage.googleapis.com/v1beta/models/text-embedding-004:batchEmbedContents "HTTP/1.1 200 OK"
2025-05-21 16:41:25,448 [INFO] HTTP Request: POST https://generativelanguage.googleapis.com/v1beta/models/text-embedding-004:batchEmbedContents "HTTP/1.1 200 OK"
2025-05-21 16:41:26,138 [INFO] HTTP Request: POST https://generativelanguage.googleapis.com/v1beta/models/text-embedding-004:batchEmbedContents "HTTP/1.1 200 OK"
2025-05-21 16:41:26,837 [INFO] HTTP Request: POST https://generativelanguage.googleapis.com/v1beta/models/text-embedding-004:batchEmbedContents "HTTP/1.1 200 OK"
2025-05-21 16:41:27,501 [INFO] HTTP Request: POST https://generativelanguage.googleapis.com/v1beta/models/text-embedding-004:batchEmbedContents "HTTP/1.1 200 OK"
2025-05-21 16:41:28,302 [INFO] HTTP Request: POST https://generativelanguage.googleapis.com/v1beta/models/text-embedding-004:batchEmbedContents "HTTP/1.1 200 OK"
2025-05-21 16:41:28,716 [INFO] HTTP Request: POST https://generativelanguage.googleapis.com/v1beta/models/text-embedding-004:batchEmbedContents "HTTP/1.1 200 OK"
2025-05-21 16:41:29,195 [INFO] HTTP Request: POST https://generativelanguage.googleapis.com/v1beta/models/text-embedding-004:batchEmbedContents "HTTP/1.1 200 OK"
2025-05-21 16:41:29,768 [INFO] HTTP Request: POST https://generativelanguage.googleapis.com/v1beta/models/text-embedding-004:batchEmbedContents "HTTP/1.1 200 OK"
2025-05-21 16:41:30,549 [INFO] HTTP Request: POST https://generativelanguage.googleapis.com/v1beta/models/text-embedding-004:batchEmbedContents "HTTP/1.1 200 OK"
2025-05-21 16:41:31,041 [INFO] HTTP Request: POST https://generativelanguage.googleapis.com/v1beta/models/text-embedding-004:batchEmbedContents "HTTP/1.1 200 OK"
2025-05-21 16:41:31,594 [INFO] HTTP Request: POST https://generativelanguage.googleapis.com/v1beta/models/text-embedding-004:batchEmbedContents "HTTP/1.1 200 OK"
2025-05-21 16:41:32,039 [INFO] HTTP Request: POST https://generativelanguage.googleapis.com/v1beta/models/text-embedding-004:batchEmbedContents "HTTP/1.1 200 OK"
2025-05-21 16:41:32,666 [INFO] HTTP Request: POST https://generativelanguage.googleapis.com/v1beta/models/text-embedding-004:batchEmbedContents "HTTP/1.1 200 OK"
2025-05-21 16:41:33,267 [INFO] HTTP Request: POST https://generativelanguage.googleapis.com/v1beta/models/text-embedding-004:batchEmbedContents "HTTP/1.1 200 OK"
2025-05-21 16:41:33,703 [INFO] HTTP Request: POST https://generativelanguage.googleapis.com/v1beta/models/text-embedding-004:batchEmbedContents "HTTP/1.1 200 OK"
2025-05-21 16:41:34,116 [INFO] HTTP Request: POST https://generativelanguage.googleapis.com/v1beta/models/text-embedding-004:batchEmbedContents "HTTP/1.1 200 OK"
2025-05-21 16:41:34,513 [INFO] HTTP Request: POST https://generativelanguage.googleapis.com/v1beta/models/text-embedding-004:batchEmbedContents "HTTP/1.1 200 OK"
2025-05-21 16:41:34,937 [INFO] HTTP Request: POST https://generativelanguage.googleapis.com/v1beta/models/text-embedding-004:batchEmbedContents "HTTP/1.1 200 OK"
2025-05-21 16:41:35,381 [INFO] HTTP Request: POST https://generativelanguage.googleapis.com/v1beta/models/text-embedding-004:batchEmbedContents "HTTP/1.1 200 OK"
2025-05-21 16:41:35,768 [INFO] HTTP Request: POST https://generativelanguage.googleapis.com/v1beta/models/text-embedding-004:batchEmbedContents "HTTP/1.1 200 OK"
2025-05-21 16:41:36,167 [INFO] HTTP Request: POST https://generativelanguage.googleapis.com/v1beta/models/text-embedding-004:batchEmbedContents "HTTP/1.1 200 OK"
2025-05-21 16:41:36,554 [INFO] HTTP Request: POST https://generativelanguage.googleapis.com/v1beta/models/text-embedding-004:batchEmbedContents "HTTP/1.1 200 OK"
2025-05-21 16:41:36,980 [INFO] HTTP Request: POST https://generativelanguage.googleapis.com/v1beta/models/text-embedding-004:batchEmbedContents "HTTP/1.1 200 OK"
2025-05-21 16:41:37,416 [INFO] HTTP Request: POST https://generativelanguage.googleapis.com/v1beta/models/text-embedding-004:batchEmbedContents "HTTP/1.1 200 OK"
2025-05-21 16:41:37,857 [INFO] HTTP Request: POST https://generativelanguage.googleapis.com/v1beta/models/text-embedding-004:batchEmbedContents "HTTP/1.1 200 OK"
2025-05-21 16:41:38,265 [INFO] HTTP Request: POST https://generativelanguage.googleapis.com/v1beta/models/text-embedding-004:batchEmbedContents "HTTP/1.1 200 OK"
2025-05-21 16:41:38,660 [INFO] HTTP Request: POST https://generativelanguage.googleapis.com/v1beta/models/text-embedding-004:batchEmbedContents "HTTP/1.1 200 OK"
2025-05-21 16:41:39,035 [INFO] HTTP Request: POST https://generativelanguage.googleapis.com/v1beta/models/text-embedding-004:batchEmbedContents "HTTP/1.1 200 OK"
2025-05-21 16:41:39,429 [INFO] HTTP Request: POST https://generativelanguage.googleapis.com/v1beta/models/text-embedding-004:batchEmbedContents "HTTP/1.1 200 OK"
2025-05-21 16:41:39,835 [INFO] HTTP Request: POST https://generativelanguage.googleapis.com/v1beta/models/text-embedding-004:batchEmbedContents "HTTP/1.1 200 OK"
2025-05-21 16:41:40,281 [INFO] HTTP Request: POST https://generativelanguage.googleapis.com/v1beta/models/text-embedding-004:batchEmbedContents "HTTP/1.1 200 OK"
2025-05-21 16:41:40,678 [INFO] HTTP Request: POST https://generativelanguage.googleapis.com/v1beta/models/text-embedding-004:batchEmbedContents "HTTP/1.1 200 OK"
2025-05-21 16:41:41,056 [INFO] HTTP Request: POST https://generativelanguage.googleapis.com/v1beta/models/text-embedding-004:batchEmbedContents "HTTP/1.1 200 OK"
2025-05-21 16:41:41,451 [INFO] HTTP Request: POST https://generativelanguage.googleapis.com/v1beta/models/text-embedding-004:batchEmbedContents "HTTP/1.1 200 OK"
2025-05-21 16:41:41,940 [INFO] HTTP Request: POST https://generativelanguage.googleapis.com/v1beta/models/text-embedding-004:batchEmbedContents "HTTP/1.1 200 OK"
2025-05-21 16:41:42,356 [INFO] HTTP Request: POST https://generativelanguage.googleapis.com/v1beta/models/text-embedding-004:batchEmbedContents "HTTP/1.1 200 OK"
2025-05-21 16:41:42,736 [INFO] HTTP Request: POST https://generativelanguage.googleapis.com/v1beta/models/text-embedding-004:batchEmbedContents "HTTP/1.1 200 OK"
2025-05-21 16:41:43,125 [INFO] HTTP Request: POST https://generativelanguage.googleapis.com/v1beta/models/text-embedding-004:batchEmbedContents "HTTP/1.1 200 OK"
2025-05-21 16:41:43,508 [INFO] HTTP Request: POST https://generativelanguage.googleapis.com/v1beta/models/text-embedding-004:batchEmbedContents "HTTP/1.1 200 OK"
2025-05-21 16:41:43,946 [INFO] HTTP Request: POST https://generativelanguage.googleapis.com/v1beta/models/text-embedding-004:batchEmbedContents "HTTP/1.1 200 OK"
2025-05-21 16:41:44,329 [INFO] HTTP Request: POST https://generativelanguage.googleapis.com/v1beta/models/text-embedding-004:batchEmbedContents "HTTP/1.1 200 OK"
2025-05-21 16:41:44,719 [INFO] HTTP Request: POST https://generativelanguage.googleapis.com/v1beta/models/text-embedding-004:batchEmbedContents "HTTP/1.1 200 OK"
2025-05-21 16:41:45,143 [INFO] HTTP Request: POST https://generativelanguage.googleapis.com/v1beta/models/text-embedding-004:batchEmbedContents "HTTP/1.1 200 OK"
2025-05-21 16:41:45,526 [INFO] HTTP Request: POST https://generativelanguage.googleapis.com/v1beta/models/text-embedding-004:batchEmbedContents "HTTP/1.1 200 OK"
2025-05-21 16:41:45,929 [INFO] HTTP Request: POST https://generativelanguage.googleapis.com/v1beta/models/text-embedding-004:batchEmbedContents "HTTP/1.1 200 OK"
2025-05-21 16:41:46,503 [INFO] HTTP Request: POST https://generativelanguage.googleapis.com/v1beta/models/text-embedding-004:batchEmbedContents "HTTP/1.1 200 OK"
2025-05-21 16:41:46,910 [INFO] HTTP Request: POST https://generativelanguage.googleapis.com/v1beta/models/text-embedding-004:batchEmbedContents "HTTP/1.1 200 OK"
2025-05-21 16:41:47,330 [INFO] HTTP Request: POST https://generativelanguage.googleapis.com/v1beta/models/text-embedding-004:batchEmbedContents "HTTP/1.1 200 OK"
2025-05-21 16:41:47,774 [INFO] HTTP Request: POST https://generativelanguage.googleapis.com/v1beta/models/text-embedding-004:batchEmbedContents "HTTP/1.1 200 OK"
2025-05-21 16:41:48,185 [INFO] HTTP Request: POST https://generativelanguage.googleapis.com/v1beta/models/text-embedding-004:batchEmbedContents "HTTP/1.1 200 OK"
2025-05-21 16:41:48,599 [INFO] HTTP Request: POST https://generativelanguage.googleapis.com/v1beta/models/text-embedding-004:batchEmbedContents "HTTP/1.1 200 OK"
2025-05-21 16:41:49,034 [INFO] HTTP Request: POST https://generativelanguage.googleapis.com/v1beta/models/text-embedding-004:batchEmbedContents "HTTP/1.1 200 OK"
2025-05-21 16:41:49,519 [INFO] HTTP Request: POST https://generativelanguage.googleapis.com/v1beta/models/text-embedding-004:batchEmbedContents "HTTP/1.1 200 OK"
2025-05-21 16:41:50,033 [INFO] HTTP Request: POST https://generativelanguage.googleapis.com/v1beta/models/text-embedding-004:batchEmbedContents "HTTP/1.1 200 OK"
2025-05-21 16:41:50,504 [INFO] HTTP Request: POST https://generativelanguage.googleapis.com/v1beta/models/text-embedding-004:batchEmbedContents "HTTP/1.1 200 OK"
2025-05-21 16:41:51,092 [INFO] HTTP Request: POST https://generativelanguage.googleapis.com/v1beta/models/text-embedding-004:batchEmbedContents "HTTP/1.1 200 OK"
2025-05-21 16:41:52,121 [INFO] HTTP Request: POST https://generativelanguage.googleapis.com/v1beta/models/text-embedding-004:batchEmbedContents "HTTP/1.1 200 OK"
2025-05-21 16:41:53,229 [INFO] HTTP Request: POST https://generativelanguage.googleapis.com/v1beta/models/text-embedding-004:batchEmbedContents "HTTP/1.1 200 OK"
2025-05-21 16:41:54,569 [INFO] HTTP Request: POST https://generativelanguage.googleapis.com/v1beta/models/text-embedding-004:batchEmbedContents "HTTP/1.1 200 OK"
2025-05-21 16:41:55,186 [INFO] HTTP Request: POST https://generativelanguage.googleapis.com/v1beta/models/text-embedding-004:batchEmbedContents "HTTP/1.1 200 OK"
2025-05-21 16:41:55,627 [INFO] HTTP Request: POST https://generativelanguage.googleapis.com/v1beta/models/text-embedding-004:batchEmbedContents "HTTP/1.1 200 OK"
2025-05-21 16:41:56,125 [INFO] HTTP Request: POST https://generativelanguage.googleapis.com/v1beta/models/text-embedding-004:batchEmbedContents "HTTP/1.1 200 OK"
2025-05-21 16:41:56,587 [INFO] HTTP Request: POST https://generativelanguage.googleapis.com/v1beta/models/text-embedding-004:batchEmbedContents "HTTP/1.1 200 OK"
2025-05-21 16:41:57,558 [INFO] HTTP Request: POST https://generativelanguage.googleapis.com/v1beta/models/text-embedding-004:batchEmbedContents "HTTP/1.1 200 OK"
2025-05-21 16:41:58,016 [INFO] HTTP Request: POST https://generativelanguage.googleapis.com/v1beta/models/text-embedding-004:batchEmbedContents "HTTP/1.1 200 OK"
2025-05-21 16:41:58,490 [INFO] HTTP Request: POST https://generativelanguage.googleapis.com/v1beta/models/text-embedding-004:batchEmbedContents "HTTP/1.1 200 OK"
2025-05-21 16:41:58,973 [INFO] HTTP Request: POST https://generativelanguage.googleapis.com/v1beta/models/text-embedding-004:batchEmbedContents "HTTP/1.1 200 OK"
2025-05-21 16:41:59,412 [INFO] HTTP Request: POST https://generativelanguage.googleapis.com/v1beta/models/text-embedding-004:batchEmbedContents "HTTP/1.1 200 OK"
2025-05-21 16:42:00,364 [INFO] HTTP Request: POST https://generativelanguage.googleapis.com/v1beta/models/text-embedding-004:batchEmbedContents "HTTP/1.1 200 OK"
2025-05-21 16:42:01,493 [INFO] HTTP Request: POST https://generativelanguage.googleapis.com/v1beta/models/text-embedding-004:batchEmbedContents "HTTP/1.1 200 OK"
2025-05-21 16:42:02,359 [INFO] HTTP Request: POST https://generativelanguage.googleapis.com/v1beta/models/text-embedding-004:batchEmbedContents "HTTP/1.1 200 OK"
2025-05-21 16:42:03,055 [INFO] HTTP Request: POST https://generativelanguage.googleapis.com/v1beta/models/text-embedding-004:batchEmbedContents "HTTP/1.1 200 OK"
2025-05-21 16:42:03,432 [INFO] HTTP Request: POST https://generativelanguage.googleapis.com/v1beta/models/text-embedding-004:batchEmbedContents "HTTP/1.1 200 OK"
2025-05-21 16:42:29,287 [INFO] Loaded quality_logs.csv with 3600 records.
2025-05-21 16:42:29,338 [ERROR] Failed to process quality_logs.csv | Error: 'audit_id'
2025-05-21 16:42:29,381 [INFO] Loaded delivery_performance.csv with 3600 records.
2025-05-21 16:42:29,388 [ERROR] Failed to process delivery_performance.csv | Error: 'audit_id'
2025-05-21 16:42:29,445 [INFO] Loaded public_risk_indicators.csv with 1200 records.
2025-05-21 16:42:29,447 [ERROR] Failed to process public_risk_indicators.csv | Error: 'audit_id'
2025-05-21 16:42:29,451 [INFO] Data ingestion completed successfully.
